Season,Rank,Team,Record,Rating,Hi,Lo,Last
2006-07,1,"Florida",13-1,6.3,1,83,1
2006-07,2,"USC",11-2,5.3,1,105,2
2006-07,3,"Tennessee",9-4,4.8,1,73,3
2006-07,4,"Arkansas",10-4,4.5,4,62,4
2006-07,5,"Michigan",11-2,4.3,2,78,5
2006-07,6,"LSU",11-2,4.2,3,104,6
2006-07,7,"Oklahoma",11-3,3.9,5,67,7
2006-07,8,"Ohio St",12-1,3.7,1,80,8
2006-07,9,"California",10-3,3.5,2,86,9
2006-07,10,"Oregon",7-6,3.4,3,107,10
2006-07,11,"Stanford",1-11,3.2,2,89,11
2006-07,12,"Oregon St",10-4,3.0,12,116,12
2006-07,13,"Arizona",6-6,2.9,6,102,13
2006-07,14,"Louisville",12-1,2.9,4,87,14
2006-07,15,"Nebraska",9-5,2.9,6,112,15
2006-07,16,"UCLA",7-6,2.9,13,106,16
2006-07,17,"Auburn",11-2,2.8,10,82,17
2006-07,18,"South Carolina",8-5,2.7,18,113,18
2006-07,19,"Texas",10-3,2.7,1,93,19
2006-07,20,"Rutgers",11-2,2.5,14,116,20
2006-07,21,"Arizona St",7-6,2.5,13,119,21
2006-07,22,"West Virginia",11-2,2.3,11,115,22
2006-07,23,"Alabama",6-7,2.3,20,70,23
2006-07,24,"Kentucky",8-5,2.2,8,67,24
2006-07,25,"Washington",5-7,2.2,7,88,25
2006-07,26,"Cincinnati",8-5,2.0,9,118,26
2006-07,27,"Notre Dame",10-3,2.0,5,52,27
2006-07,28,"BYU",11-2,1.9,22,93,28
2006-07,29,"Oklahoma St",7-6,1.7,16,116,29
2006-07,30,"Syracuse",4-8,1.7,9,117,30
2006-07,31,"Boston College",10-3,1.6,5,113,31
2006-07,32,"Georgia",9-4,1.5,24,110,32
2006-07,33,"Washington St",6-6,1.5,6,103,33
2006-07,34,"Texas Tech",8-5,1.3,19,86,34
2006-07,35,"Minnesota",6-7,1.3,1,112,35
2006-07,36,"Penn St",9-4,1.0,14,88,36
2006-07,37,"Texas A&M",9-4,1.0,30,117,37
2006-07,38,"Boise St",13-0,1.0,15,113,38
2006-07,39,"Clemson",8-5,0.7,12,109,39
2006-07,40,"Pittsburgh",6-6,0.6,36,112,40
2006-07,41,"Wake Forest",11-3,0.5,41,112,41
2006-07,42,"Vanderbilt",4-8,0.4,6,76,42
2006-07,43,"Georgia Tech",9-5,0.2,38,113,43
2006-07,44,"Virginia Tech",10-3,0.2,33,118,44
2006-07,45,"Missouri",8-5,0.0,25,115,45
2006-07,46,"Florida St",7-6,-0.1,24,95,46
2006-07,47,"S Florida",9-4,-0.2,40,118,47
2006-07,48,"Iowa",6-7,-0.3,25,112,48
2006-07,49,"Mississippi St",3-9,-0.4,8,84,49
2006-07,50,"Utah",8-5,-0.4,13,78,50
2006-07,51,"Air Force",4-8,-0.5,1,81,51
2006-07,52,"Kansas St",7-6,-0.7,40,118,52
2006-07,53,"UConn",4-8,-0.7,46,119,53
2006-07,54,"Mississippi",4-8,-0.8,27,76,54
2006-07,55,"Miami",7-6,-0.8,19,108,55
2006-07,56,"Maryland",9-4,-1.0,33,109,56
2006-07,57,"Wisconsin",12-1,-1.2,36,90,57
2006-07,58,"Iowa St",4-8,-1.2,7,104,58
2006-07,59,"Baylor",4-8,-1.5,43,98,59
2006-07,60,"Virginia",5-7,-1.6,4,94,60
2006-07,61,"Hawai'i",11-3,-1.6,4,65,61
2006-07,62,"Colorado",2-10,-1.6,37,107,62
2006-07,63,"Wyoming",6-6,-1.7,23,91,63
2006-07,64,"TCU",11-2,-1.7,23,75,64
2006-07,65,"NC State",3-9,-1.8,38,111,65
2006-07,66,"Michigan St",4-8,-1.9,19,106,66
2006-07,67,"Southern Miss",9-5,-2.0,9,77,67
2006-07,68,"Purdue",8-6,-2.1,44,117,68
2006-07,69,"North Carolina",3-9,-2.2,21,98,69
2006-07,70,"Indiana",5-7,-2.3,25,111,70
2006-07,71,"Tulsa",8-5,-2.3,21,118,71
2006-07,72,"Northwestern",4-8,-2.3,38,116,72
2006-07,73,"E Carolina",7-6,-2.4,29,77,73
2006-07,74,"Rice",7-6,-2.8,1,77,74
2006-07,75,"Kansas",6-6,-2.9,51,117,75
2006-07,76,"Colorado St",4-8,-2.9,68,115,76
2006-07,77,"Illinois",2-10,-3.1,40,116,77
2006-07,78,"Houston",10-4,-3.3,32,109,78
2006-07,79,"Nevada",8-5,-3.4,3,90,79
2006-07,80,"Fresno St",4-8,-3.8,15,110,80
2006-07,81,"New Mexico",6-7,-3.8,62,108,81
2006-07,82,"Tulane",4-8,-3.8,3,86,82
2006-07,83,"C Michigan",10-4,-4.1,9,107,83
2006-07,84,"UNLV",2-10,-4.1,62,107,84
2006-07,85,"W Michigan",8-5,-4.2,1,110,85
2006-07,86,"Duke",0-12,-4.2,68,109,86
2006-07,87,"Navy",9-4,-4.2,21,111,87
2006-07,88,"San Diego St",3-9,-4.3,12,108,88
2006-07,89,"UAB",3-9,-4.4,5,104,89
2006-07,90,"N Illinois",7-6,-4.5,4,105,90
2006-07,91,"E Michigan",1-11,-4.5,2,96,91
2006-07,92,"Temple",1-11,-4.5,3,111,92
2006-07,93,"Ohio",9-5,-4.7,7,119,93
2006-07,94,"Marshall",5-7,-4.8,6,100,94
2006-07,95,"Middle Tenn",7-6,-4.9,42,109,95
2006-07,96,"Miami OH",2-10,-5.4,6,99,96
2006-07,97,"UTEP",5-7,-5.5,5,109,97
2006-07,98,"UCF",4-8,-5.5,11,110,98
2006-07,99,"Akron",5-7,-5.7,12,101,99
2006-07,100,"Memphis",2-10,-5.9,31,116,100
2006-07,101,"Ball St",5-7,-6.1,2,117,101
2006-07,102,"Army",3-9,-6.1,25,109,102
2006-07,103,"San Jose St",9-4,-6.3,14,119,103
2006-07,104,"SMU",6-6,-6.3,7,111,104
2006-07,105,"Buffalo",2-10,-6.3,13,117,105
2006-07,106,"UL Monroe",4-8,-6.5,75,117,106
2006-07,107,"Utah St",1-11,-6.6,6,107,107
2006-07,108,"Toledo",5-7,-6.9,3,108,108
2006-07,109,"Troy",8-5,-7.3,40,117,109
2006-07,110,"Arkansas St",6-6,-7.5,24,117,110
2006-07,111,"Florida Atlantic",5-7,-8.0,2,119,111
2006-07,112,"Kent St",6-6,-8.2,1,117,112
2006-07,113,"Florida Intl",0-12,-8.2,4,118,113
2006-07,114,"Bowling Green",4-8,-8.5,8,114,114
2006-07,115,"Idaho",4-8,-8.6,4,118,115
2006-07,116,"N Texas",3-9,-8.9,1,118,116
2006-07,117,"New Mexico St",4-8,-9.0,83,119,117
2006-07,118,"Louisiana",6-6,-9.2,1,118,118
2006-07,119,"Louisiana Tech",3-10,-10.7,1,119,119
2007-08,1,"Oklahoma",11-3,8.2,1,72,1
2007-08,2,"Missouri",12-2,7.7,1,77,2
2007-08,3,"UCLA",6-7,7.5,2,65,3
2007-08,4,"West Virginia",11-2,7.4,3,82,4
2007-08,5,"Oregon St",9-4,7.2,2,47,5
2007-08,6,"Oregon",9-4,7.0,3,59,6
2007-08,7,"Washington",4-9,6.8,1,82,7
2007-08,8,"USC",11-2,6.8,1,97,8
2007-08,9,"LSU",12-2,6.5,2,85,9
2007-08,10,"Florida",9-4,6.4,2,110,10
2007-08,11,"Arizona",5-7,6.0,8,77,11
2007-08,12,"California",7-6,5.7,2,53,12
2007-08,13,"S Florida",9-4,5.6,8,108,13
2007-08,14,"Auburn",9-4,5.5,2,68,14
2007-08,15,"Tennessee",10-4,5.4,1,26,15
2007-08,16,"Arizona St",10-3,5.4,10,106,16
2007-08,17,"Georgia",11-2,5.1,11,58,17
2007-08,18,"Oklahoma St",7-6,5.0,7,39,18
2007-08,19,"South Carolina",6-6,4.7,6,93,19
2007-08,20,"Virginia Tech",11-3,4.6,7,67,20
2007-08,21,"Texas A&M",7-6,4.4,19,111,21
2007-08,22,"Ohio St",11-2,4.4,9,111,22
2007-08,23,"Nebraska",5-7,4.3,5,83,23
2007-08,24,"Kentucky",8-5,4.2,8,118,24
2007-08,25,"Louisville",6-6,4.0,2,112,25
2007-08,26,"Texas",10-3,4.0,8,89,26
2007-08,27,"Kansas",12-1,3.9,24,120,27
2007-08,28,"Washington St",5-7,3.9,5,68,28
2007-08,29,"Arkansas",8-5,3.5,7,99,29
2007-08,30,"Florida St",7-6,3.4,6,37,30
2007-08,31,"Michigan",9-4,3.3,14,105,31
2007-08,32,"Cincinnati",10-3,3.3,13,118,32
2007-08,33,"Colorado",6-7,3.2,4,60,33
2007-08,34,"Texas Tech",9-4,3.1,29,105,34
2007-08,35,"Stanford",4-8,2.7,6,92,35
2007-08,36,"Alabama",7-6,2.6,15,104,36
2007-08,37,"Maryland",6-7,2.5,32,120,37
2007-08,38,"Kansas St",5-7,2.4,5,89,38
2007-08,39,"Illinois",9-4,2.2,29,91,39
2007-08,40,"BYU",11-2,1.9,9,57,40
2007-08,41,"Clemson",9-4,1.8,21,96,41
2007-08,42,"Pittsburgh",5-7,1.6,37,120,42
2007-08,43,"Boston College",11-3,1.6,15,81,43
2007-08,44,"Penn St",9-4,1.4,33,114,44
2007-08,45,"Mississippi St",8-5,1.4,2,80,45
2007-08,46,"Notre Dame",3-9,1.4,2,48,46
2007-08,47,"UConn",9-4,1.1,41,120,47
2007-08,48,"Michigan St",7-6,1.1,43,97,48
2007-08,49,"Duke",1-11,1.0,23,106,49
2007-08,50,"Rutgers",8-5,0.8,27,117,50
2007-08,51,"Utah",9-4,0.8,5,56,51
2007-08,52,"Mississippi",3-9,0.7,13,69,52
2007-08,53,"Wisconsin",9-4,0.7,12,89,53
2007-08,54,"Vanderbilt",5-7,0.5,46,112,54
2007-08,55,"Syracuse",2-10,0.5,8,79,55
2007-08,56,"Wake Forest",9-4,0.3,4,70,56
2007-08,57,"Virginia",9-4,0.2,23,66,57
2007-08,58,"Georgia Tech",7-6,0.0,27,72,58
2007-08,59,"NC State",5-7,-0.6,38,80,59
2007-08,60,"Colorado St",3-9,-1.0,1,77,60
2007-08,61,"North Carolina",4-8,-1.1,39,118,61
2007-08,62,"TCU",8-5,-1.1,14,92,62
2007-08,63,"UNLV",2-10,-1.8,36,107,63
2007-08,64,"Miami",5-7,-1.8,14,81,64
2007-08,65,"Purdue",8-5,-2.0,40,111,65
2007-08,66,"Wyoming",5-7,-2.3,41,92,66
2007-08,67,"Indiana",7-6,-2.3,66,114,67
2007-08,68,"San Diego St",4-8,-2.3,6,99,68
2007-08,69,"Iowa St",3-9,-2.3,65,119,69
2007-08,70,"Air Force",9-4,-2.4,30,120,70
2007-08,71,"Minnesota",1-11,-3.2,25,96,71
2007-08,72,"New Mexico",9-4,-3.4,52,87,72
2007-08,73,"Iowa",6-6,-3.5,32,111,73
2007-08,74,"Troy",8-4,-3.6,2,89,74
2007-08,75,"Fresno St",9-4,-3.8,35,113,75
2007-08,76,"Baylor",3-9,-3.9,10,115,76
2007-08,77,"Boise St",10-3,-4.4,11,115,77
2007-08,78,"E Carolina",8-5,-4.5,9,83,78
2007-08,79,"UCF",10-4,-4.5,23,102,79
2007-08,80,"Northwestern",6-6,-4.9,66,119,80
2007-08,81,"Hawai'i",12-1,-5.2,28,119,81
2007-08,82,"Tulsa",10-4,-5.4,11,90,82
2007-08,83,"Houston",8-5,-5.6,1,86,83
2007-08,84,"Ball St",7-6,-6.3,64,101,84
2007-08,85,"Southern Miss",7-6,-6.6,47,111,85
2007-08,86,"Marshall",3-9,-6.9,5,92,86
2007-08,87,"Navy",8-5,-7.2,50,114,87
2007-08,88,"C Michigan",8-6,-7.4,17,107,88
2007-08,89,"Nevada",6-7,-7.9,6,106,89
2007-08,90,"Florida Atlantic",8-5,-7.9,68,110,90
2007-08,91,"Utah St",2-10,-8.1,60,117,91
2007-08,92,"UAB",2-10,-8.6,15,105,92
2007-08,93,"UTEP",4-8,-8.7,29,106,93
2007-08,94,"Louisiana Tech",5-7,-8.9,68,119,94
2007-08,95,"San Jose St",5-7,-8.9,7,109,95
2007-08,96,"Middle Tenn",5-7,-8.9,19,102,96
2007-08,97,"W Michigan",5-7,-8.9,1,100,97
2007-08,98,"Miami OH",6-7,-9.0,9,98,98
2007-08,99,"Army",3-9,-9.2,72,118,99
2007-08,100,"E Michigan",4-8,-9.5,24,112,100
2007-08,101,"Akron",4-8,-9.6,42,101,101
2007-08,102,"Bowling Green",8-5,-9.6,10,102,102
2007-08,103,"UL Monroe",6-6,-9.6,13,113,103
2007-08,104,"SMU",1-11,-9.8,28,106,104
2007-08,105,"Buffalo",5-7,-10.6,10,116,105
2007-08,106,"Toledo",5-7,-10.9,20,115,106
2007-08,107,"Rice",3-9,-10.9,95,118,107
2007-08,108,"Arkansas St",5-7,-11.0,2,118,108
2007-08,109,"Florida Intl",1-11,-11.2,23,119,109
2007-08,110,"Temple",4-8,-11.4,60,118,110
2007-08,111,"Tulane",4-8,-11.7,59,119,111
2007-08,112,"N Texas",2-10,-11.9,26,117,112
2007-08,113,"Idaho",1-11,-12.4,3,116,113
2007-08,114,"N Illinois",2-10,-12.5,29,120,114
2007-08,115,"Kent St",3-9,-12.5,65,115,115
2007-08,116,"Memphis",7-6,-12.6,59,119,116
2007-08,117,"Louisiana",3-9,-12.6,20,120,117
2007-08,118,"Ohio",6-6,-13.0,92,118,118
2007-08,119,"New Mexico St",4-9,-13.2,85,120,119
2007-08,120,"W Kentucky",7-5,-15.2,37,120,120
2008-09,1,"Oklahoma",12-2,13.9,1,74,1
2008-09,2,"Florida",13-1,11.2,2,63,10
2008-09,3,"Texas",12-1,10.8,1,113,2
2008-09,4,"USC",12-1,10.6,2,52,3
2008-09,5,"Penn St",11-2,8.9,4,84,11
2008-09,6,"Oregon",10-3,8.2,4,70,6
2008-09,7,"Ohio St",10-3,8.1,1,92,9
2008-09,8,"Oregon St",9-4,8.1,1,45,4
2008-09,9,"Oklahoma St",9-4,7.4,6,110,8
2008-09,10,"Texas Tech",11-2,7.1,4,118,5
2008-09,11,"Missouri",10-4,6.5,3,87,7
2008-09,12,"Alabama",12-2,5.8,8,57,13
2008-09,13,"California",9-4,5.4,6,45,12
2008-09,14,"TCU",11-2,5.3,9,93,17
2008-09,15,"Georgia",10-3,4.7,6,107,14
2008-09,16,"Mississippi",9-4,4.6,14,76,21
2008-09,17,"Stanford",5-7,4.5,5,80,15
2008-09,18,"Arizona",8-5,4.5,14,98,18
2008-09,19,"Kansas",8-5,3.8,10,107,16
2008-09,20,"Michigan St",9-4,3.0,6,39,20
2008-09,21,"Pittsburgh",9-4,2.8,21,92,22
2008-09,22,"South Carolina",7-6,2.8,11,102,28
2008-09,23,"Baylor",4-8,2.5,18,105,19
2008-09,24,"Florida St",9-4,2.4,18,117,24
2008-09,25,"Nebraska",9-4,2.2,17,116,23
2008-09,26,"Arkansas",5-7,2.1,19,114,30
2008-09,27,"Arizona St",5-7,2.1,14,104,25
2008-09,28,"LSU",8-5,1.9,5,118,35
2008-09,29,"Vanderbilt",7-6,1.9,25,85,32
2008-09,30,"Iowa",9-4,1.7,24,119,26
2008-09,31,"Purdue",4-8,1.6,12,120,27
2008-09,32,"Wake Forest",8-5,1.5,10,93,31
2008-09,33,"Miami",7-6,1.4,9,115,43
2008-09,34,"Utah",13-0,1.4,14,78,53
2008-09,35,"UCLA",4-8,1.1,4,46,33
2008-09,36,"Clemson",7-6,1.1,8,89,37
2008-09,37,"Illinois",5-7,1.0,6,74,29
2008-09,38,"Tennessee",5-7,0.9,5,86,34
2008-09,39,"NC State",6-7,0.9,6,86,44
2008-09,40,"Virginia",5-7,0.9,4,81,36
2008-09,41,"Virginia Tech",10-4,0.9,18,53,40
2008-09,42,"Boise St",12-1,0.7,5,118,60
2008-09,43,"Auburn",5-7,0.6,13,80,45
2008-09,44,"Georgia Tech",9-4,0.5,27,117,42
2008-09,45,"Colorado",5-7,0.5,20,115,38
2008-09,46,"North Carolina",8-5,0.4,28,119,50
2008-09,47,"Wisconsin",7-6,0.3,8,87,41
2008-09,48,"Michigan",3-9,0.1,17,52,39
2008-09,49,"Washington",0-12,0.0,1,54,48
2008-09,50,"Boston College",9-5,0.0,40,113,51
2008-09,51,"Cincinnati",11-3,-0.1,10,113,47
2008-09,52,"BYU",10-3,-0.3,19,109,59
2008-09,53,"Rutgers",8-5,-0.3,9,64,46
2008-09,54,"West Virginia",9-4,-0.4,4,103,55
2008-09,55,"UConn",8-5,-0.4,31,114,49
2008-09,56,"Maryland",8-5,-0.6,42,105,54
2008-09,57,"Notre Dame",7-6,-0.7,36,105,52
2008-09,58,"Duke",4-8,-1.0,53,118,57
2008-09,59,"S Florida",8-5,-1.2,16,90,56
2008-09,60,"Northwestern",9-4,-1.3,59,117,66
2008-09,61,"Texas A&M",4-8,-1.3,38,99,58
2008-09,62,"Kentucky",7-6,-1.5,20,82,61
2008-09,63,"Syracuse",3-9,-1.9,33,109,63
2008-09,64,"Kansas St",5-7,-2.0,30,120,62
2008-09,65,"Navy",8-5,-2.0,25,115,64
2008-09,66,"Minnesota",7-6,-2.1,39,97,65
2008-09,67,"New Mexico",4-8,-2.4,6,71,67
2008-09,68,"Mississippi St",4-8,-2.6,40,101,68
2008-09,69,"Houston",8-5,-3.2,33,109,72
2008-09,70,"E Carolina",9-5,-3.3,14,79,71
2008-09,71,"Iowa St",2-10,-3.3,68,119,69
2008-09,72,"Louisville",5-7,-3.6,18,88,70
2008-09,73,"Air Force",8-5,-3.6,64,115,73
2008-09,74,"Marshall",4-8,-4.3,58,116,76
2008-09,75,"Colorado St",7-6,-4.3,23,111,74
2008-09,76,"Troy",8-5,-4.4,10,95,77
2008-09,77,"Southern Miss",7-6,-4.8,21,94,82
2008-09,78,"Buffalo",8-6,-4.8,30,108,75
2008-09,79,"Rice",10-3,-4.9,52,112,83
2008-09,80,"Nevada",7-6,-5.6,49,119,80
2008-09,81,"Indiana",3-9,-5.9,66,120,78
2008-09,82,"UTEP",5-7,-5.9,16,96,89
2008-09,83,"UNLV",5-7,-6.1,43,101,88
2008-09,84,"Bowling Green",6-6,-6.2,8,87,79
2008-09,85,"Temple",5-7,-6.6,43,110,85
2008-09,86,"W Michigan",9-4,-6.7,16,105,84
2008-09,87,"Akron",5-7,-6.7,10,102,87
2008-09,88,"C Michigan",8-5,-6.8,48,116,81
2008-09,89,"Tulsa",11-3,-6.9,50,118,105
2008-09,90,"UCF",4-8,-6.9,58,111,92
2008-09,91,"Fresno St",7-6,-7.0,11,100,91
2008-09,92,"Toledo",3-9,-7.2,1,92,90
2008-09,93,"N Illinois",6-7,-7.2,24,93,86
2008-09,94,"SMU",1-11,-7.4,52,113,95
2008-09,95,"Utah St",3-9,-7.5,15,115,93
2008-09,96,"UAB",4-8,-7.6,30,108,99
2008-09,97,"Washington St",2-11,-7.8,3,111,97
2008-09,98,"Hawai'i",7-7,-7.8,1,105,98
2008-09,99,"Ball St",12-2,-7.9,65,118,103
2008-09,100,"Ohio",4-8,-8.0,18,105,94
2008-09,101,"Florida Atlantic",7-6,-8.2,3,104,104
2008-09,102,"Wyoming",4-8,-8.2,59,114,102
2008-09,103,"Kent St",4-8,-8.3,21,108,96
2008-09,104,"Memphis",6-7,-8.5,31,112,112
2008-09,105,"Miami OH",2-10,-8.7,15,105,101
2008-09,106,"E Michigan",3-9,-8.7,79,120,100
2008-09,107,"Louisiana",6-6,-8.8,9,114,106
2008-09,108,"Middle Tenn",5-7,-9.0,12,110,108
2008-09,109,"Arkansas St",6-6,-9.0,38,116,107
2008-09,110,"N Texas",1-11,-9.1,2,120,110
2008-09,111,"Florida Intl",5-7,-9.1,2,118,109
2008-09,112,"Army",3-9,-9.5,65,119,111
2008-09,113,"Tulane",2-10,-9.8,2,119,113
2008-09,114,"Louisiana Tech",8-5,-10.0,27,116,116
2008-09,115,"San Diego St",2-10,-10.3,83,119,114
2008-09,116,"San Jose St",6-6,-10.7,98,116,115
2008-09,117,"UL Monroe",4-8,-11.2,5,119,117
2008-09,118,"New Mexico St",3-9,-12.3,3,118,118
2008-09,119,"W Kentucky",2-10,-13.3,35,119,119
2008-09,120,"Idaho",2-10,-14.7,30,120,120
2009-10,1,"Alabama",14-0,11.4,1,26,2
2009-10,2,"Oklahoma",8-5,10.3,1,17,1
2009-10,3,"Texas",13-1,9.8,1,61,3
2009-10,4,"Florida",13-1,8.6,1,48,4
2009-10,5,"Nebraska",10-4,7.4,3,80,6
2009-10,6,"LSU",9-4,7.3,6,55,11
2009-10,7,"Oregon",10-3,7.2,3,19,8
2009-10,8,"Arkansas",8-5,6.9,3,117,7
2009-10,9,"Virginia Tech",10-3,6.8,1,21,14
2009-10,10,"Texas Tech",9-4,6.5,3,109,5
2009-10,11,"Georgia",8-5,6.5,4,18,9
2009-10,12,"Mississippi St",5-7,6.4,9,120,12
2009-10,13,"Miami",9-4,6.4,1,36,13
2009-10,14,"USC",9-4,6.0,2,56,10
2009-10,15,"Arizona",8-5,6.0,13,74,15
2009-10,16,"Tennessee",7-6,5.7,12,83,22
2009-10,17,"Georgia Tech",11-3,5.5,13,105,18
2009-10,18,"South Carolina",7-6,5.5,9,54,16
2009-10,19,"Florida St",7-6,5.3,9,60,19
2009-10,20,"Stanford",8-5,5.1,16,75,25
2009-10,21,"TCU",12-1,5.0,6,92,35
2009-10,22,"Oklahoma St",9-4,4.7,15,72,17
2009-10,23,"Clemson",9-5,4.7,13,67,23
2009-10,24,"Auburn",8-5,4.4,19,91,20
2009-10,25,"Oregon St",8-5,4.3,16,100,24
2009-10,26,"Washington",5-7,4.2,6,91,21
2009-10,27,"Mississippi",9-4,4.1,19,105,30
2009-10,28,"Ohio St",11-2,3.8,5,49,39
2009-10,29,"Cincinnati",12-1,3.8,21,61,42
2009-10,30,"Baylor",4-8,3.6,19,77,27
2009-10,31,"California",8-5,3.4,10,104,28
2009-10,32,"Iowa",11-2,3.3,12,94,37
2009-10,33,"Kansas",5-7,3.2,21,100,29
2009-10,34,"North Carolina",8-5,3.1,32,106,38
2009-10,35,"Kentucky",7-6,3.0,15,114,36
2009-10,36,"UCLA",7-6,3.0,12,78,26
2009-10,37,"Notre Dame",6-6,2.8,18,66,32
2009-10,38,"UConn",8-5,2.4,28,66,40
2009-10,39,"Boston College",8-5,2.2,23,107,43
2009-10,40,"Texas A&M",6-7,2.1,33,117,34
2009-10,41,"Arizona St",4-8,2.1,31,115,33
2009-10,42,"Missouri",8-5,2.0,18,97,31
2009-10,43,"Michigan St",6-7,1.9,18,92,48
2009-10,44,"Virginia",3-9,1.9,39,93,41
2009-10,45,"Pittsburgh",10-3,1.5,32,96,47
2009-10,46,"Wake Forest",5-7,1.5,28,76,44
2009-10,47,"BYU",11-2,1.5,2,57,56
2009-10,48,"West Virginia",9-4,1.4,27,104,46
2009-10,49,"Penn St",11-2,1.1,5,105,58
2009-10,50,"Boise St",14-0,1.0,9,71,65
2009-10,51,"Minnesota",6-7,0.9,18,57,45
2009-10,52,"Vanderbilt",2-10,0.7,34,94,50
2009-10,53,"Wisconsin",10-3,0.6,20,79,59
2009-10,54,"Purdue",5-7,0.5,27,72,51
2009-10,55,"Colorado",3-9,0.4,44,103,49
2009-10,56,"S Florida",8-5,0.2,37,120,53
2009-10,57,"Utah",10-3,0.1,15,109,64
2009-10,58,"Air Force",8-5,0.1,48,96,68
2009-10,59,"Illinois",3-9,-0.1,13,80,52
2009-10,60,"Louisville",4-8,-0.2,34,120,57
2009-10,61,"Houston",10-4,-0.2,6,95,54
2009-10,62,"Maryland",2-10,-0.4,3,102,60
2009-10,63,"Kansas St",6-6,-0.7,52,112,55
2009-10,64,"E Carolina",9-5,-0.7,51,99,67
2009-10,65,"NC State",5-7,-0.9,40,96,61
2009-10,66,"Michigan",5-7,-0.9,40,82,63
2009-10,67,"Washington St",1-11,-1.4,37,114,66
2009-10,68,"Iowa St",7-6,-1.4,56,119,62
2009-10,69,"Navy",10-4,-1.9,10,77,71
2009-10,70,"Syracuse",4-8,-2.2,20,101,69
2009-10,71,"Rutgers",9-4,-2.4,25,103,73
2009-10,72,"Duke",5-7,-2.5,64,114,70
2009-10,73,"Indiana",4-8,-2.6,69,118,72
2009-10,74,"Northwestern",8-5,-2.8,55,112,78
2009-10,75,"C Michigan",12-2,-3.5,11,75,74
2009-10,76,"Louisiana Tech",4-8,-3.8,10,104,75
2009-10,77,"UCF",8-5,-4.1,75,112,79
2009-10,78,"Southern Miss",7-6,-4.3,36,115,80
2009-10,79,"Fresno St",8-5,-4.8,10,108,76
2009-10,80,"Wyoming",7-6,-4.8,79,115,86
2009-10,81,"Nevada",8-5,-5.0,3,93,77
2009-10,82,"UAB",5-7,-5.3,64,102,84
2009-10,83,"Memphis",2-10,-5.3,19,114,82
2009-10,84,"Tulsa",5-7,-5.4,27,108,83
2009-10,85,"Miami OH",1-11,-5.4,17,115,81
2009-10,86,"Troy",9-4,-5.6,11,100,92
2009-10,87,"Colorado St",3-9,-5.9,44,105,88
2009-10,88,"Bowling Green",7-6,-6.3,32,95,85
2009-10,89,"Marshall",7-6,-6.4,82,110,90
2009-10,90,"UNLV",5-7,-6.4,85,119,89
2009-10,91,"Utah St",4-8,-6.4,6,110,87
2009-10,92,"SMU",8-5,-6.5,77,118,100
2009-10,93,"New Mexico",1-11,-6.6,16,112,94
2009-10,94,"Rice",2-10,-7.1,20,97,95
2009-10,95,"Middle Tenn",10-3,-7.1,15,108,99
2009-10,96,"Ohio",9-5,-7.2,44,111,91
2009-10,97,"Buffalo",5-7,-7.3,41,98,93
2009-10,98,"Florida Intl",3-9,-7.5,1,107,96
2009-10,99,"N Illinois",7-6,-7.7,26,116,98
2009-10,100,"San Diego St",4-8,-8.1,31,114,102
2009-10,101,"Toledo",5-7,-8.3,24,105,97
2009-10,102,"Temple",9-4,-8.6,94,119,108
2009-10,103,"Idaho",8-5,-8.6,81,120,101
2009-10,104,"UTEP",4-8,-8.6,52,108,103
2009-10,105,"UL Monroe",6-6,-8.7,1,106,106
2009-10,106,"W Kentucky",0-12,-9.2,22,117,109
2009-10,107,"Hawai'i",6-7,-9.2,94,117,105
2009-10,108,"Florida Atlantic",5-7,-9.3,1,112,112
2009-10,109,"Akron",3-9,-9.3,5,109,104
2009-10,110,"Arkansas St",4-8,-9.3,27,112,111
2009-10,111,"W Michigan",5-7,-9.6,22,111,107
2009-10,112,"E Michigan",0-12,-9.8,66,113,110
2009-10,113,"Kent St",5-7,-10.3,88,120,113
2009-10,114,"Ball St",2-10,-10.4,62,119,114
2009-10,115,"Tulane",3-9,-10.7,12,119,116
2009-10,116,"San Jose St",2-10,-10.9,4,117,115
2009-10,117,"Army",5-7,-10.9,66,119,119
2009-10,118,"Louisiana",6-6,-11.1,85,120,117
2009-10,119,"N Texas",2-10,-11.5,53,119,118
2009-10,120,"New Mexico St",3-10,-12.6,85,120,120
2010-11,1,"Auburn",14-0,9.8,1,70,7
2010-11,2,"Oregon",12-1,9.4,2,60,4
2010-11,3,"Arkansas",10-3,9.2,1,96,5
2010-11,4,"Stanford",12-1,9.0,1,99,2
2010-11,5,"Oregon St",5-7,8.9,1,18,1
2010-11,6,"Alabama",10-3,8.5,1,78,3
2010-11,7,"South Carolina",9-5,8.2,3,81,6
2010-11,8,"LSU",11-2,7.2,5,30,10
2010-11,9,"Oklahoma",12-2,6.5,5,61,8
2010-11,10,"Arizona St",6-6,6.4,9,119,9
2010-11,11,"Washington",7-6,6.2,2,50,13
2010-11,12,"Florida St",10-4,6.1,10,90,12
2010-11,13,"USC",8-5,5.8,6,66,11
2010-11,14,"Virginia Tech",11-3,5.7,2,35,22
2010-11,15,"Florida",8-5,5.6,2,73,14
2010-11,16,"Mississippi St",9-4,5.4,6,83,18
2010-11,17,"California",5-7,5.2,7,98,15
2010-11,18,"Arizona",7-6,5.2,14,102,21
2010-11,19,"Georgia",6-7,5.1,5,82,16
2010-11,20,"Texas A&M",9-4,5.1,16,118,17
2010-11,21,"Ohio St",12-1,4.9,5,98,25
2010-11,22,"UCLA",4-8,4.8,3,56,19
2010-11,23,"Miami",7-6,4.7,1,110,20
2010-11,24,"Boise St",12-1,4.1,1,30,23
2010-11,25,"Wisconsin",11-2,4.1,22,102,32
2010-11,26,"Missouri",10-3,3.6,12,88,26
2010-11,27,"NC State",9-4,3.5,23,113,29
2010-11,28,"Nebraska",10-4,3.4,9,91,24
2010-11,29,"TCU",13-0,3.3,4,46,38
2010-11,30,"Clemson",6-7,3.2,19,114,27
2010-11,31,"Oklahoma St",11-2,3.1,28,107,30
2010-11,32,"Notre Dame",8-5,3.0,16,56,31
2010-11,33,"Tennessee",6-7,3.0,4,87,28
2010-11,34,"Utah",10-3,3.0,28,108,43
2010-11,35,"Iowa",8-5,2.1,28,101,35
2010-11,36,"Pittsburgh",8-5,2.1,19,42,33
2010-11,37,"North Carolina",8-5,2.0,1,37,34
2010-11,38,"Kentucky",6-7,1.7,19,92,37
2010-11,39,"Washington St",2-10,1.5,15,110,36
2010-11,40,"West Virginia",9-4,1.0,13,88,47
2010-11,41,"Iowa St",5-7,0.5,32,84,41
2010-11,42,"Michigan St",11-2,0.5,41,109,55
2010-11,43,"Maryland",9-4,0.5,39,98,40
2010-11,44,"Michigan",7-6,0.5,15,68,45
2010-11,45,"Texas",5-7,0.4,3,97,42
2010-11,46,"Colorado",5-7,0.3,20,77,39
2010-11,47,"Cincinnati",4-8,0.2,14,50,49
2010-11,48,"Boston College",7-6,0.1,32,117,58
2010-11,49,"Illinois",7-6,0.0,21,97,46
2010-11,50,"Texas Tech",8-5,0.0,12,75,44
2010-11,51,"Penn St",7-6,-0.1,20,95,56
2010-11,52,"Baylor",7-6,-0.2,46,114,48
2010-11,53,"Air Force",9-4,-0.2,14,96,52
2010-11,54,"S Florida",8-5,-0.3,16,97,59
2010-11,55,"Georgia Tech",6-7,-0.4,14,91,54
2010-11,56,"BYU",7-6,-0.6,5,64,50
2010-11,57,"UConn",8-5,-0.8,20,69,64
2010-11,58,"Kansas St",7-6,-0.9,42,105,51
2010-11,59,"Minnesota",3-9,-1.0,40,101,57
2010-11,60,"Nevada",13-1,-1.1,42,117,53
2010-11,61,"Mississippi",4-8,-1.2,38,115,61
2010-11,62,"Louisville",7-6,-1.4,33,77,60
2010-11,63,"Vanderbilt",2-10,-1.5,16,76,62
2010-11,64,"Wake Forest",3-9,-1.5,53,111,63
2010-11,65,"Duke",3-9,-2.2,63,108,65
2010-11,66,"Syracuse",8-5,-2.8,48,118,68
2010-11,67,"Virginia",4-8,-3.1,43,109,67
2010-11,68,"San Diego St",9-4,-3.1,61,119,70
2010-11,69,"Hawai'i",10-4,-3.4,29,86,66
2010-11,70,"Rutgers",4-8,-3.7,47,112,69
2010-11,71,"E Carolina",6-7,-3.7,36,86,71
2010-11,72,"Navy",9-4,-3.7,34,97,73
2010-11,73,"Northwestern",7-6,-4.1,41,104,72
2010-11,74,"Tulsa",10-3,-4.3,33,91,83
2010-11,75,"Fresno St",8-5,-4.6,28,96,75
2010-11,76,"UNLV",2-11,-4.8,10,94,74
2010-11,77,"Houston",5-7,-5.2,30,112,79
2010-11,78,"Kansas",3-9,-5.3,39,110,76
2010-11,79,"SMU",7-7,-5.5,12,87,77
2010-11,80,"Purdue",4-8,-5.5,26,114,78
2010-11,81,"UCF",11-3,-5.8,61,115,89
2010-11,82,"Wyoming",3-9,-6.3,45,105,82
2010-11,83,"Southern Miss",8-5,-6.3,6,112,87
2010-11,84,"Memphis",1-11,-6.4,13,113,81
2010-11,85,"Louisiana Tech",5-7,-6.5,70,102,80
2010-11,86,"Indiana",5-7,-6.8,81,120,84
2010-11,87,"Idaho",6-7,-7.4,56,120,85
2010-11,88,"Utah St",4-8,-7.5,9,97,86
2010-11,89,"Colorado St",3-9,-7.6,36,104,88
2010-11,90,"N Illinois",11-3,-7.8,34,102,92
2010-11,91,"Rice",4-8,-7.9,5,116,90
2010-11,92,"Army",7-6,-7.9,76,115,94
2010-11,93,"C Michigan",3-9,-8.4,55,114,93
2010-11,94,"Toledo",8-5,-8.5,28,109,91
2010-11,95,"Florida Intl",7-6,-8.7,15,114,97
2010-11,96,"Marshall",5-7,-8.9,1,97,95
2010-11,97,"UAB",4-8,-9.0,51,99,96
2010-11,98,"Arkansas St",4-8,-9.2,10,108,99
2010-11,99,"Temple",8-4,-9.2,45,111,98
2010-11,100,"Bowling Green",2-10,-9.3,24,101,100
2010-11,101,"W Michigan",6-6,-9.6,21,114,101
2010-11,102,"Tulane",4-8,-9.8,93,120,102
2010-11,103,"Troy",8-5,-9.8,34,109,107
2010-11,104,"E Michigan",2-10,-10.2,64,119,103
2010-11,105,"Miami OH",10-4,-10.2,1,111,104
2010-11,106,"Louisiana",3-9,-10.2,4,110,105
2010-11,107,"Florida Atlantic",4-8,-10.3,37,108,108
2010-11,108,"New Mexico",1-11,-10.4,6,115,106
2010-11,109,"San Jose St",1-12,-10.8,2,118,109
2010-11,110,"W Kentucky",2-10,-11.0,3,117,110
2010-11,111,"Kent St",5-7,-11.4,68,119,111
2010-11,112,"N Texas",3-9,-11.5,13,115,112
2010-11,113,"UL Monroe",5-7,-11.7,5,114,114
2010-11,114,"New Mexico St",2-10,-12.2,54,119,113
2010-11,115,"UTEP",6-7,-13.0,70,120,117
2010-11,116,"Akron",1-11,-13.3,44,117,115
2010-11,117,"Ohio",8-5,-13.3,76,118,116
2010-11,118,"Middle Tenn",6-7,-14.3,49,120,118
2010-11,119,"Buffalo",2-10,-15.3,73,120,119
2010-11,120,"Ball St",4-8,-15.4,84,120,120
2011-12,1,"LSU",13-1,13.7,1,9,1
2011-12,2,"Oregon",12-2,11.1,1,6,2
2011-12,3,"Alabama",12-1,10.8,3,70,6
2011-12,4,"Oklahoma St",12-1,10.8,3,80,4
2011-12,5,"Stanford",11-2,9.5,4,74,7
2011-12,6,"Oklahoma",10-3,9.1,3,50,3
2011-12,7,"USC",10-2,7.7,3,55,5
2011-12,8,"Arkansas",11-2,7.1,8,108,10
2011-12,9,"Texas A&M",7-6,6.9,6,98,8
2011-12,10,"Texas",8-5,6.8,9,75,11
2011-12,11,"Missouri",8-5,6.6,2,65,9
2011-12,12,"Wisconsin",11-3,6.0,12,110,25
2011-12,13,"Notre Dame",8-5,5.9,6,36,12
2011-12,14,"Georgia",10-4,5.9,2,28,16
2011-12,15,"Michigan St",11-3,5.7,12,115,15
2011-12,16,"Kansas St",10-3,5.3,11,120,20
2011-12,17,"Arizona St",6-7,5.2,3,112,19
2011-12,18,"Baylor",10-3,5.1,8,63,14
2011-12,19,"Florida",7-6,4.8,6,103,21
2011-12,20,"California",7-6,4.7,14,79,17
2011-12,21,"UCLA",6-8,4.7,12,51,13
2011-12,22,"Arizona",4-8,4.4,3,90,18
2011-12,23,"Oregon St",3-9,3.9,19,91,22
2011-12,24,"South Carolina",11-2,3.6,9,51,27
2011-12,25,"Ohio St",6-7,3.5,15,82,24
2011-12,26,"Iowa St",6-7,3.3,23,99,23
2011-12,27,"Auburn",8-5,3.0,7,64,26
2011-12,28,"Mississippi St",7-6,3.0,12,106,28
2011-12,29,"Vanderbilt",6-7,2.9,29,118,35
2011-12,30,"Penn St",9-4,2.9,21,92,36
2011-12,31,"Washington",7-6,2.8,20,97,29
2011-12,32,"Nebraska",9-4,2.7,16,105,33
2011-12,33,"Michigan",11-2,2.7,29,61,31
2011-12,34,"Tennessee",5-7,2.6,9,106,34
2011-12,35,"Florida St",9-4,2.5,9,107,37
2011-12,36,"Boise St",12-1,2.5,2,38,38
2011-12,37,"Utah",8-5,2.2,17,114,30
2011-12,38,"Colorado",3-10,2.0,21,71,32
2011-12,39,"Tulsa",8-5,1.9,1,51,40
2011-12,40,"West Virginia",10-3,1.5,18,101,44
2011-12,41,"Clemson",10-4,1.5,24,102,39
2011-12,42,"Texas Tech",5-7,0.9,29,119,42
2011-12,43,"TCU",11-2,0.8,6,62,45
2011-12,44,"Mississippi",2-10,0.6,38,78,46
2011-12,45,"Washington St",4-8,0.6,35,120,41
2011-12,46,"Miami",6-6,0.6,14,51,43
2011-12,47,"Iowa",7-6,0.4,42,110,52
2011-12,48,"Pittsburgh",6-7,0.1,30,112,47
2011-12,49,"S Florida",5-7,0.1,22,51,48
2011-12,50,"Cincinnati",10-3,-0.1,35,85,53
2011-12,51,"Wake Forest",6-7,-0.3,37,94,51
2011-12,52,"Virginia Tech",11-3,-0.4,24,86,56
2011-12,53,"Illinois",7-6,-0.4,38,82,49
2011-12,54,"North Carolina",7-6,-0.6,46,114,57
2011-12,55,"Kansas",2-10,-0.7,53,113,55
2011-12,56,"Boston College",4-8,-0.7,26,88,50
2011-12,57,"Northwestern",6-7,-0.7,35,105,61
2011-12,58,"Maryland",2-10,-0.9,13,59,54
2011-12,59,"Syracuse",5-7,-1.4,48,94,59
2011-12,60,"Louisville",7-6,-1.4,57,116,58
2011-12,61,"Rutgers",9-4,-1.5,54,118,60
2011-12,62,"Georgia Tech",8-5,-1.7,45,115,63
2011-12,63,"Louisiana Tech",8-5,-1.7,39,90,70
2011-12,64,"SMU",8-5,-1.9,5,91,73
2011-12,65,"UConn",5-7,-1.9,55,109,62
2011-12,66,"BYU",10-3,-2.0,13,69,65
2011-12,67,"Houston",13-1,-2.3,41,99,75
2011-12,68,"Purdue",7-6,-2.6,53,109,67
2011-12,69,"Toledo",9-4,-2.7,19,120,71
2011-12,70,"Minnesota",3-9,-2.8,17,115,66
2011-12,71,"Duke",3-9,-2.8,63,94,64
2011-12,72,"NC State",8-5,-2.9,41,105,68
2011-12,73,"Nevada",7-6,-2.9,1,76,76
2011-12,74,"Navy",5-7,-3.1,54,112,69
2011-12,75,"Kentucky",5-7,-3.1,57,109,72
2011-12,76,"Southern Miss",12-2,-3.1,49,106,77
2011-12,77,"Virginia",8-5,-3.2,70,117,74
2011-12,78,"Marshall",7-6,-3.8,10,98,78
2011-12,79,"Rice",4-8,-4.6,13,92,80
2011-12,80,"Air Force",7-6,-4.9,33,103,87
2011-12,81,"Army",3-9,-4.9,28,101,82
2011-12,82,"W Michigan",7-6,-5.1,15,84,81
2011-12,83,"UCF",5-7,-5.1,45,91,84
2011-12,84,"San Diego St",8-5,-5.4,31,104,79
2011-12,85,"San Jose St",5-7,-5.4,11,108,83
2011-12,86,"E Carolina",5-7,-5.5,4,88,88
2011-12,87,"Fresno St",4-9,-5.7,6,88,85
2011-12,88,"Indiana",1-11,-5.7,54,117,86
2011-12,89,"Miami OH",4-8,-6.1,7,104,89
2011-12,90,"Ball St",6-6,-6.2,45,99,90
2011-12,91,"N Illinois",11-3,-6.9,44,104,94
2011-12,92,"UTEP",5-7,-7.4,85,110,92
2011-12,93,"Utah St",7-6,-7.4,20,103,93
2011-12,94,"Bowling Green",5-7,-7.4,68,116,91
2011-12,95,"Wyoming",8-5,-8.1,92,119,97
2011-12,96,"Temple",9-4,-8.4,64,119,96
2011-12,97,"UL Monroe",4-9,-8.5,5,97,95
2011-12,98,"Arkansas St",10-3,-8.9,23,102,100
2011-12,99,"N Texas",5-7,-9.0,26,114,98
2011-12,100,"Idaho",2-10,-9.0,67,109,99
2011-12,101,"New Mexico St",4-9,-9.3,53,119,101
2011-12,102,"Louisiana",10-4,-9.5,7,116,104
2011-12,103,"C Michigan",3-9,-9.6,82,117,103
2011-12,104,"Hawai'i",6-7,-9.8,56,107,102
2011-12,105,"UAB",3-9,-9.8,2,105,105
2011-12,106,"Ohio",10-4,-9.8,79,116,112
2011-12,107,"Buffalo",3-9,-10.1,24,113,107
2011-12,108,"Kent St",5-7,-10.2,6,115,110
2011-12,109,"Troy",3-9,-10.5,2,111,106
2011-12,110,"Florida Intl",8-5,-10.6,53,113,108
2011-12,111,"W Kentucky",7-5,-10.7,38,113,109
2011-12,112,"UNLV",2-10,-10.7,11,115,111
2011-12,113,"Colorado St",3-9,-11.4,70,118,113
2011-12,114,"Florida Atlantic",1-11,-11.7,3,115,114
2011-12,115,"Middle Tenn",2-10,-11.9,15,115,115
2011-12,116,"E Michigan",6-6,-12.5,85,120,116
2011-12,117,"Tulane",2-11,-12.8,102,119,117
2011-12,118,"Akron",1-11,-14.8,21,118,118
2011-12,119,"Memphis",2-10,-15.2,20,120,119
2011-12,120,"New Mexico",1-11,-15.7,71,120,120
2012-13,1,"Alabama",13-1,10.1,1,27,3
2012-13,2,"Oklahoma",10-3,10.0,1,85,1
2012-13,3,"Texas A&M",11-2,9.9,1,18,6
2012-13,4,"Kansas St",11-2,9.9,1,97,2
2012-13,5,"Florida",11-2,8.2,1,57,4
2012-13,6,"Oregon",12-1,8.2,3,81,10
2012-13,7,"Notre Dame",12-1,8.0,3,64,12
2012-13,8,"Texas",9-4,7.7,3,98,7
2012-13,9,"Oklahoma St",8-5,7.5,3,66,5
2012-13,10,"Missouri",5-7,7.4,1,93,14
2012-13,11,"LSU",10-3,7.3,3,87,16
2012-13,12,"Baylor",8-5,7.1,7,115,8
2012-13,13,"Oregon St",9-4,6.9,5,63,13
2012-13,14,"TCU",7-6,6.7,6,105,9
2012-13,15,"Georgia",12-2,6.5,7,91,19
2012-13,16,"Stanford",12-2,6.4,6,100,15
2012-13,17,"USC",7-6,6.3,4,86,11
2012-13,18,"South Carolina",11-2,6.2,6,35,21
2012-13,19,"Iowa St",6-7,5.6,4,74,17
2012-13,20,"Michigan",8-5,5.5,1,22,22
2012-13,21,"Nebraska",10-4,4.9,13,59,24
2012-13,22,"West Virginia",7-6,4.4,12,113,20
2012-13,23,"Texas Tech",8-5,4.3,5,121,18
2012-13,24,"Mississippi",7-6,4.1,24,114,26
2012-13,25,"Arizona",8-5,3.7,9,73,23
2012-13,26,"Wisconsin",8-6,3.6,14,99,28
2012-13,27,"UCLA",9-5,3.5,24,101,27
2012-13,28,"Arizona St",8-5,3.0,20,119,25
2012-13,29,"Michigan St",7-6,3.0,8,37,33
2012-13,30,"Arkansas",4-8,2.9,10,98,29
2012-13,31,"Vanderbilt",9-4,2.6,6,35,31
2012-13,32,"Tennessee",5-7,2.5,7,68,32
2012-13,33,"California",3-9,2.3,13,91,30
2012-13,34,"Washington",7-6,2.1,15,71,34
2012-13,35,"Georgia Tech",7-7,2.1,17,76,43
2012-13,36,"BYU",8-5,1.8,19,113,37
2012-13,37,"Auburn",3-9,1.7,4,42,38
2012-13,38,"Kansas",1-11,1.7,28,117,35
2012-13,39,"Utah",5-7,1.6,9,115,36
2012-13,40,"Florida St",12-2,1.6,11,109,40
2012-13,41,"Ohio St",12-0,1.4,16,89,39
2012-13,42,"Clemson",11-2,1.4,16,90,48
2012-13,43,"Mississippi St",8-5,1.2,40,101,41
2012-13,44,"Miami",7-5,0.9,8,52,42
2012-13,45,"Virginia Tech",7-6,0.8,21,51,44
2012-13,46,"Syracuse",8-5,0.8,13,83,45
2012-13,47,"Northwestern",10-3,0.7,32,90,46
2012-13,48,"Kentucky",2-10,-0.2,14,85,47
2012-13,49,"Penn St",8-4,-1.1,34,82,50
2012-13,50,"Iowa",4-8,-1.2,33,99,49
2012-13,51,"Pittsburgh",6-7,-1.3,39,93,52
2012-13,52,"S Florida",3-9,-1.3,27,106,51
2012-13,53,"Purdue",6-7,-2.1,23,109,54
2012-13,54,"Utah St",11-2,-2.4,38,123,55
2012-13,55,"Louisville",11-2,-2.5,41,92,69
2012-13,56,"NC State",7-6,-2.5,10,70,59
2012-13,57,"Boston College",2-10,-2.7,42,97,56
2012-13,58,"Minnesota",6-7,-2.9,55,119,61
2012-13,59,"Duke",6-7,-2.9,48,106,60
2012-13,60,"Tulsa",11-3,-2.9,23,88,63
2012-13,61,"SMU",7-6,-2.9,13,82,76
2012-13,62,"Virginia",4-8,-3.1,42,116,57
2012-13,63,"Rutgers",9-4,-3.2,44,114,64
2012-13,64,"Fresno St",9-4,-3.5,20,119,53
2012-13,65,"Washington St",3-9,-3.5,14,115,58
2012-13,66,"UCF",10-4,-3.6,17,116,68
2012-13,67,"Maryland",4-8,-3.7,60,104,62
2012-13,68,"Cincinnati",10-3,-4.0,29,107,67
2012-13,69,"Arkansas St",10-3,-4.5,2,96,65
2012-13,70,"North Carolina",8-4,-4.5,41,95,75
2012-13,71,"Indiana",4-8,-4.5,65,122,66
2012-13,72,"Temple",4-7,-4.5,52,121,74
2012-13,73,"UConn",5-7,-4.6,49,114,73
2012-13,74,"Illinois",2-10,-4.7,27,74,70
2012-13,75,"Boise St",11-2,-4.7,4,78,71
2012-13,76,"San Jose St",11-2,-4.8,15,114,72
2012-13,77,"Louisiana Tech",9-3,-5.4,43,96,80
2012-13,78,"Wake Forest",5-7,-5.6,72,102,78
2012-13,79,"Ball St",9-4,-5.6,58,102,82
2012-13,80,"San Diego St",9-4,-6.0,31,110,81
2012-13,81,"UL Monroe",8-5,-6.3,14,101,79
2012-13,82,"UTEP",3-9,-6.3,7,96,84
2012-13,83,"Louisiana",9-4,-6.3,58,122,77
2012-13,84,"Navy",8-5,-6.9,2,90,88
2012-13,85,"N Illinois",12-2,-7.1,34,118,102
2012-13,86,"Toledo",9-4,-7.1,22,101,89
2012-13,87,"N Texas",4-8,-7.2,4,104,83
2012-13,88,"Florida Intl",3-9,-7.4,36,104,85
2012-13,89,"Southern Miss",0-12,-7.6,2,92,91
2012-13,90,"Troy",5-7,-7.7,69,108,87
2012-13,91,"Kent St",11-3,-7.9,91,122,97
2012-13,92,"Nevada",7-6,-8.0,30,106,94
2012-13,93,"Tulane",2-10,-8.2,10,120,95
2012-13,94,"W Kentucky",7-6,-8.2,28,121,86
2012-13,95,"Rice",7-6,-8.3,19,113,96
2012-13,96,"Marshall",5-7,-8.4,11,105,98
2012-13,97,"Colorado",1-11,-8.5,68,123,90
2012-13,98,"Houston",5-7,-8.5,22,100,100
2012-13,99,"Middle Tenn",8-4,-8.7,92,124,93
2012-13,100,"Florida Atlantic",3-9,-8.7,83,120,92
2012-13,101,"E Michigan",2-10,-9.0,49,108,99
2012-13,102,"Bowling Green",8-5,-9.3,10,114,105
2012-13,103,"Army",2-10,-9.6,25,110,101
2012-13,104,"E Carolina",8-5,-9.7,50,117,107
2012-13,105,"Buffalo",4-8,-10.0,13,117,104
2012-13,106,"W Michigan",4-8,-10.5,20,110,106
2012-13,107,"Wyoming",4-8,-10.6,9,111,103
2012-13,108,"Miami OH",4-8,-10.7,6,117,110
2012-13,109,"Texas St",4-8,-10.9,26,120,109
2012-13,110,"UMass",1-11,-11.0,18,114,111
2012-13,111,"Ohio",9-4,-11.3,40,122,121
2012-13,112,"Air Force",6-7,-11.3,59,120,108
2012-13,113,"UAB",3-9,-11.3,22,120,115
2012-13,114,"Memphis",4-8,-11.4,109,124,117
2012-13,115,"C Michigan",7-6,-11.8,79,121,120
2012-13,116,"S Alabama",2-11,-12.0,55,121,114
2012-13,117,"Akron",1-11,-12.0,35,123,119
2012-13,118,"Colorado St",4-8,-12.0,81,119,112
2012-13,119,"UNLV",2-11,-12.1,70,120,116
2012-13,120,"New Mexico",4-9,-12.2,88,124,113
2012-13,121,"Hawai'i",3-9,-12.6,1,121,118
2012-13,122,"Idaho",1-11,-13.6,97,122,122
2012-13,123,"New Mexico St",1-11,-14.9,105,124,123
2012-13,124,"UTSA",8-4,-16.7,58,124,124
2013-14,1,"Stanford",11-3,11.9,1,83,1
2013-14,2,"Arizona St",10-4,10.9,1,96,2
2013-14,3,"Auburn",12-2,10.9,3,68,9
2013-14,4,"UCLA",10-3,10.8,2,71,3
2013-14,5,"Washington",9-4,10.1,2,56,4
2013-14,6,"Oregon",11-2,10.1,2,63,5
2013-14,7,"Alabama",11-2,9.5,1,34,7
2013-14,8,"Utah",5-7,9.4,1,54,6
2013-14,9,"Oklahoma",11-2,9.0,8,111,17
2013-14,10,"Georgia",8-5,8.9,1,13,8
2013-14,11,"LSU",10-3,8.5,5,45,10
2013-14,12,"Missouri",12-2,8.4,12,105,19
2013-14,13,"Florida St",14-0,8.4,13,50,18
2013-14,14,"Texas",8-5,8.4,10,87,16
2013-14,15,"Oklahoma St",10-3,8.3,4,46,15
2013-14,16,"Mississippi",8-5,8.3,1,45,13
2013-14,17,"South Carolina",11-2,8.2,4,63,22
2013-14,18,"Baylor",11-2,7.9,7,107,11
2013-14,19,"Texas A&M",9-4,7.8,3,82,12
2013-14,20,"Mississippi St",7-6,7.2,5,44,14
2013-14,21,"Clemson",11-2,7.1,19,40,29
2013-14,22,"Wisconsin",9-4,6.8,6,98,23
2013-14,23,"USC",10-4,6.7,12,74,21
2013-14,24,"Oregon St",7-6,6.4,15,101,28
2013-14,25,"Florida",4-8,6.2,6,67,26
2013-14,26,"Washington St",6-7,6.1,5,90,20
2013-14,27,"Arizona",8-5,6.1,21,114,25
2013-14,28,"BYU",8-5,6.0,12,49,27
2013-14,29,"TCU",4-8,5.5,2,37,30
2013-14,30,"Notre Dame",9-4,5.5,10,61,24
2013-14,31,"Kansas St",8-5,4.9,16,112,33
2013-14,32,"Texas Tech",8-5,4.8,32,77,36
2013-14,33,"Tennessee",5-7,4.7,12,112,31
2013-14,34,"Ohio St",12-2,4.4,8,97,35
2013-14,35,"Georgia Tech",7-6,4.4,15,107,32
2013-14,36,"Michigan St",13-1,4.4,29,124,37
2013-14,37,"Virginia Tech",8-5,3.8,1,37,34
2013-14,38,"Iowa",8-5,3.3,37,98,39
2013-14,39,"Michigan",7-6,3.1,20,94,38
2013-14,40,"Arkansas",3-9,2.6,37,101,40
2013-14,41,"Vanderbilt",9-4,2.4,16,60,46
2013-14,42,"Miami",9-4,2.2,24,107,42
2013-14,43,"Pittsburgh",7-6,2.1,6,53,41
2013-14,44,"Indiana",5-7,1.6,35,124,43
2013-14,45,"Iowa St",3-9,1.4,38,120,47
2013-14,46,"North Carolina",7-6,1.4,3,52,44
2013-14,47,"Virginia",2-10,1.0,3,80,45
2013-14,48,"Duke",10-4,0.9,48,124,52
2013-14,49,"Boise St",8-5,0.8,10,50,49
2013-14,50,"UCF",12-1,0.8,23,117,63
2013-14,51,"California",1-11,0.8,31,66,50
2013-14,52,"Northwestern",5-7,0.6,34,87,48
2013-14,53,"Nebraska",9-4,0.4,14,81,59
2013-14,54,"Kentucky",2-10,0.2,22,88,56
2013-14,55,"Utah St",9-5,0.1,10,55,51
2013-14,56,"West Virginia",4-8,0.1,35,110,53
2013-14,57,"Penn St",7-5,-0.2,41,65,55
2013-14,58,"Minnesota",8-5,-0.6,54,125,54
2013-14,59,"Boston College",7-6,-0.7,46,114,60
2013-14,60,"Houston",8-5,-0.8,51,122,57
2013-14,61,"Syracuse",7-6,-0.9,9,61,58
2013-14,62,"Colorado",4-8,-1.3,61,123,62
2013-14,63,"Illinois",4-8,-1.4,38,114,61
2013-14,64,"Kansas",3-9,-2.7,59,124,66
2013-14,65,"Wake Forest",4-8,-2.9,64,123,65
2013-14,66,"Purdue",1-11,-2.9,14,90,64
2013-14,67,"Louisville",12-1,-3.2,39,109,75
2013-14,68,"Maryland",7-6,-3.4,63,122,67
2013-14,69,"Nevada",4-8,-3.7,9,93,68
2013-14,70,"Navy",9-4,-3.9,36,75,69
2013-14,71,"San Jose St",6-6,-3.9,48,123,70
2013-14,72,"Hawai'i",1-11,-3.9,4,96,71
2013-14,73,"SMU",5-7,-4.0,33,86,72
2013-14,74,"NC State",3-9,-4.6,68,124,76
2013-14,75,"S Florida",2-10,-4.7,64,113,74
2013-14,76,"Toledo",7-5,-4.8,3,77,73
2013-14,77,"Fresno St",11-2,-5.0,54,100,86
2013-14,78,"Rutgers",6-7,-5.3,38,96,83
2013-14,79,"Tulsa",3-9,-5.4,32,89,77
2013-14,80,"UConn",3-9,-5.8,56,119,78
2013-14,81,"UTSA",7-5,-6.0,17,97,79
2013-14,82,"Memphis",3-9,-6.0,54,112,81
2013-14,83,"Cincinnati",9-4,-6.0,40,119,90
2013-14,84,"Temple",2-10,-6.1,7,106,82
2013-14,85,"Colorado St",8-6,-6.3,53,109,89
2013-14,86,"San Diego St",8-5,-6.3,43,98,85
2013-14,87,"Bowling Green",10-4,-6.3,57,117,84
2013-14,88,"Rice",10-4,-6.4,1,91,87
2013-14,89,"E Carolina",10-3,-6.4,67,121,80
2013-14,90,"N Illinois",12-2,-6.7,39,114,94
2013-14,91,"Marshall",10-4,-7.0,71,125,88
2013-14,92,"UNLV",7-6,-7.4,18,122,93
2013-14,93,"Florida Atlantic",6-6,-7.8,24,117,91
2013-14,94,"Middle Tenn",8-5,-8.0,72,120,97
2013-14,95,"Arkansas St",8-5,-8.0,50,115,100
2013-14,96,"N Texas",9-4,-8.4,55,107,95
2013-14,97,"Tulane",7-6,-8.4,95,125,98
2013-14,98,"Kent St",4-8,-8.6,79,119,96
2013-14,99,"UL Monroe",6-6,-8.7,3,106,99
2013-14,100,"Buffalo",8-5,-8.9,2,113,92
2013-14,101,"Troy",6-6,-9.1,79,115,101
2013-14,102,"W Kentucky",8-4,-9.2,29,103,102
2013-14,103,"S Alabama",6-6,-9.4,94,122,103
2013-14,104,"Louisiana",9-4,-9.5,14,104,104
2013-14,105,"Air Force",2-10,-10.0,59,117,106
2013-14,106,"New Mexico",3-9,-10.0,62,123,105
2013-14,107,"Wyoming",5-7,-10.4,17,117,107
2013-14,108,"Ball St",10-3,-10.8,86,122,110
2013-14,109,"Army",3-9,-10.9,78,118,108
2013-14,110,"Akron",5-7,-11.1,20,124,109
2013-14,111,"Ohio",7-6,-11.7,14,114,112
2013-14,112,"Miami OH",0-12,-12.2,22,121,111
2013-14,113,"Idaho",1-11,-13.4,25,122,113
2013-14,114,"Southern Miss",1-11,-13.4,35,116,114
2013-14,115,"UAB",2-10,-14.1,9,120,115
2013-14,116,"Georgia St",0-12,-14.4,105,125,119
2013-14,117,"C Michigan",6-6,-14.5,16,122,116
2013-14,118,"Texas St",6-6,-14.5,72,122,120
2013-14,119,"UTEP",2-10,-14.5,74,124,118
2013-14,120,"W Michigan",1-11,-14.7,22,123,117
2013-14,121,"Louisiana Tech",4-8,-15.3,37,125,121
2013-14,122,"UMass",1-11,-15.6,20,123,123
2013-14,123,"E Michigan",2-10,-15.6,104,123,122
2013-14,124,"Florida Intl",1-11,-16.1,16,125,124
2013-14,125,"New Mexico St",2-10,-17.1,29,125,125
2014-15,1,"Auburn",8-5,14.0,1,45,1
2014-15,2,"Alabama",12-2,13.7,1,29,2
2014-15,3,"Mississippi",9-4,12.3,2,53,5
2014-15,4,"Arkansas",7-6,11.8,2,41,3
2014-15,5,"Oregon",13-2,11.4,2,61,12
2014-15,6,"Ohio St",14-1,11.1,6,55,26
2014-15,7,"LSU",8-5,11.0,3,22,4
2014-15,8,"UCLA",10-3,10.2,6,39,8
2014-15,9,"TCU",12-1,10.1,6,121,10
2014-15,10,"Mississippi St",10-3,9.7,4,104,6
2014-15,11,"Baylor",11-2,9.6,4,75,13
2014-15,12,"Texas A&M",8-5,9.5,3,33,7
2014-15,13,"Kansas St",9-4,9.5,9,87,9
2014-15,14,"Georgia",10-3,9.2,3,35,14
2014-15,15,"Stanford",8-5,8.8,8,81,11
2014-15,16,"Michigan St",11-2,8.8,5,113,24
2014-15,17,"USC",9-4,8.3,4,59,19
2014-15,18,"West Virginia",7-6,8.2,1,50,16
2014-15,19,"Oklahoma",8-5,8.2,3,75,15
2014-15,20,"Arizona",10-4,7.9,16,102,18
2014-15,21,"Florida",7-5,7.6,6,100,17
2014-15,22,"Utah",9-4,7.5,16,121,20
2014-15,23,"Missouri",11-3,7.3,20,96,22
2014-15,24,"Tennessee",7-6,7.0,4,79,21
2014-15,25,"Texas",6-7,6.9,6,77,23
2014-15,26,"Georgia Tech",11-3,6.6,23,99,29
2014-15,27,"Florida St",13-1,6.6,1,38,31
2014-15,28,"Arizona St",10-3,6.5,15,119,25
2014-15,29,"Clemson",10-3,6.5,1,32,32
2014-15,30,"South Carolina",7-6,6.1,3,31,27
2014-15,31,"California",5-7,5.2,23,72,28
2014-15,32,"Notre Dame",8-5,5.2,29,79,34
2014-15,33,"Washington St",3-9,4.9,20,70,30
2014-15,34,"Wisconsin",11-3,4.8,7,54,38
2014-15,35,"Miami",6-7,4.5,17,56,33
2014-15,36,"Louisville",9-4,4.1,29,72,43
2014-15,37,"Oklahoma St",7-6,3.8,3,63,37
2014-15,38,"Virginia",5-7,3.6,19,82,36
2014-15,39,"Washington",8-6,3.5,17,115,35
2014-15,40,"Maryland",7-6,3.3,33,101,46
2014-15,41,"Nebraska",9-4,3.3,33,116,47
2014-15,42,"Minnesota",8-5,3.0,42,124,44
2014-15,43,"Colorado",2-10,2.8,37,90,39
2014-15,44,"Kentucky",5-7,2.8,37,114,40
2014-15,45,"North Carolina",6-7,2.5,31,105,41
2014-15,46,"Oregon St",5-7,2.5,27,105,45
2014-15,47,"Michigan",5-7,2.3,10,84,49
2014-15,48,"Texas Tech",4-8,2.2,38,103,42
2014-15,49,"Virginia Tech",7-6,2.1,25,112,48
2014-15,50,"Boston College",7-6,1.4,27,91,51
2014-15,51,"Rutgers",8-5,1.3,32,95,52
2014-15,52,"Iowa St",2-10,1.0,26,71,50
2014-15,53,"Penn St",7-6,0.4,28,68,55
2014-15,54,"Northwestern",5-7,0.4,32,82,53
2014-15,55,"Syracuse",3-9,0.2,39,122,54
2014-15,56,"Pittsburgh",6-7,-0.2,47,91,56
2014-15,57,"NC State",8-5,-0.4,56,98,59
2014-15,58,"BYU",8-5,-0.6,22,78,58
2014-15,59,"Iowa",7-6,-0.7,26,114,61
2014-15,60,"Duke",9-4,-0.8,53,125,65
2014-15,61,"Kansas",3-9,-1.0,57,125,57
2014-15,62,"Illinois",6-7,-1.0,60,103,60
2014-15,63,"Memphis",10-3,-1.1,15,98,62
2014-15,64,"Boise St",12-2,-1.5,5,69,66
2014-15,65,"Indiana",4-8,-1.5,43,126,63
2014-15,66,"Cincinnati",9-4,-2.1,33,115,68
2014-15,67,"Louisiana Tech",9-5,-2.2,7,110,64
2014-15,68,"Purdue",3-9,-2.4,60,121,67
2014-15,69,"Vanderbilt",3-9,-2.8,24,76,69
2014-15,70,"E Carolina",8-5,-3.1,19,109,74
2014-15,71,"Wake Forest",3-9,-3.7,52,110,72
2014-15,72,"UCF",9-4,-3.8,5,77,71
2014-15,73,"Temple",6-6,-4.2,46,112,73
2014-15,74,"Navy",8-5,-4.5,13,76,76
2014-15,75,"Colorado St",10-3,-4.6,40,90,79
2014-15,76,"Nevada",7-6,-4.7,42,99,70
2014-15,77,"Tulane",3-9,-5.1,44,110,77
2014-15,78,"Utah St",10-4,-5.4,13,88,75
2014-15,79,"Houston",8-5,-5.6,30,93,81
2014-15,80,"Fresno St",6-8,-6.0,2,86,78
2014-15,81,"SMU",1-11,-6.0,8,83,80
2014-15,82,"UAB",6-6,-6.6,51,126,83
2014-15,83,"W Kentucky",8-5,-6.8,50,104,82
2014-15,84,"S Florida",4-8,-7.0,77,103,84
2014-15,85,"Rice",8-5,-7.1,1,97,90
2014-15,86,"Tulsa",2-10,-7.3,50,103,85
2014-15,87,"Middle Tenn",6-6,-7.3,69,121,88
2014-15,88,"San Diego St",7-6,-7.5,54,123,91
2014-15,89,"Hawai'i",4-9,-7.7,36,103,87
2014-15,90,"San Jose St",3-9,-7.7,67,126,86
2014-15,91,"Wyoming",4-8,-7.8,83,118,89
2014-15,92,"Florida Atlantic",3-9,-8.0,3,93,92
2014-15,93,"UTSA",4-8,-8.1,6,96,93
2014-15,94,"Air Force",10-3,-8.3,94,127,95
2014-15,95,"Southern Miss",3-9,-8.5,27,121,97
2014-15,96,"N Illinois",11-3,-8.5,42,119,108
2014-15,97,"Toledo",9-4,-8.5,42,116,101
2014-15,98,"Marshall",13-1,-8.6,59,123,103
2014-15,99,"New Mexico",4-8,-8.6,76,119,94
2014-15,100,"Georgia So",9-3,-8.7,39,101,98
2014-15,101,"Louisiana",9-4,-8.8,63,115,104
2014-15,102,"UTEP",7-6,-8.9,77,121,106
2014-15,103,"UNLV",2-11,-9.0,18,105,96
2014-15,104,"UL Monroe",4-8,-9.1,71,123,100
2014-15,105,"Arkansas St",7-6,-9.3,57,124,102
2014-15,106,"S Alabama",6-7,-9.3,64,117,99
2014-15,107,"Old Dominion",6-6,-9.5,84,120,107
2014-15,108,"UConn",2-10,-9.6,19,108,105
2014-15,109,"W Michigan",8-5,-10.3,57,123,110
2014-15,110,"Bowling Green",8-6,-10.6,21,111,109
2014-15,111,"Florida Intl",4-8,-10.7,100,128,111
2014-15,112,"C Michigan",7-6,-11.3,98,123,114
2014-15,113,"N Texas",4-8,-11.5,11,115,112
2014-15,114,"Miami OH",2-10,-11.7,50,123,113
2014-15,115,"Kent St",2-9,-12.0,65,120,115
2014-15,116,"UMass",3-9,-12.2,49,125,116
2014-15,117,"Ohio",6-6,-12.4,45,120,117
2014-15,118,"Texas St",7-5,-12.7,95,128,118
2014-15,119,"Ball St",5-7,-12.8,79,122,120
2014-15,120,"Army",4-8,-12.8,68,123,122
2014-15,121,"Idaho",1-10,-12.9,65,122,119
2014-15,122,"Akron",5-7,-13.0,57,128,123
2014-15,123,"App State",7-5,-13.1,16,125,121
2014-15,124,"E Michigan",2-10,-14.1,119,126,124
2014-15,125,"Georgia St",1-11,-14.7,117,128,125
2014-15,126,"Troy",3-9,-14.9,40,126,126
2014-15,127,"Buffalo",5-6,-16.3,87,128,127
2014-15,128,"New Mexico St",2-10,-16.6,123,128,128
2015-16,1,"Alabama",14-1,12.6,1,20,2
2015-16,2,"Oklahoma",11-2,11.1,1,73,1
2015-16,3,"Mississippi",10-3,10.5,2,71,4
2015-16,4,"Clemson",14-1,10.3,4,83,15
2015-16,5,"LSU",9-3,10.1,2,30,5
2015-16,6,"USC",8-6,9.9,3,74,3
2015-16,7,"Arkansas",8-5,9.9,1,75,6
2015-16,8,"Notre Dame",10-3,9.3,4,45,8
2015-16,9,"Mississippi St",9-4,8.6,5,58,13
2015-16,10,"Stanford",12-2,8.0,4,33,11
2015-16,11,"California",8-5,7.9,6,89,12
2015-16,12,"Tennessee",9-4,7.9,1,64,10
2015-16,13,"Baylor",10-3,7.9,3,100,9
2015-16,14,"TCU",11-2,7.8,3,47,7
2015-16,15,"Auburn",7-6,7.7,7,55,22
2015-16,16,"Oregon",9-4,7.6,3,86,21
2015-16,17,"Florida",10-4,7.5,6,96,20
2015-16,18,"Texas A&M",8-5,7.1,8,59,25
2015-16,19,"Washington",7-6,7.0,5,51,19
2015-16,20,"Michigan St",12-2,7.0,7,78,26
2015-16,21,"Oklahoma St",10-3,6.8,14,100,16
2015-16,22,"Utah",10-3,6.7,11,50,23
2015-16,23,"Georgia Tech",3-9,6.4,4,104,17
2015-16,24,"Arizona St",6-7,6.4,7,49,29
2015-16,25,"Texas",5-7,6.3,2,35,14
2015-16,26,"Ohio St",12-1,6.1,1,57,36
2015-16,27,"West Virginia",8-5,6.0,2,102,18
2015-16,28,"UCLA",8-5,6.0,12,66,27
2015-16,29,"North Carolina",11-3,5.8,26,79,32
2015-16,30,"Michigan",10-3,5.6,10,45,34
2015-16,31,"Texas Tech",7-6,5.6,11,126,24
2015-16,32,"Florida St",10-3,5.4,20,93,28
2015-16,33,"Georgia",10-3,5.2,5,71,38
2015-16,34,"Pittsburgh",8-5,4.9,19,103,31
2015-16,35,"Louisville",8-5,4.8,14,42,39
2015-16,36,"Virginia",4-8,4.6,1,67,37
2015-16,37,"Miami",8-5,4.5,22,95,30
2015-16,38,"Vanderbilt",4-8,4.5,14,78,40
2015-16,39,"Iowa St",3-9,4.0,30,115,33
2015-16,40,"Missouri",5-7,3.8,22,99,43
2015-16,41,"South Carolina",3-9,3.8,5,49,44
2015-16,42,"Washington St",9-4,3.8,39,121,45
2015-16,43,"Kansas St",6-7,3.6,16,104,41
2015-16,44,"Virginia Tech",7-6,3.5,4,44,35
2015-16,45,"BYU",9-4,3.3,1,55,55
2015-16,46,"Maryland",3-9,3.2,27,122,42
2015-16,47,"NC State",7-6,3.0,47,124,51
2015-16,48,"Northwestern",10-3,3.0,16,64,49
2015-16,49,"Wisconsin",10-3,2.9,1,60,59
2015-16,50,"Nebraska",6-7,2.8,14,55,53
2015-16,51,"Iowa",12-2,2.7,44,103,54
2015-16,52,"Syracuse",4-8,2.6,40,121,46
2015-16,53,"Memphis",9-4,2.4,43,114,48
2015-16,54,"Penn St",7-6,2.4,24,90,58
2015-16,55,"Minnesota",6-7,2.3,4,66,47
2015-16,56,"Arizona",7-6,2.2,27,110,50
2015-16,57,"Boston College",3-9,1.8,40,126,52
2015-16,58,"Illinois",5-7,1.6,49,120,56
2015-16,59,"Wake Forest",3-9,1.5,56,128,57
2015-16,60,"Indiana",6-7,0.9,51,112,61
2015-16,61,"Oregon St",2-10,0.8,56,125,63
2015-16,62,"Navy",11-2,0.7,46,128,64
2015-16,63,"Purdue",2-10,0.4,28,86,60
2015-16,64,"Kentucky",5-7,0.0,25,69,68
2015-16,65,"Colorado",4-9,-0.1,51,108,66
2015-16,66,"Duke",8-5,-0.2,39,115,62
2015-16,67,"S Florida",8-5,-0.2,61,128,65
2015-16,68,"Temple",10-4,-0.7,35,95,67
2015-16,69,"W Michigan",8-5,-0.9,20,80,69
2015-16,70,"Houston",13-1,-0.9,58,120,77
2015-16,71,"Boise St",9-4,-1.1,13,75,74
2015-16,72,"Cincinnati",7-6,-1.3,50,106,70
2015-16,73,"Bowling Green",10-4,-1.5,16,99,71
2015-16,74,"Utah St",6-7,-1.6,30,122,73
2015-16,75,"Toledo",10-2,-1.7,5,92,75
2015-16,76,"Air Force",8-6,-2.0,54,110,79
2015-16,77,"Rutgers",4-8,-2.1,64,117,76
2015-16,78,"E Carolina",5-7,-2.1,36,101,72
2015-16,79,"W Kentucky",12-2,-2.1,29,83,78
2015-16,80,"N Illinois",8-6,-3.7,44,125,80
2015-16,81,"Southern Miss",9-5,-3.8,25,108,86
2015-16,82,"UConn",6-7,-3.9,81,127,83
2015-16,83,"Georgia So",9-4,-4.2,5,98,89
2015-16,84,"C Michigan",7-6,-4.2,32,98,82
2015-16,85,"Kansas",0-12,-4.5,79,120,81
2015-16,86,"Middle Tenn",7-6,-4.6,33,114,84
2015-16,87,"Tulsa",6-7,-4.7,56,92,85
2015-16,88,"San Diego St",11-3,-4.9,56,117,88
2015-16,89,"Louisiana Tech",9-4,-5.4,31,96,87
2015-16,90,"San Jose St",6-7,-6.3,85,127,90
2015-16,91,"Colorado St",7-6,-7.1,65,116,91
2015-16,92,"Ohio",8-5,-7.3,77,114,93
2015-16,93,"Arkansas St",9-4,-7.3,3,106,92
2015-16,94,"New Mexico",7-6,-7.8,82,124,101
2015-16,95,"UNLV",3-9,-7.9,9,127,98
2015-16,96,"Fresno St",3-9,-8.1,81,126,99
2015-16,97,"App State",11-2,-8.2,54,102,97
2015-16,98,"Ball St",3-9,-8.4,73,123,94
2015-16,99,"Marshall",10-3,-8.4,40,123,95
2015-16,100,"SMU",2-10,-8.6,6,113,96
2015-16,101,"Nevada",7-6,-8.8,62,125,105
2015-16,102,"Akron",8-5,-8.9,6,102,102
2015-16,103,"UCF",0-12,-9.3,45,115,100
2015-16,104,"Troy",4-8,-9.3,35,122,106
2015-16,105,"Kent St",3-9,-9.7,31,118,103
2015-16,106,"Wyoming",2-10,-9.8,97,128,110
2015-16,107,"Buffalo",5-7,-9.8,87,127,104
2015-16,108,"UMass",3-9,-10.1,10,113,107
2015-16,109,"Tulane",3-9,-10.3,12,115,109
2015-16,110,"Florida Atlantic",3-9,-10.3,27,121,108
2015-16,111,"Hawai'i",3-10,-10.5,28,112,112
2015-16,112,"S Alabama",5-7,-10.6,104,119,111
2015-16,113,"N Texas",1-11,-11.4,64,113,113
2015-16,114,"Army",2-10,-11.9,103,123,114
2015-16,115,"Georgia St",6-7,-12.2,86,128,118
2015-16,116,"UTSA",3-9,-12.2,6,119,116
2015-16,117,"Idaho",4-8,-12.4,48,123,119
2015-16,118,"Miami OH",3-9,-12.5,114,124,115
2015-16,119,"Florida Intl",5-7,-12.5,45,119,117
2015-16,120,"UL Monroe",2-11,-13.0,9,124,123
2015-16,121,"New Mexico St",3-9,-13.1,29,127,121
2015-16,122,"Louisiana",4-8,-13.2,36,123,122
2015-16,123,"E Michigan",1-11,-13.2,76,128,120
2015-16,124,"Rice",5-7,-13.7,64,124,124
2015-16,125,"Texas St",3-9,-14.9,14,128,125
2015-16,126,"Charlotte",2-10,-15.2,78,128,126
2015-16,127,"Old Dominion",5-7,-15.3,81,127,127
2015-16,128,"UTEP",5-7,-15.6,4,128,128
2016-17,1,"Alabama",14-1,14.2,1,40,3
2016-17,2,"Ohio St",11-2,13.9,1,56,1
2016-17,3,"Clemson",14-1,13.7,1,17,7
2016-17,4,"LSU",8-4,10.7,4,26,6
2016-17,5,"Michigan",10-3,10.7,2,75,2
2016-17,6,"Florida St",10-3,10.7,1,22,10
2016-17,7,"Auburn",8-5,9.6,7,30,8
2016-17,8,"USC",10-3,9.3,1,20,5
2016-17,9,"Wisconsin",11-3,9.2,1,44,4
2016-17,10,"Washington",12-2,9.0,8,103,15
2016-17,11,"Oklahoma",11-2,8.6,1,18,12
2016-17,12,"Penn St",11-3,7.8,11,70,11
2016-17,13,"Colorado",10-4,7.3,9,115,9
2016-17,14,"Louisville",9-4,7.1,2,106,18
2016-17,15,"Mississippi",5-7,6.9,2,15,14
2016-17,16,"Florida",9-4,6.8,16,122,16
2016-17,17,"Stanford",10-3,6.7,2,63,13
2016-17,18,"Miami",9-4,6.5,15,118,20
2016-17,19,"Texas A&M",8-5,6.1,2,30,17
2016-17,20,"Virginia Tech",10-4,5.9,19,97,19
2016-17,21,"Pittsburgh",8-5,5.8,15,102,21
2016-17,22,"Arkansas",7-6,5.7,16,61,25
2016-17,23,"Kansas St",9-4,5.7,1,47,28
2016-17,24,"Tennessee",9-4,5.0,5,64,26
2016-17,25,"Oklahoma St",10-3,5.0,16,78,33
2016-17,26,"West Virginia",10-3,5.0,25,63,32
2016-17,27,"UCLA",4-8,4.5,6,27,22
2016-17,28,"Notre Dame",4-8,4.5,9,58,30
2016-17,29,"North Carolina",8-5,4.3,11,50,42
2016-17,30,"Oregon",4-8,4.2,14,111,24
2016-17,31,"NC State",7-6,4.2,30,122,40
2016-17,32,"Washington St",8-5,4.1,21,91,23
2016-17,33,"California",5-7,4.1,23,113,29
2016-17,34,"Michigan St",3-9,4.1,20,126,27
2016-17,35,"Duke",4-8,3.7,35,94,36
2016-17,36,"Texas",5-7,3.6,20,40,39
2016-17,37,"Northwestern",7-6,3.6,22,84,34
2016-17,38,"Georgia Tech",9-4,3.5,23,69,38
2016-17,39,"Vanderbilt",6-7,3.5,24,65,37
2016-17,40,"Georgia",8-5,3.0,11,47,45
2016-17,41,"Texas Tech",5-7,2.9,32,88,44
2016-17,42,"Utah",9-4,2.8,30,121,31
2016-17,43,"TCU",6-7,2.8,17,93,46
2016-17,44,"Iowa",8-5,2.7,21,125,43
2016-17,45,"Oregon St",4-8,2.6,16,81,35
2016-17,46,"Baylor",7-6,2.5,13,111,53
2016-17,47,"Nebraska",9-4,2.3,22,106,47
2016-17,48,"Syracuse",4-8,2.2,33,123,50
2016-17,49,"Iowa St",3-9,1.7,41,92,51
2016-17,50,"Mississippi St",6-7,1.6,24,73,41
2016-17,51,"Houston",9-4,1.5,8,66,48
2016-17,52,"Arizona St",5-7,1.4,33,103,49
2016-17,53,"Minnesota",9-4,1.1,49,122,54
2016-17,54,"Arizona",3-9,0.7,25,90,52
2016-17,55,"Kentucky",7-6,0.6,24,90,58
2016-17,56,"Missouri",4-8,0.6,14,61,55
2016-17,57,"Wake Forest",7-6,0.5,40,107,67
2016-17,58,"Virginia",2-10,0.4,53,85,57
2016-17,59,"South Carolina",6-7,0.1,3,67,65
2016-17,60,"Memphis",8-5,0.1,52,128,60
2016-17,61,"Indiana",6-7,-0.1,49,105,61
2016-17,62,"Navy",9-5,-0.2,44,107,59
2016-17,63,"BYU",9-4,-0.5,13,63,56
2016-17,64,"Tulsa",10-3,-1.2,26,101,66
2016-17,65,"S Florida",11-2,-1.2,45,100,64
2016-17,66,"Temple",10-4,-1.4,51,96,63
2016-17,67,"W Kentucky",11-3,-1.5,10,116,72
2016-17,68,"Maryland",6-7,-1.5,53,119,62
2016-17,69,"SMU",5-7,-1.7,45,96,69
2016-17,70,"Illinois",3-9,-1.7,39,115,68
2016-17,71,"Boston College",7-6,-1.9,28,84,73
2016-17,72,"Boise St",10-3,-2.2,35,74,71
2016-17,73,"Kansas",2-10,-2.4,71,127,74
2016-17,74,"UCF",6-7,-3.0,53,125,70
2016-17,75,"W Michigan",13-1,-3.2,35,87,85
2016-17,76,"E Carolina",3-9,-3.3,38,112,75
2016-17,77,"Wyoming",8-6,-3.7,37,106,81
2016-17,78,"Rutgers",2-10,-3.8,2,85,76
2016-17,79,"Purdue",3-9,-4.2,77,123,79
2016-17,80,"Cincinnati",4-8,-4.2,49,124,78
2016-17,81,"Louisiana Tech",9-5,-4.3,26,94,83
2016-17,82,"Utah St",3-9,-4.4,56,123,80
2016-17,83,"Colorado St",7-6,-4.5,38,114,77
2016-17,84,"App State",10-3,-4.6,6,86,86
2016-17,85,"Toledo",9-4,-5.0,57,125,84
2016-17,86,"Tulane",4-8,-5.5,46,115,82
2016-17,87,"San Diego St",11-3,-6.0,47,106,93
2016-17,88,"N Illinois",5-7,-6.2,29,88,87
2016-17,89,"Georgia So",5-7,-6.6,43,117,91
2016-17,90,"UConn",3-9,-6.9,66,120,88
2016-17,91,"C Michigan",6-7,-7.0,33,126,92
2016-17,92,"Air Force",10-3,-7.3,69,127,89
2016-17,93,"Army",8-5,-7.5,47,105,90
2016-17,94,"Troy",10-3,-8.1,23,124,94
2016-17,95,"San Jose St",4-8,-8.5,32,113,95
2016-17,96,"Arkansas St",8-5,-8.7,5,114,102
2016-17,97,"E Michigan",7-6,-8.9,96,128,96
2016-17,98,"UMass",2-10,-9.4,23,126,98
2016-17,99,"Fresno St",1-11,-9.5,13,106,99
2016-17,100,"Ohio",8-6,-9.7,83,125,104
2016-17,101,"Hawai'i",7-7,-9.8,33,112,108
2016-17,102,"UTSA",6-7,-9.8,99,124,100
2016-17,103,"Southern Miss",7-6,-9.9,51,113,101
2016-17,104,"Miami OH",6-7,-10.1,19,119,109
2016-17,105,"Middle Tenn",8-5,-10.2,54,108,97
2016-17,106,"Akron",5-7,-10.2,62,123,103
2016-17,107,"UNLV",4-8,-10.2,59,128,105
2016-17,108,"New Mexico",9-4,-10.4,98,127,107
2016-17,109,"N Texas",5-8,-10.5,62,125,112
2016-17,110,"Idaho",9-4,-10.7,97,125,120
2016-17,111,"Ball St",4-8,-10.7,64,117,106
2016-17,112,"New Mexico St",3-9,-10.8,67,127,113
2016-17,113,"Old Dominion",10-3,-11.0,73,125,115
2016-17,114,"Louisiana",6-7,-11.1,24,125,116
2016-17,115,"Bowling Green",4-8,-11.2,3,116,110
2016-17,116,"Kent St",3-9,-11.2,22,123,111
2016-17,117,"Nevada",5-7,-11.3,83,126,117
2016-17,118,"Florida Intl",4-8,-11.5,38,124,114
2016-17,119,"S Alabama",6-7,-11.5,11,121,121
2016-17,120,"Georgia St",3-9,-11.5,38,120,118
2016-17,121,"Marshall",3-9,-12.0,42,123,119
2016-17,122,"Buffalo",2-10,-12.9,99,127,122
2016-17,123,"Rice",3-9,-13.4,9,125,123
2016-17,124,"UL Monroe",4-8,-13.9,95,128,125
2016-17,125,"Charlotte",4-8,-14.2,37,128,124
2016-17,126,"Florida Atlantic",3-9,-14.3,94,127,126
2016-17,127,"UTEP",4-8,-15.6,100,128,127
2016-17,128,"Texas St",2-10,-16.0,31,128,128
2017-18,1,"Auburn",10-4,13.0,1,73,1
2017-18,2,"Oklahoma",12-2,12.7,1,69,4
2017-18,3,"Ohio St",12-2,12.3,2,53,3
2017-18,4,"Clemson",12-2,12.0,2,68,6
2017-18,5,"Penn St",11-2,11.8,1,90,2
2017-18,6,"Alabama",12-1,11.7,1,42,7
2017-18,7,"Georgia",13-1,11.5,4,51,11
2017-18,8,"TCU",11-3,10.1,3,82,10
2017-18,9,"Notre Dame",10-3,9.8,7,62,8
2017-18,10,"Iowa",8-5,9.3,7,71,9
2017-18,11,"Florida St",7-6,8.3,1,12,5
2017-18,12,"Oklahoma St",10-3,8.2,7,86,12
2017-18,13,"Stanford",9-5,8.1,5,101,16
2017-18,14,"Wisconsin",13-1,7.9,13,99,45
2017-18,15,"USC",11-3,7.8,5,46,22
2017-18,16,"Wake Forest",8-5,7.8,10,124,15
2017-18,17,"Texas",7-6,7.5,4,47,14
2017-18,18,"Michigan St",10-3,7.5,10,100,17
2017-18,19,"Miami",10-3,7.5,12,130,28
2017-18,20,"Iowa St",8-5,7.5,16,118,18
2017-18,21,"Michigan",8-5,7.3,12,35,13
2017-18,22,"Mississippi St",9-4,7.2,4,91,21
2017-18,23,"NC State",9-4,7.2,12,71,19
2017-18,24,"Boston College",7-6,7.0,5,72,20
2017-18,25,"Louisville",8-5,6.6,4,55,24
2017-18,26,"Washington",10-3,6.3,6,87,41
2017-18,27,"LSU",9-4,6.2,10,68,34
2017-18,28,"Georgia Tech",5-6,5.7,19,87,23
2017-18,29,"Virginia Tech",9-4,5.7,22,70,31
2017-18,30,"West Virginia",7-6,5.4,18,73,26
2017-18,31,"UCLA",6-7,5.3,19,53,25
2017-18,32,"Texas Tech",6-7,5.3,20,128,27
2017-18,33,"Purdue",7-6,5.1,13,95,29
2017-18,34,"Maryland",4-8,5.0,8,73,32
2017-18,35,"Northwestern",10-3,4.9,18,76,30
2017-18,36,"Kansas St",8-5,4.5,15,115,35
2017-18,37,"Washington St",9-4,4.5,21,112,33
2017-18,38,"Arizona St",7-6,4.3,7,118,36
2017-18,39,"Syracuse",4-8,4.1,30,125,39
2017-18,40,"Nebraska",4-8,3.9,27,66,37
2017-18,41,"Texas A&M",7-6,3.8,16,64,47
2017-18,42,"Utah",7-6,3.8,28,123,40
2017-18,43,"Indiana",5-7,3.7,2,58,42
2017-18,44,"Duke",7-6,3.6,34,95,38
2017-18,45,"Florida",4-7,3.4,3,48,48
2017-18,46,"Pittsburgh",5-7,3.4,19,100,43
2017-18,47,"Oregon",7-6,3.3,35,90,44
2017-18,48,"South Carolina",9-4,3.2,18,70,54
2017-18,49,"California",5-7,2.5,25,81,46
2017-18,50,"Baylor",1-11,2.0,26,108,51
2017-18,51,"Virginia",6-7,2.0,49,119,50
2017-18,52,"North Carolina",3-9,2.0,31,54,49
2017-18,53,"Arkansas",4-8,1.9,25,121,52
2017-18,54,"UCF",13-0,1.8,38,129,67
2017-18,55,"Missouri",7-6,1.3,36,101,58
2017-18,56,"Navy",7-6,1.3,49,96,55
2017-18,57,"Minnesota",5-7,1.3,52,115,56
2017-18,58,"Arizona",7-6,1.3,46,113,53
2017-18,59,"Kentucky",7-6,1.0,38,81,61
2017-18,60,"Memphis",10-3,0.3,41,110,68
2017-18,61,"Colorado",5-7,0.2,35,82,57
2017-18,62,"Mississippi",6-6,0.1,44,123,60
2017-18,63,"Rutgers",4-8,0.1,13,104,59
2017-18,64,"Vanderbilt",5-7,-0.3,24,66,64
2017-18,65,"Tennessee",4-8,-0.3,18,66,63
2017-18,66,"Oregon St",1-11,-0.7,21,75,62
2017-18,67,"Boise St",11-3,-0.8,22,70,65
2017-18,68,"Houston",7-5,-1.1,9,68,66
2017-18,69,"Fresno St",10-4,-1.7,20,125,72
2017-18,70,"Illinois",2-10,-2.6,48,96,70
2017-18,71,"Tulsa",2-10,-3.5,3,74,71
2017-18,72,"Air Force",5-7,-3.8,24,129,73
2017-18,73,"Army",10-3,-3.8,51,120,83
2017-18,74,"SMU",7-6,-3.8,61,128,69
2017-18,75,"San Diego St",10-3,-4.0,18,116,74
2017-18,76,"Tulane",5-7,-4.2,38,126,75
2017-18,77,"Kansas",1-11,-4.4,75,125,76
2017-18,78,"Temple",7-6,-4.6,8,110,77
2017-18,79,"N Illinois",8-5,-4.9,52,111,79
2017-18,80,"S Florida",10-2,-5.2,24,130,89
2017-18,81,"BYU",4-9,-5.7,33,130,82
2017-18,82,"Toledo",11-3,-5.9,56,126,78
2017-18,83,"E Michigan",5-7,-5.9,67,119,81
2017-18,84,"Wyoming",8-5,-6.1,14,111,87
2017-18,85,"W Michigan",6-6,-6.2,5,92,80
2017-18,86,"Colorado St",7-6,-6.3,33,93,86
2017-18,87,"Florida Atlantic",11-3,-6.4,14,107,91
2017-18,88,"Nevada",3-9,-6.4,19,108,85
2017-18,89,"Utah St",6-7,-6.5,3,89,84
2017-18,90,"Akron",7-7,-6.8,9,103,94
2017-18,91,"UConn",3-9,-6.8,88,130,88
2017-18,92,"New Mexico",3-9,-6.9,79,123,92
2017-18,93,"Cincinnati",4-8,-7.1,49,129,93
2017-18,94,"C Michigan",8-5,-7.3,85,127,90
2017-18,95,"App State",9-4,-7.5,10,112,104
2017-18,96,"E Carolina",3-9,-7.6,83,110,97
2017-18,97,"Bowling Green",2-10,-7.7,24,108,95
2017-18,98,"N Texas",9-5,-8.0,79,130,100
2017-18,99,"Ohio",9-4,-8.3,67,120,96
2017-18,100,"Troy",11-2,-8.3,21,106,103
2017-18,101,"Buffalo",6-6,-8.4,13,126,98
2017-18,102,"Marshall",8-5,-8.7,48,115,102
2017-18,103,"Louisiana Tech",7-6,-9.2,56,123,110
2017-18,104,"UNLV",5-7,-9.7,93,128,101
2017-18,105,"UL Monroe",4-8,-9.8,15,125,115
2017-18,106,"Kent St",2-10,-9.8,11,115,99
2017-18,107,"Middle Tenn",7-6,-9.9,12,111,111
2017-18,108,"UMass",4-8,-10.2,75,122,109
2017-18,109,"Southern Miss",8-5,-10.2,41,121,117
2017-18,110,"Hawai'i",3-9,-10.4,86,119,106
2017-18,111,"San Jose St",2-11,-10.6,39,121,108
2017-18,112,"Rice",1-11,-10.7,12,117,112
2017-18,113,"Georgia So",2-10,-10.7,3,115,105
2017-18,114,"New Mexico St",7-6,-10.8,39,129,113
2017-18,115,"UTEP",0-12,-10.9,15,127,114
2017-18,116,"Arkansas St",7-5,-11.0,19,116,116
2017-18,117,"Miami OH",5-7,-11.1,51,117,107
2017-18,118,"S Alabama",4-8,-11.8,11,123,118
2017-18,119,"Florida Intl",8-5,-11.8,18,130,120
2017-18,120,"Idaho",4-8,-12.5,118,130,125
2017-18,121,"Coastal Car",3-9,-12.7,85,127,121
2017-18,122,"Old Dominion",5-7,-13.0,98,124,122
2017-18,123,"UTSA",6-5,-13.1,45,128,124
2017-18,124,"Ball St",2-10,-13.1,55,125,119
2017-18,125,"Charlotte",1-11,-13.1,37,130,123
2017-18,126,"W Kentucky",6-7,-13.4,46,129,126
2017-18,127,"Louisiana",5-7,-13.5,93,127,127
2017-18,128,"Georgia St",7-5,-14.0,102,130,128
2017-18,129,"Texas St",2-10,-14.2,115,130,129
2017-18,130,"UAB",8-5,-14.6,110,130,130
2018-19,1,"Alabama",14-1,15.8,1,37,2
2018-19,2,"Clemson",15-0,13.5,2,69,14
2018-19,3,"Georgia",11-3,12.3,1,72,1
2018-19,4,"LSU",10-3,11.3,1,28,3
2018-19,5,"Texas A&M",9-4,11.2,1,114,4
2018-19,6,"Mississippi St",8-5,10.9,3,80,5
2018-19,7,"Auburn",8-5,10.3,4,26,8
2018-19,8,"Oklahoma",12-2,9.9,7,70,16
2018-19,9,"Michigan",10-3,9.4,3,18,7
2018-19,10,"Florida",10-3,8.8,6,91,10
2018-19,11,"Missouri",8-5,8.6,3,108,6
2018-19,12,"Texas",10-4,8.3,12,47,17
2018-19,13,"Notre Dame",12-1,8.0,9,34,26
2018-19,14,"Kentucky",10-3,7.9,8,81,13
2018-19,15,"Ohio St",13-1,7.6,1,66,11
2018-19,16,"Penn St",9-4,7.6,2,40,12
2018-19,17,"Pittsburgh",7-7,7.2,15,116,18
2018-19,18,"Washington",10-4,7.2,2,36,22
2018-19,19,"West Virginia",8-4,6.9,14,94,19
2018-19,20,"South Carolina",7-6,6.9,4,92,9
2018-19,21,"Purdue",6-7,6.7,16,56,21
2018-19,22,"Michigan St",7-6,6.7,5,69,15
2018-19,23,"Northwestern",9-5,6.6,10,36,23
2018-19,24,"Iowa St",8-5,6.1,1,40,27
2018-19,25,"Oklahoma St",7-6,6.0,21,118,30
2018-19,26,"UCLA",3-9,6.0,4,65,20
2018-19,27,"Iowa",9-4,6.0,20,62,34
2018-19,28,"Wisconsin",8-5,5.6,4,98,36
2018-19,29,"TCU",7-6,5.4,3,94,25
2018-19,30,"Texas Tech",5-7,5.3,11,50,29
2018-19,31,"Stanford",9-4,5.2,15,67,24
2018-19,32,"Utah",9-5,5.1,18,121,28
2018-19,33,"Syracuse",10-3,4.8,30,96,42
2018-19,34,"Kansas St",5-7,4.5,30,101,37
2018-19,35,"Maryland",5-7,4.5,25,74,32
2018-19,36,"Tennessee",5-7,4.3,16,100,33
2018-19,37,"Indiana",5-7,4.2,34,81,35
2018-19,38,"Duke",8-5,4.2,23,84,45
2018-19,39,"Mississippi",5-7,4.0,20,53,39
2018-19,40,"Minnesota",7-6,4.0,31,122,43
2018-19,41,"Nebraska",4-8,3.9,19,52,40
2018-19,42,"Vanderbilt",6-7,3.9,29,90,31
2018-19,43,"Miami",7-6,3.8,11,46,44
2018-19,44,"Boston College",7-5,3.5,29,106,38
2018-19,45,"USC",5-7,3.5,10,77,41
2018-19,46,"Arizona St",7-6,3.4,13,95,46
2018-19,47,"Baylor",7-6,3.0,44,119,49
2018-19,48,"Florida St",5-7,2.9,15,57,48
2018-19,49,"Georgia Tech",7-6,2.8,33,96,47
2018-19,50,"Washington St",11-2,2.2,49,119,50
2018-19,51,"Oregon",9-4,2.0,21,129,51
2018-19,52,"Wake Forest",7-6,1.9,45,77,52
2018-19,53,"Virginia",8-5,1.7,43,121,55
2018-19,54,"NC State",9-4,1.6,32,130,59
2018-19,55,"Boise St",10-3,1.6,7,67,53
2018-19,56,"Virginia Tech",6-7,1.6,19,77,54
2018-19,57,"California",7-6,0.9,42,86,57
2018-19,58,"Kansas",3-9,0.8,53,120,58
2018-19,59,"North Carolina",2-9,0.7,26,62,56
2018-19,60,"Fresno St",12-2,0.5,31,94,64
2018-19,61,"BYU",7-6,0.2,15,75,61
2018-19,62,"Arizona",5-7,-0.1,24,72,60
2018-19,63,"Arkansas",2-10,-0.4,52,112,63
2018-19,64,"Colorado",5-7,-0.4,48,117,62
2018-19,65,"UCF",12-1,-0.7,23,126,71
2018-19,66,"Rutgers",1-11,-1.5,61,102,66
2018-19,67,"Utah St",11-2,-1.5,11,83,73
2018-19,68,"Oregon St",2-10,-1.8,7,102,68
2018-19,69,"Temple",8-5,-1.9,53,105,65
2018-19,70,"Navy",3-10,-2.2,43,96,67
2018-19,71,"N Illinois",8-6,-2.2,5,72,69
2018-19,72,"Cincinnati",11-2,-2.3,41,107,70
2018-19,73,"Army",11-2,-2.8,17,83,79
2018-19,74,"Memphis",8-6,-3.1,38,118,72
2018-19,75,"Louisville",2-10,-3.5,2,83,75
2018-19,76,"SMU",5-7,-3.9,3,89,74
2018-19,77,"Middle Tenn",8-6,-4.0,34,95,83
2018-19,78,"Illinois",4-8,-4.1,75,125,77
2018-19,79,"App State",11-2,-4.2,6,84,84
2018-19,80,"Air Force",5-7,-4.3,55,119,81
2018-19,81,"San Diego St",7-6,-4.5,4,85,82
2018-19,82,"Miami OH",6-6,-4.5,34,97,80
2018-19,83,"Tulane",7-6,-4.6,39,90,76
2018-19,84,"Wyoming",6-6,-4.9,63,118,86
2018-19,85,"Florida Atlantic",5-7,-5.0,1,87,85
2018-19,86,"Houston",8-5,-5.1,40,88,78
2018-19,87,"Ohio",9-4,-5.5,63,128,88
2018-19,88,"Nevada",8-5,-5.8,72,126,89
2018-19,89,"Buffalo",10-4,-5.9,83,123,90
2018-19,90,"Toledo",7-6,-6.1,39,127,87
2018-19,91,"Troy",10-3,-6.5,18,106,96
2018-19,92,"E Michigan",7-6,-6.6,50,128,92
2018-19,93,"W Michigan",7-6,-6.9,11,95,94
2018-19,94,"Marshall",9-4,-6.9,57,119,95
2018-19,95,"Tulsa",3-9,-7.2,60,114,91
2018-19,96,"S Florida",7-6,-7.7,57,123,93
2018-19,97,"UAB",11-3,-7.8,97,128,99
2018-19,98,"San Jose St",1-11,-8.1,87,125,98
2018-19,99,"Akron",4-8,-8.3,56,129,97
2018-19,100,"Arkansas St",8-5,-8.3,43,118,100
2018-19,101,"Georgia So",10-3,-8.4,83,122,106
2018-19,102,"Colorado St",3-9,-8.5,67,126,101
2018-19,103,"Louisiana",7-7,-8.7,97,130,102
2018-19,104,"New Mexico",3-9,-8.7,84,124,105
2018-19,105,"Charlotte",5-7,-8.8,101,127,104
2018-19,106,"Florida Intl",9-4,-9.4,52,121,116
2018-19,107,"Hawai'i",8-6,-9.5,70,129,111
2018-19,108,"Coastal Car",5-7,-9.6,17,120,112
2018-19,109,"UNLV",4-8,-9.6,13,123,110
2018-19,110,"UL Monroe",6-6,-9.6,87,124,113
2018-19,111,"E Carolina",3-9,-9.6,83,124,103
2018-19,112,"Kent St",2-10,-9.7,62,128,109
2018-19,113,"N Texas",9-4,-9.7,78,122,121
2018-19,114,"Bowling Green",3-9,-9.8,12,123,107
2018-19,115,"Louisiana Tech",8-5,-9.9,48,125,115
2018-19,116,"C Michigan",1-11,-9.9,32,116,108
2018-19,117,"Ball St",4-8,-10.2,79,130,114
2018-19,118,"Georgia St",2-10,-10.8,100,126,117
2018-19,119,"Southern Miss",6-5,-10.9,103,130,119
2018-19,120,"UMass",4-8,-11.0,65,130,118
2018-19,121,"W Kentucky",3-9,-11.4,9,125,120
2018-19,122,"S Alabama",3-9,-11.6,48,125,123
2018-19,123,"UTSA",3-9,-11.7,22,128,124
2018-19,124,"Old Dominion",4-8,-11.7,48,124,122
2018-19,125,"UConn",1-11,-12.6,3,125,125
2018-19,126,"Liberty",6-6,-12.6,68,126,126
2018-19,127,"New Mexico St",3-9,-13.9,59,127,127
2018-19,128,"Texas St",3-9,-14.4,38,130,128
2018-19,129,"Rice",2-11,-14.6,88,129,129
2018-19,130,"UTEP",1-11,-15.2,107,130,130
2019-20,1,"Ohio St",13-1,19.0,1,67,1
2019-20,2,"LSU",15-0,18.2,1,68,2
2019-20,3,"Clemson",14-1,15.6,1,62,31
2019-20,4,"Michigan",9-4,15.1,3,74,5
2019-20,5,"Wisconsin",10-4,15.1,2,89,4
2019-20,6,"Auburn",9-4,14.6,1,17,3
2019-20,7,"Alabama",11-2,14.4,1,51,6
2019-20,8,"Georgia",12-2,12.7,3,48,7
2019-20,9,"Penn St",11-2,12.2,1,92,8
2019-20,10,"Florida",11-2,10.9,4,37,9
2019-20,11,"Texas A&M",8-5,10.4,1,107,10
2019-20,12,"Oregon",12-2,9.9,4,19,13
2019-20,13,"Iowa",10-3,9.2,7,98,12
2019-20,14,"Oklahoma",12-2,9.0,7,56,18
2019-20,15,"South Carolina",4-8,8.9,2,41,11
2019-20,16,"Notre Dame",11-2,8.6,1,59,14
2019-20,17,"Texas",8-5,8.3,9,78,17
2019-20,18,"USC",8-5,7.3,6,61,16
2019-20,19,"Baylor",11-3,6.7,19,127,22
2019-20,20,"Utah",11-3,6.5,16,55,20
2019-20,21,"Iowa St",7-6,6.5,18,120,21
2019-20,22,"Minnesota",11-2,6.3,21,122,30
2019-20,23,"Mississippi St",6-7,6.1,10,65,15
2019-20,24,"Michigan St",7-6,5.8,5,97,19
2019-20,25,"Oklahoma St",8-5,5.2,23,92,29
2019-20,26,"TCU",5-7,5.1,19,122,23
2019-20,27,"Nebraska",5-7,5.0,20,89,25
2019-20,28,"Washington",8-5,4.9,12,90,27
2019-20,29,"Indiana",8-5,4.9,19,101,24
2019-20,30,"Stanford",4-8,4.8,1,42,26
2019-20,31,"Mississippi",4-8,4.5,22,74,28
2019-20,32,"Kansas St",8-5,4.1,24,123,33
2019-20,33,"Tennessee",8-5,3.9,21,104,38
2019-20,34,"Washington St",6-7,3.8,23,106,36
2019-20,35,"UCLA",4-8,3.6,7,41,34
2019-20,36,"Colorado",5-7,3.6,30,110,32
2019-20,37,"Northwestern",3-9,3.5,8,41,35
2019-20,38,"California",8-5,3.3,29,104,37
2019-20,39,"Purdue",4-8,3.2,30,74,40
2019-20,40,"Virginia",9-5,3.1,33,66,51
2019-20,41,"Oregon St",5-7,3.1,31,99,39
2019-20,42,"Cincinnati",11-3,2.8,11,61,43
2019-20,43,"Arizona St",8-5,2.8,28,124,41
2019-20,44,"Memphis",12-2,2.6,29,112,62
2019-20,45,"Tulsa",4-8,2.5,11,95,42
2019-20,46,"North Carolina",7-6,2.4,5,58,45
2019-20,47,"Louisville",8-5,2.1,15,90,49
2019-20,48,"Maryland",3-9,2.1,28,91,44
2019-20,49,"Houston",4-8,1.9,6,50,46
2019-20,50,"Navy",11-2,1.9,50,130,56
2019-20,51,"Kentucky",8-5,1.9,20,93,55
2019-20,52,"Missouri",6-6,1.8,25,88,54
2019-20,53,"West Virginia",5-7,1.6,45,99,48
2019-20,54,"Arizona",4-8,1.4,46,93,50
2019-20,55,"Texas Tech",4-8,1.4,41,125,53
2019-20,56,"Florida St",6-7,1.3,22,60,52
2019-20,57,"Tulane",7-6,1.1,21,104,47
2019-20,58,"UCF",10-3,0.8,26,111,60
2019-20,59,"Duke",5-7,0.7,1,61,58
2019-20,60,"Illinois",6-7,0.7,43,118,57
2019-20,61,"SMU",10-3,-0.1,43,83,63
2019-20,62,"Miami",6-7,-0.2,4,63,61
2019-20,63,"Pittsburgh",8-5,-0.4,11,63,59
2019-20,64,"Virginia Tech",8-5,-0.4,28,111,64
2019-20,65,"Wake Forest",8-5,-1.0,48,81,70
2019-20,66,"Boston College",6-7,-1.1,41,118,65
2019-20,67,"Arkansas",2-10,-1.6,64,119,69
2019-20,68,"Vanderbilt",3-9,-1.7,3,73,68
2019-20,69,"Air Force",11-2,-1.8,31,126,76
2019-20,70,"Kansas",3-9,-1.8,64,120,66
2019-20,71,"BYU",7-6,-1.9,13,71,67
2019-20,72,"Syracuse",5-7,-2.1,12,77,71
2019-20,73,"Boise St",12-2,-2.6,24,81,81
2019-20,74,"Georgia Tech",3-9,-2.9,2,92,72
2019-20,75,"Temple",8-5,-2.9,35,127,74
2019-20,76,"App State",13-1,-3.0,46,124,73
2019-20,77,"Florida Atlantic",11-3,-3.2,1,82,82
2019-20,78,"S Florida",4-8,-3.8,8,96,75
2019-20,79,"Louisiana",11-3,-3.8,23,93,77
2019-20,80,"Rutgers",2-10,-4.5,77,124,78
2019-20,81,"NC State",4-8,-4.6,47,108,80
2019-20,82,"Hawai'i",10-5,-4.7,41,95,83
2019-20,83,"Utah St",7-6,-4.9,35,83,79
2019-20,84,"Marshall",8-5,-6.1,47,117,89
2019-20,85,"Wyoming",8-5,-6.4,45,111,85
2019-20,86,"Fresno St",4-8,-6.6,17,87,86
2019-20,87,"Southern Miss",7-6,-6.7,33,120,92
2019-20,88,"Georgia So",7-6,-6.7,6,99,84
2019-20,89,"Miami OH",8-6,-6.8,14,100,90
2019-20,90,"Army",5-8,-6.9,25,119,87
2019-20,91,"W Kentucky",9-4,-7.7,90,123,98
2019-20,92,"Ball St",5-7,-7.7,36,113,91
2019-20,93,"UL Monroe",5-7,-7.8,80,121,88
2019-20,94,"Middle Tenn",4-8,-8.0,4,103,93
2019-20,95,"San Jose St",5-7,-8.2,94,126,95
2019-20,96,"W Michigan",7-6,-8.3,53,118,96
2019-20,97,"Colorado St",4-8,-8.3,50,115,94
2019-20,98,"San Diego St",10-3,-8.4,71,111,103
2019-20,99,"Kent St",7-6,-8.8,30,121,106
2019-20,100,"Rice",3-9,-8.9,21,128,104
2019-20,101,"Arkansas St",8-5,-8.9,26,105,97
2019-20,102,"Ohio",7-6,-9.0,54,115,99
2019-20,103,"Georgia St",7-6,-9.0,31,110,102
2019-20,104,"UNLV",4-8,-9.2,90,128,105
2019-20,105,"N Illinois",5-7,-9.2,63,110,101
2019-20,106,"S Alabama",2-10,-9.3,24,120,100
2019-20,107,"E Michigan",6-7,-9.3,33,108,108
2019-20,108,"Buffalo",8-5,-9.6,78,129,107
2019-20,109,"Troy",5-7,-10.3,83,129,109
2019-20,110,"E Carolina",4-8,-10.4,27,123,110
2019-20,111,"Nevada",7-6,-10.7,19,123,116
2019-20,112,"N Texas",4-8,-10.7,69,114,114
2019-20,113,"C Michigan",8-6,-10.8,109,128,113
2019-20,114,"Toledo",6-6,-10.9,12,114,112
2019-20,115,"Louisiana Tech",10-3,-11.0,10,124,122
2019-20,116,"Florida Intl",6-7,-11.0,29,124,115
2019-20,117,"Texas St",3-9,-11.0,10,117,111
2019-20,118,"Charlotte",7-6,-11.3,101,128,118
2019-20,119,"New Mexico",2-10,-11.4,109,128,117
2019-20,120,"UAB",9-5,-11.6,98,130,123
2019-20,121,"Coastal Car",5-7,-12.2,81,125,119
2019-20,122,"Liberty",8-5,-12.3,32,127,124
2019-20,123,"Old Dominion",1-11,-12.8,100,123,120
2019-20,124,"UConn",2-10,-13.4,107,127,121
2019-20,125,"UTSA",4-8,-13.8,112,129,125
2019-20,126,"New Mexico St",2-10,-14.0,9,126,126
2019-20,127,"Bowling Green",3-9,-17.4,114,130,128
2019-20,128,"UTEP",1-11,-17.5,115,129,127
2019-20,129,"Akron",0-12,-18.7,43,129,129
2019-20,130,"UMass",1-11,-23.0,65,130,130
2020-21,1,"Ohio St",7-1,18.2,1,42,10
2020-21,2,"Alabama",13-0,17.0,1,20,1
2020-21,3,"Clemson",10-2,13.3,1,23,3
2020-21,4,"Georgia",8-2,12.8,1,29,2
2020-21,5,"Florida",8-4,12.1,4,24,4
2020-21,6,"Oklahoma",9-2,12.1,3,66,12
2020-21,7,"Notre Dame",10-2,11.9,5,100,8
2020-21,8,"Texas A&M",9-1,11.2,3,65,5
2020-21,9,"Iowa St",9-3,11.1,6,37,11
2020-21,10,"Arkansas",3-7,10.5,3,56,6
2020-21,11,"Auburn",6-5,10.4,3,25,7
2020-21,12,"Wisconsin",4-3,10.1,3,92,9
2020-21,13,"Oklahoma St",8-3,9.4,11,37,17
2020-21,14,"Indiana",6-2,9.2,5,57,13
2020-21,15,"Texas",7-3,9.0,10,69,15
2020-21,16,"Northwestern",7-2,8.8,7,108,20
2020-21,17,"LSU",5-5,8.6,5,52,14
2020-21,18,"Michigan St",2-5,8.5,15,96,16
2020-21,19,"Mississippi",5-5,7.9,2,33,22
2020-21,20,"Mississippi St",4-7,7.6,4,37,19
2020-21,21,"Baylor",2-7,7.6,15,81,29
2020-21,22,"Tennessee",3-7,7.6,4,29,18
2020-21,23,"Iowa",6-2,7.5,19,52,26
2020-21,24,"Nebraska",3-5,7.4,1,50,25
2020-21,25,"TCU",6-4,7.2,8,36,34
2020-21,26,"Penn St",4-5,7.1,2,43,23
2020-21,27,"Miami",8-3,7.0,8,67,27
2020-21,28,"Kentucky",5-6,6.8,2,33,21
2020-21,29,"Oregon",4-3,6.8,29,57,38
2020-21,30,"Maryland",2-3,6.6,14,65,32
2020-21,31,"Michigan",2-4,6.6,11,46,30
2020-21,32,"Wake Forest",4-5,6.5,1,36,35
2020-21,33,"Washington St",1-3,6.4,22,77,24
2020-21,34,"Illinois",2-6,6.4,1,62,36
2020-21,35,"Virginia Tech",5-6,6.1,15,55,28
2020-21,36,"South Carolina",2-8,6.0,4,40,33
2020-21,37,"USC",5-1,5.8,26,58,31
2020-21,38,"Missouri",5-5,5.7,1,43,37
2020-21,39,"North Carolina",8-4,5.6,13,54,44
2020-21,40,"Kansas St",4-6,5.5,19,58,47
2020-21,41,"Minnesota",3-4,5.5,4,58,42
2020-21,42,"Kansas",0-9,5.3,25,60,46
2020-21,43,"Arizona St",2-2,5.1,1,62,39
2020-21,44,"Virginia",5-5,4.5,9,62,43
2020-21,45,"UCLA",3-4,4.5,35,67,40
2020-21,46,"Stanford",4-2,4.5,2,63,41
2020-21,47,"California",1-3,4.2,32,67,45
2020-21,48,"West Virginia",6-4,4.2,23,81,52
2020-21,49,"Purdue",2-4,4.1,22,60,55
2020-21,50,"Cincinnati",9-1,4.0,23,118,65
2020-21,51,"Pittsburgh",6-5,3.7,34,96,49
2020-21,52,"Texas Tech",4-6,3.5,40,92,60
2020-21,53,"Tulsa",6-3,3.4,1,64,48
2020-21,54,"Rutgers",3-6,3.4,21,88,58
2020-21,55,"Oregon St",2-5,3.3,50,72,53
2020-21,56,"Arizona",0-5,3.3,17,68,50
2020-21,57,"Boston College",6-5,3.3,12,80,54
2020-21,58,"Vanderbilt",0-9,3.3,7,72,57
2020-21,59,"Louisville",4-7,3.0,17,64,56
2020-21,60,"UCF",6-4,2.7,11,65,62
2020-21,61,"Utah",3-2,2.4,11,69,59
2020-21,62,"NC State",8-4,2.1,14,64,63
2020-21,63,"Colorado",4-2,1.9,58,73,67
2020-21,64,"Syracuse",1-10,1.8,4,96,64
2020-21,65,"Georgia Tech",3-7,1.8,5,91,61
2020-21,66,"Houston",3-5,1.1,22,92,51
2020-21,67,"BYU",11-1,0.7,19,106,70
2020-21,68,"Duke",2-9,0.0,2,68,66
2020-21,69,"Florida St",3-6,-0.1,28,95,68
2020-21,70,"Boise St",5-2,-1.1,45,104,74
2020-21,71,"Navy",3-7,-1.2,1,93,69
2020-21,72,"Louisiana",10-1,-1.7,6,93,72
2020-21,73,"Washington",3-1,-1.9,47,84,73
2020-21,74,"Coastal Car",11-1,-2.3,56,110,77
2020-21,75,"E Carolina",3-6,-2.4,8,106,75
2020-21,76,"Tulane",6-6,-2.7,38,102,71
2020-21,77,"Colorado St",1-3,-2.9,64,108,80
2020-21,78,"S Florida",1-8,-4.0,50,115,78
2020-21,79,"Memphis",8-3,-4.1,21,80,76
2020-21,80,"SMU",7-3,-4.1,40,112,79
2020-21,81,"San Jose St",7-1,-4.3,81,112,86
2020-21,82,"Ball St",7-1,-4.4,70,123,87
2020-21,83,"UAB",6-3,-4.8,45,108,82
2020-21,84,"Air Force",3-3,-4.9,30,113,83
2020-21,85,"San Diego St",4-4,-5.0,62,124,84
2020-21,86,"Temple",1-6,-5.0,36,114,81
2020-21,87,"N Illinois",0-6,-5.3,60,93,89
2020-21,88,"App State",9-3,-5.7,19,106,85
2020-21,89,"Texas St",2-10,-6.0,63,114,90
2020-21,90,"Georgia St",6-4,-6.1,14,105,88
2020-21,91,"Miami OH",2-1,-6.2,67,105,92
2020-21,92,"UMass",0-4,-6.3,81,116,91
2020-21,93,"Hawai'i",5-4,-6.4,80,115,98
2020-21,94,"C Michigan",3-3,-6.7,71,110,93
2020-21,95,"Army",9-3,-7.0,50,120,99
2020-21,96,"New Mexico",2-5,-7.3,74,104,96
2020-21,97,"UNLV",0-6,-7.4,82,104,101
2020-21,98,"E Michigan",2-4,-7.4,75,117,97
2020-21,99,"Wyoming",2-4,-7.6,67,113,104
2020-21,100,"Troy",5-6,-7.6,42,120,95
2020-21,101,"Arkansas St",4-7,-7.7,1,101,94
2020-21,102,"Buffalo",6-1,-7.7,59,122,114
2020-21,103,"Utah St",1-5,-7.9,10,104,103
2020-21,104,"Nevada",7-2,-8.2,82,122,113
2020-21,105,"Marshall",7-3,-8.3,54,110,108
2020-21,106,"Georgia So",8-5,-8.3,47,126,105
2020-21,107,"Liberty",10-1,-8.4,46,126,112
2020-21,108,"S Alabama",4-7,-8.4,54,119,102
2020-21,109,"W Kentucky",5-7,-8.7,7,109,100
2020-21,110,"Toledo",4-2,-8.9,68,127,109
2020-21,111,"W Michigan",4-2,-9.4,69,126,111
2020-21,112,"Rice",2-3,-9.6,38,127,106
2020-21,113,"Louisiana Tech",5-5,-9.9,43,122,107
2020-21,114,"Middle Tenn",3-6,-10.2,2,121,110
2020-21,115,"UTSA",7-5,-10.7,64,118,116
2020-21,116,"Florida Atlantic",5-4,-11.4,37,119,119
2020-21,117,"Charlotte",2-4,-12.0,9,117,115
2020-21,118,"UL Monroe",0-10,-12.0,11,125,118
2020-21,119,"Southern Miss",3-7,-12.7,53,120,117
2020-21,120,"Fresno St",3-3,-12.7,78,122,120
2020-21,121,"N Texas",4-6,-15.0,67,124,123
2020-21,122,"Kent St",3-1,-15.0,73,127,122
2020-21,123,"Florida Intl",0-5,-15.1,44,126,121
2020-21,124,"Ohio",2-1,-16.7,63,124,124
2020-21,125,"Akron",1-5,-17.9,76,126,125
2020-21,126,"Bowling Green",0-5,-18.0,77,126,126
2020-21,127,"UTEP",3-5,-20.2,71,127,127
2021-22,1,"Georgia",14-1,15.7,1,18,2
2021-22,2,"Alabama",13-2,15.3,1,15,1
2021-22,3,"Michigan",12-2,12.4,3,67,4
2021-22,4,"Ohio St",11-2,11.2,1,20,3
2021-22,5,"Auburn",6-7,9.4,2,101,5
2021-22,6,"Nebraska",3-9,9.3,2,72,6
2021-22,7,"Oklahoma St",12-2,8.9,7,92,14
2021-22,8,"Arkansas",9-4,8.8,3,77,9
2021-22,9,"Penn St",7-6,8.7,4,25,8
2021-22,10,"Wisconsin",9-4,8.6,4,21,7
2021-22,11,"Clemson",10-3,8.1,1,16,13
2021-22,12,"Mississippi",10-3,8.0,3,53,10
2021-22,13,"Purdue",9-4,8.0,5,79,11
2021-22,14,"Iowa St",7-6,8.0,7,87,20
2021-22,15,"Michigan St",11-2,7.6,10,82,15
2021-22,16,"Oklahoma",11-2,7.4,4,35,21
2021-22,17,"Baylor",12-2,7.3,17,119,24
2021-22,18,"Texas",5-7,7.2,4,30,22
2021-22,19,"LSU",6-7,7.0,5,31,12
2021-22,20,"Iowa",10-4,6.9,7,29,17
2021-22,21,"Notre Dame",11-2,6.9,8,46,18
2021-22,22,"Tennessee",7-6,6.2,14,124,23
2021-22,23,"Texas A&M",8-4,6.0,6,69,19
2021-22,24,"Indiana",2-10,5.4,6,32,26
2021-22,25,"Utah",10-4,5.4,19,115,40
2021-22,26,"Mississippi St",7-6,5.4,13,75,16
2021-22,27,"West Virginia",6-7,5.3,4,39,34
2021-22,28,"Minnesota",9-4,5.1,1,57,27
2021-22,29,"Cincinnati",13-1,5.1,11,91,46
2021-22,30,"Oregon",10-4,5.0,4,44,32
2021-22,31,"Kansas St",8-5,5.0,24,66,38
2021-22,32,"Miami",7-5,4.6,1,32,25
2021-22,33,"Florida",6-7,4.3,3,61,28
2021-22,34,"Florida St",5-7,4.2,19,71,29
2021-22,35,"NC State",9-3,4.0,19,114,31
2021-22,36,"Wake Forest",11-3,3.9,28,116,30
2021-22,37,"Texas Tech",7-6,3.9,35,86,50
2021-22,38,"Maryland",7-6,3.8,30,49,42
2021-22,39,"Pittsburgh",11-3,3.7,27,109,36
2021-22,40,"TCU",5-7,3.7,22,93,44
2021-22,41,"Illinois",5-7,3.6,3,87,39
2021-22,42,"Louisville",6-7,3.5,17,51,37
2021-22,43,"Kentucky",10-3,3.3,30,101,43
2021-22,44,"South Carolina",7-6,3.2,35,123,47
2021-22,45,"Virginia",6-6,3.2,24,114,35
2021-22,46,"Stanford",3-9,3.0,16,73,41
2021-22,47,"North Carolina",6-7,3.0,3,56,33
2021-22,48,"UCLA",8-4,2.1,23,126,45
2021-22,49,"Arizona St",8-5,2.0,27,128,55
2021-22,50,"USC",4-8,1.9,19,58,48
2021-22,51,"Rutgers",5-8,1.5,25,94,58
2021-22,52,"Colorado",4-8,1.4,38,118,51
2021-22,53,"Oregon St",7-6,1.3,27,75,49
2021-22,54,"BYU",10-3,1.2,46,73,54
2021-22,55,"Syracuse",5-7,1.2,50,106,52
2021-22,56,"Missouri",6-7,0.9,26,78,59
2021-22,57,"Tulane",2-10,0.9,5,66,60
2021-22,58,"Boise St",7-5,0.6,3,62,62
2021-22,59,"Navy",4-8,0.5,40,95,61
2021-22,60,"Washington St",7-6,0.5,52,115,57
2021-22,61,"Georgia Tech",3-9,0.4,29,113,56
2021-22,62,"Virginia Tech",6-7,0.3,5,62,53
2021-22,63,"Washington",4-8,-0.3,25,88,63
2021-22,64,"California",5-7,-0.6,13,66,64
2021-22,65,"Arizona",1-11,-0.9,42,103,65
2021-22,66,"Northwestern",3-9,-1.0,11,94,66
2021-22,67,"Houston",12-2,-1.2,33,109,75
2021-22,68,"E Carolina",7-5,-1.4,6,83,68
2021-22,69,"SMU",8-4,-1.4,63,119,70
2021-22,70,"UCF",9-4,-1.4,7,74,74
2021-22,71,"App State",10-4,-1.7,17,110,71
2021-22,72,"Boston College",6-6,-1.7,44,129,67
2021-22,73,"Tulsa",7-6,-2.0,37,116,69
2021-22,74,"Army",9-4,-2.0,63,103,72
2021-22,75,"S Florida",2-10,-2.5,4,100,73
2021-22,76,"W Kentucky",9-5,-3.1,67,128,80
2021-22,77,"Kansas",2-10,-3.3,77,125,79
2021-22,78,"Nevada",8-5,-3.6,37,80,76
2021-22,79,"UAB",9-4,-3.7,36,126,82
2021-22,80,"Memphis",6-6,-3.8,51,108,77
2021-22,81,"Air Force",10-3,-4.1,79,121,84
2021-22,82,"Louisiana",13-1,-4.2,9,92,83
2021-22,83,"Liberty",8-5,-4.2,39,113,81
2021-22,84,"Fresno St",10-3,-4.8,27,129,78
2021-22,85,"Marshall",7-6,-4.9,63,109,86
2021-22,86,"San Diego St",12-2,-5.4,76,130,87
2021-22,87,"Georgia St",8-5,-5.4,27,94,85
2021-22,88,"W Michigan",8-5,-5.5,16,93,88
2021-22,89,"UTSA",12-2,-5.8,53,100,89
2021-22,90,"Utah St",11-3,-6.3,62,121,95
2021-22,91,"C Michigan",9-4,-6.5,26,107,92
2021-22,92,"Vanderbilt",2-10,-6.7,88,123,90
2021-22,93,"Colorado St",3-9,-7.1,88,127,94
2021-22,94,"Ball St",6-7,-7.2,69,118,91
2021-22,95,"Miami OH",7-6,-7.5,9,101,93
2021-22,96,"N Illinois",9-5,-7.5,43,113,97
2021-22,97,"Duke",3-9,-8.0,82,120,96
2021-22,98,"UNLV",2-10,-8.1,94,127,98
2021-22,99,"Middle Tenn",7-6,-8.5,74,127,108
2021-22,100,"Georgia So",3-9,-8.6,84,112,100
2021-22,101,"Florida Atlantic",5-7,-8.6,15,101,101
2021-22,102,"Troy",5-7,-8.7,71,124,102
2021-22,103,"Toledo",7-6,-8.8,41,116,99
2021-22,104,"N Texas",6-7,-8.9,97,128,106
2021-22,105,"Kent St",7-7,-9.0,10,110,103
2021-22,106,"San Jose St",5-7,-9.3,63,128,107
2021-22,107,"Wyoming",7-6,-9.3,70,125,105
2021-22,108,"Hawai'i",6-7,-9.3,1,116,104
2021-22,109,"Old Dominion",6-7,-9.4,10,122,114
2021-22,110,"Louisiana Tech",3-9,-9.6,39,111,109
2021-22,111,"E Michigan",7-6,-9.6,84,122,110
2021-22,112,"UL Monroe",4-8,-9.8,29,128,111
2021-22,113,"Arkansas St",2-10,-10.2,88,120,112
2021-22,114,"Coastal Car",11-2,-10.2,33,124,113
2021-22,115,"Rice",4-8,-10.3,20,118,115
2021-22,116,"Buffalo",4-8,-10.8,55,125,117
2021-22,117,"Ohio",3-9,-10.9,67,122,116
2021-22,118,"S Alabama",5-7,-11.5,89,129,118
2021-22,119,"Temple",3-9,-12.0,44,123,119
2021-22,120,"UTEP",7-6,-12.3,99,130,124
2021-22,121,"New Mexico",3-9,-12.6,114,130,121
2021-22,122,"Bowling Green",4-8,-12.7,65,128,120
2021-22,123,"Charlotte",5-7,-12.9,82,124,122
2021-22,124,"Texas St",4-8,-13.2,62,125,123
2021-22,125,"Southern Miss",3-9,-13.4,77,125,125
2021-22,126,"Akron",2-10,-15.9,35,130,126
2021-22,127,"Florida Intl",1-11,-16.0,115,130,127
2021-22,128,"New Mexico St",2-10,-16.2,94,130,128
2021-22,129,"UConn",1-11,-16.6,97,130,129
2021-22,130,"UMass",1-11,-19.1,43,130,130
2022-23,1,"Georgia",15-0,15.6,1,18,5
2022-23,2,"Alabama",11-2,14.8,1,31,1
2022-23,3,"Ohio St",11-2,14.7,1,14,7
2022-23,4,"Tennessee",11-2,14.3,2,109,2
2022-23,5,"LSU",10-4,12.8,4,42,4
2022-23,6,"TCU",13-2,12.3,6,114,8
2022-23,7,"Kansas St",10-4,12.0,5,100,6
2022-23,8,"Texas",8-5,11.8,2,89,3
2022-23,9,"Michigan",13-1,10.8,5,100,9
2022-23,10,"Penn St",11-2,10.7,5,42,10
2022-23,11,"Mississippi St",9-4,10.3,4,48,12
2022-23,12,"Texas Tech",8-5,9.3,3,105,11
2022-23,13,"Oklahoma",6-7,8.9,6,88,14
2022-23,14,"Florida",6-7,8.9,4,36,15
2022-23,15,"Auburn",5-7,8.5,15,111,20
2022-23,16,"Kansas",6-7,8.3,14,130,16
2022-23,17,"Utah",10-4,8.3,5,39,21
2022-23,18,"Iowa St",4-8,8.0,9,104,17
2022-23,19,"Baylor",6-7,7.9,11,88,13
2022-23,20,"West Virginia",5-7,7.8,3,42,18
2022-23,21,"Clemson",11-3,7.6,4,103,35
2022-23,22,"Oklahoma St",7-6,7.5,5,103,19
2022-23,23,"Arkansas",7-6,7.4,4,37,22
2022-23,24,"Florida St",10-3,7.3,10,129,26
2022-23,25,"Mississippi",8-5,7.2,19,87,25
2022-23,26,"Michigan St",5-7,7.1,13,99,24
2022-23,27,"Oregon",10-3,7.0,1,33,23
2022-23,28,"South Carolina",8-5,6.9,10,56,29
2022-23,29,"Texas A&M",5-7,6.6,4,96,31
2022-23,30,"Louisville",8-5,6.6,7,45,27
2022-23,31,"USC",11-3,6.6,12,86,30
2022-23,32,"Kentucky",7-6,6.3,19,63,28
2022-23,33,"Notre Dame",9-4,6.3,2,33,33
2022-23,34,"Purdue",8-6,6.2,4,44,32
2022-23,35,"Iowa",8-5,5.9,21,94,34
2022-23,36,"Maryland",8-5,5.6,18,117,37
2022-23,37,"Wisconsin",7-6,5.5,11,97,36
2022-23,38,"Oregon St",10-3,5.5,24,66,38
2022-23,39,"Illinois",8-5,5.0,39,122,40
2022-23,40,"Syracuse",7-6,4.9,32,64,41
2022-23,41,"NC State",8-5,4.8,12,49,44
2022-23,42,"Missouri",6-7,4.6,36,112,39
2022-23,43,"Minnesota",9-4,4.3,35,129,43
2022-23,44,"Washington",11-2,4.2,31,104,52
2022-23,45,"Indiana",4-8,4.0,41,95,42
2022-23,46,"Wake Forest",8-5,4.0,29,119,47
2022-23,47,"Stanford",3-9,3.7,20,116,46
2022-23,48,"Washington St",7-6,3.7,33,102,45
2022-23,49,"North Carolina",9-5,3.6,44,126,53
2022-23,50,"Colorado",1-11,3.3,8,87,48
2022-23,51,"Tulane",12-2,3.3,49,131,49
2022-23,52,"Pittsburgh",9-4,3.0,6,59,57
2022-23,53,"Northwestern",1-11,2.6,1,113,50
2022-23,54,"UCLA",9-4,2.6,38,120,55
2022-23,55,"Georgia Tech",5-7,2.4,4,86,56
2022-23,56,"SMU",7-6,2.3,17,84,51
2022-23,57,"Nebraska",4-8,2.0,3,94,54
2022-23,58,"UCF",9-5,1.9,42,117,58
2022-23,59,"Vanderbilt",5-7,1.3,58,127,60
2022-23,60,"Arizona",5-7,1.3,28,102,59
2022-23,61,"Arizona St",3-9,0.8,34,126,62
2022-23,62,"Houston",8-5,0.7,12,63,61
2022-23,63,"Cincinnati",9-4,0.5,10,73,68
2022-23,64,"Navy",4-8,0.4,63,116,65
2022-23,65,"BYU",8-5,0.4,6,67,66
2022-23,66,"California",4-8,0.4,63,118,63
2022-23,67,"Rutgers",4-8,0.4,38,105,64
2022-23,68,"Miami",5-7,-0.1,21,92,70
2022-23,69,"Virginia",3-7,-0.3,50,101,71
2022-23,70,"Memphis",7-6,-0.4,6,73,67
2022-23,71,"E Carolina",8-5,-0.6,24,95,69
2022-23,72,"Boston College",3-9,-0.7,37,91,72
2022-23,73,"Duke",9-4,-0.7,72,123,74
2022-23,74,"S Florida",1-11,-1.2,23,88,73
2022-23,75,"Virginia Tech",3-8,-2.4,55,97,75
2022-23,76,"Troy",12-2,-3.1,18,91,79
2022-23,77,"Tulsa",5-7,-3.1,68,113,76
2022-23,78,"App State",6-6,-3.5,8,79,78
2022-23,79,"Fresno St",10-4,-3.5,32,120,85
2022-23,80,"Georgia St",4-8,-3.7,20,92,80
2022-23,81,"Old Dominion",3-9,-3.7,39,98,81
2022-23,82,"UTSA",11-3,-3.9,17,85,84
2022-23,83,"J Madison",8-3,-3.9,60,118,82
2022-23,84,"Marshall",9-4,-4.2,27,124,77
2022-23,85,"Georgia So",6-7,-4.5,71,130,83
2022-23,86,"Boise St",10-4,-4.8,21,110,86
2022-23,87,"Coastal Car",9-4,-5.1,54,113,87
2022-23,88,"W Kentucky",9-5,-5.2,87,128,89
2022-23,89,"Louisiana",6-7,-5.6,61,125,91
2022-23,90,"N Texas",7-7,-5.7,66,121,93
2022-23,91,"UAB",7-6,-5.8,61,127,88
2022-23,92,"Kent St",5-7,-6.1,5,104,92
2022-23,93,"S Alabama",10-3,-6.3,52,129,95
2022-23,94,"Temple",3-9,-6.5,76,127,94
2022-23,95,"Army",6-6,-6.8,37,113,97
2022-23,96,"Liberty",8-5,-6.9,24,98,98
2022-23,97,"Southern Miss",7-6,-7.0,31,105,90
2022-23,98,"UL Monroe",4-8,-7.1,17,124,96
2022-23,99,"Air Force",10-3,-7.2,54,124,110
2022-23,100,"San Diego St",7-6,-7.6,61,115,99
2022-23,101,"Ohio",10-4,-7.9,37,112,100
2022-23,102,"Florida Atlantic",5-7,-7.9,85,123,101
2022-23,103,"Wyoming",7-6,-8.2,2,118,104
2022-23,104,"Arkansas St",3-9,-8.4,53,131,102
2022-23,105,"Toledo",9-5,-8.4,71,130,106
2022-23,106,"Rice",5-8,-8.7,19,122,105
2022-23,107,"Miami OH",6-7,-8.7,14,112,109
2022-23,108,"W Michigan",5-7,-9.0,5,117,108
2022-23,109,"Bowling Green",6-7,-9.0,26,116,103
2022-23,110,"C Michigan",4-8,-9.0,2,110,107
2022-23,111,"Buffalo",7-6,-9.2,35,115,112
2022-23,112,"Middle Tenn",8-5,-9.2,48,116,111
2022-23,113,"Utah St",6-7,-9.3,64,125,117
2022-23,114,"Ball St",5-7,-9.6,1,124,114
2022-23,115,"UConn",6-7,-9.7,96,128,119
2022-23,116,"N Illinois",3-9,-9.7,79,117,115
2022-23,117,"UNLV",5-7,-9.7,98,131,116
2022-23,118,"Texas St",4-8,-9.8,80,128,113
2022-23,119,"Akron",2-10,-9.9,113,129,118
2022-23,120,"E Michigan",9-4,-10.5,86,126,121
2022-23,121,"San Jose St",7-5,-10.7,90,125,120
2022-23,122,"Nevada",2-10,-11.2,103,130,124
2022-23,123,"UTEP",5-7,-11.2,68,127,123
2022-23,124,"Louisiana Tech",3-9,-11.3,10,124,122
2022-23,125,"Colorado St",3-9,-11.6,4,127,125
2022-23,126,"New Mexico",2-10,-11.8,92,131,127
2022-23,127,"Charlotte",3-9,-11.8,92,127,126
2022-23,128,"Hawai'i",3-10,-12.6,81,130,128
2022-23,129,"UMass",1-11,-12.7,42,131,129
2022-23,130,"Florida Intl",4-8,-15.2,115,131,130
2022-23,131,"New Mexico St",7-6,-16.1,75,131,131
2023-24,1,"Alabama",12-2,15.2,1,57,2
2023-24,2,"Ohio St",11-2,13.5,1,45,1
2023-24,3,"Michigan",15-0,13.4,3,85,4
2023-24,4,"Georgia",13-1,12.7,1,63,7
2023-24,5,"Washington",14-1,12.5,5,39,8
2023-24,6,"Texas",12-2,11.7,1,63,5
2023-24,7,"LSU",10-3,11.7,1,41,3
2023-24,8,"Missouri",11-2,11.4,7,125,14
2023-24,9,"Penn St",10-3,11.3,2,43,6
2023-24,10,"Mississippi",11-2,11.3,4,89,10
2023-24,11,"Notre Dame",10-3,9.7,6,124,12
2023-24,12,"Oregon",12-2,9.5,9,77,9
2023-24,13,"Tennessee",9-4,9.5,8,94,17
2023-24,14,"Kansas St",9-4,9.2,8,99,13
2023-24,15,"Florida St",13-1,9.2,1,43,16
2023-24,16,"Texas A&M",7-6,9.0,6,92,11
2023-24,17,"Oklahoma",10-3,8.5,5,70,15
2023-24,18,"USC",8-5,8.4,8,123,20
2023-24,19,"Florida",5-7,8.3,2,39,19
2023-24,20,"Oregon St",8-5,7.8,20,76,23
2023-24,21,"Clemson",9-4,7.3,6,43,18
2023-24,22,"Auburn",6-7,6.9,9,98,22
2023-24,23,"South Carolina",5-7,6.9,6,48,25
2023-24,24,"Kentucky",7-6,6.8,23,130,31
2023-24,25,"Utah",8-5,6.7,5,26,21
2023-24,26,"TCU",5-7,6.7,21,72,24
2023-24,27,"Arizona",10-3,6.2,26,124,35
2023-24,28,"Louisville",10-4,6.2,25,108,29
2023-24,29,"Texas Tech",7-6,6.2,8,40,27
2023-24,30,"Iowa St",7-6,5.9,23,112,26
2023-24,31,"Oklahoma St",10-4,5.8,25,109,33
2023-24,32,"Kansas",9-4,5.4,24,128,28
2023-24,33,"Duke",8-5,5.3,15,47,32
2023-24,34,"NC State",9-4,5.1,21,118,36
2023-24,35,"Maryland",8-5,5.0,35,130,38
2023-24,36,"Miami",7-6,4.7,14,113,30
2023-24,37,"Rutgers",7-6,4.6,36,89,40
2023-24,38,"California",6-7,4.5,28,69,34
2023-24,39,"Mississippi St",5-7,4.4,16,118,37
2023-24,40,"West Virginia",9-4,4.4,5,55,41
2023-24,41,"Georgia Tech",7-6,3.8,8,89,43
2023-24,42,"Arkansas",4-8,3.8,11,133,42
2023-24,43,"UCF",6-7,3.8,31,126,39
2023-24,44,"Colorado",4-8,3.7,11,99,45
2023-24,45,"Washington St",5-7,3.7,15,79,44
2023-24,46,"Iowa",10-4,3.6,23,74,47
2023-24,47,"Wisconsin",7-6,3.2,18,64,60
2023-24,48,"BYU",5-7,3.1,44,124,48
2023-24,49,"North Carolina",8-5,3.1,15,62,46
2023-24,50,"Virginia",3-9,3.0,9,101,49
2023-24,51,"UCLA",8-5,2.7,25,65,53
2023-24,52,"Purdue",4-8,2.6,17,61,51
2023-24,53,"Illinois",5-7,2.5,5,54,52
2023-24,54,"Arizona St",3-9,2.4,52,127,55
2023-24,55,"Pittsburgh",3-9,2.3,34,113,50
2023-24,56,"Northwestern",8-5,2.3,32,107,62
2023-24,57,"Houston",4-8,2.2,35,69,54
2023-24,58,"Baylor",3-9,1.9,29,72,59
2023-24,59,"Michigan St",4-8,1.8,48,125,57
2023-24,60,"Indiana",3-9,1.4,6,84,63
2023-24,61,"Wake Forest",4-8,1.4,48,129,58
2023-24,62,"Vanderbilt",2-10,1.3,62,130,65
2023-24,63,"Minnesota",6-7,1.2,7,69,56
2023-24,64,"Virginia Tech",7-6,1.2,49,96,64
2023-24,65,"Stanford",3-9,1.0,64,118,66
2023-24,66,"Nebraska",5-7,0.8,4,75,68
2023-24,67,"Cincinnati",3-9,0.6,32,133,67
2023-24,68,"SMU",11-3,0.2,8,86,61
2023-24,69,"Boise St",8-6,-0.7,4,72,70
2023-24,70,"Boston College",7-6,-1.1,70,131,71
2023-24,71,"Troy",11-3,-1.5,49,106,74
2023-24,72,"Tulane",11-3,-1.8,9,79,72
2023-24,73,"Syracuse",6-7,-1.8,29,128,69
2023-24,74,"Memphis",10-3,-2.3,50,132,75
2023-24,75,"San Jose St",7-6,-2.6,1,87,73
2023-24,76,"J Madison",11-2,-3.3,61,122,76
2023-24,77,"Marshall",6-7,-3.9,71,125,79
2023-24,78,"S Alabama",7-6,-4.1,13,83,77
2023-24,79,"Wyoming",9-4,-4.2,28,88,81
2023-24,80,"UTSA",9-4,-4.3,30,84,78
2023-24,81,"App State",9-5,-4.5,60,119,80
2023-24,82,"Coastal Car",8-5,-4.6,17,88,84
2023-24,83,"UNLV",9-5,-4.7,74,130,87
2023-24,84,"E Carolina",2-10,-5.3,2,92,82
2023-24,85,"Old Dominion",6-7,-5.3,56,121,85
2023-24,86,"Air Force",9-4,-5.4,58,123,89
2023-24,87,"Georgia St",7-6,-5.7,86,133,86
2023-24,88,"Rice",6-7,-5.8,7,111,83
2023-24,89,"Florida Atlantic",4-8,-5.9,58,114,88
2023-24,90,"Bowling Green",7-6,-6.5,57,118,91
2023-24,91,"UAB",4-8,-6.6,67,131,96
2023-24,92,"Liberty",13-1,-6.7,66,125,116
2023-24,93,"Army",6-6,-6.8,67,119,92
2023-24,94,"Fresno St",9-4,-6.9,37,108,95
2023-24,95,"S Florida",7-6,-6.9,44,113,112
2023-24,96,"San Diego St",4-8,-7.0,56,125,94
2023-24,97,"Southern Miss",3-9,-7.0,81,126,97
2023-24,98,"Texas St",8-5,-7.1,24,123,109
2023-24,99,"W Kentucky",8-5,-7.1,62,124,90
2023-24,100,"Georgia So",6-7,-7.2,82,128,103
2023-24,101,"Arkansas St",6-7,-7.4,16,129,102
2023-24,102,"Miami OH",11-3,-7.4,4,115,100
2023-24,103,"Navy",5-7,-7.4,2,114,106
2023-24,104,"Charlotte",3-9,-7.4,86,132,105
2023-24,105,"N Texas",5-7,-7.5,35,130,99
2023-24,106,"Utah St",6-7,-7.6,26,117,93
2023-24,107,"Toledo",11-3,-7.6,24,118,101
2023-24,108,"Louisiana",6-7,-7.7,72,128,113
2023-24,109,"Tulsa",4-8,-7.8,57,133,98
2023-24,110,"UL Monroe",2-10,-7.9,82,128,111
2023-24,111,"Colorado St",5-7,-7.9,22,113,104
2023-24,112,"Jacksonville St",9-4,-8.2,100,132,110
2023-24,113,"Middle Tenn",4-8,-8.4,1,113,108
2023-24,114,"W Michigan",4-8,-8.5,93,132,107
2023-24,115,"UConn",3-9,-8.7,46,118,118
2023-24,116,"New Mexico St",10-5,-9.0,112,133,114
2023-24,117,"UTEP",3-9,-9.0,96,128,115
2023-24,118,"Sam Houston",3-9,-9.2,19,127,117
2023-24,119,"Ohio",10-3,-9.4,80,123,121
2023-24,120,"Temple",3-9,-9.4,81,129,122
2023-24,121,"Nevada",2-10,-9.4,11,124,120
2023-24,122,"Louisiana Tech",3-9,-9.8,80,132,119
2023-24,123,"Hawai'i",5-8,-9.9,75,129,123
2023-24,124,"C Michigan",5-7,-10.0,10,127,124
2023-24,125,"Buffalo",3-9,-10.1,14,126,125
2023-24,126,"Ball St",4-8,-10.2,6,128,126
2023-24,127,"New Mexico",4-8,-10.6,15,133,128
2023-24,128,"UMass",3-9,-10.7,69,133,127
2023-24,129,"Florida Intl",4-8,-11.3,99,133,129
2023-24,130,"N Illinois",7-6,-11.4,63,130,130
2023-24,131,"E Michigan",6-7,-13.3,86,133,132
2023-24,132,"Akron",2-10,-13.3,72,133,131
2023-24,133,"Kent St",1-11,-13.9,6,133,133
2024-25,1,"Georgia",11-3,17.7,1,9,1
2024-25,2,"Ohio St",13-2,16.2,2,56,8
2024-25,3,"Texas",13-3,14.8,3,44,9
2024-25,4,"Alabama",9-4,13.2,2,39,2
2024-25,5,"Florida",8-5,13.2,3,28,4
2024-25,6,"Tennessee",10-3,12.9,4,62,11
2024-25,7,"Notre Dame",14-1,12.7,3,32,19
2024-25,8,"LSU",9-4,12.5,3,33,6
2024-25,9,"Penn St",13-3,12.5,6,32,20
2024-25,10,"South Carolina",9-4,11.9,3,59,5
2024-25,11,"Oregon",13-1,11.9,4,71,26
2024-25,12,"Michigan",8-5,11.9,4,31,14
2024-25,13,"Oklahoma",6-7,11.9,3,111,3
2024-25,14,"Texas A&M",8-5,11.8,3,21,10
2024-25,15,"Mississippi",10-3,11.6,5,67,7
2024-25,16,"USC",7-6,11.1,3,34,15
2024-25,17,"Kentucky",4-8,10.1,3,67,12
2024-25,18,"Indiana",11-2,9.4,18,102,42
2024-25,19,"UCLA",5-7,9.2,7,69,18
2024-25,20,"Louisville",9-4,9.1,9,124,13
2024-25,21,"Vanderbilt",7-6,9.0,16,92,16
2024-25,22,"Clemson",10-4,8.9,1,38,27
2024-25,23,"Arkansas",7-6,8.8,8,119,17
2024-25,24,"Kansas",5-7,8.5,17,120,21
2024-25,25,"Missouri",10-3,8.1,17,115,22
2024-25,26,"Arizona St",11-3,7.9,26,74,46
2024-25,27,"Iowa St",11-3,7.7,21,83,30
2024-25,28,"Washington",6-7,7.6,28,117,38
2024-25,29,"Auburn",5-7,7.6,21,81,23
2024-25,30,"Minnesota",8-5,7.5,4,86,33
2024-25,31,"Wisconsin",5-7,7.2,20,107,29
2024-25,32,"Miami",10-3,7.2,12,32,28
2024-25,33,"SMU",11-3,7.0,27,132,49
2024-25,34,"BYU",11-2,7.0,22,104,35
2024-25,35,"Georgia Tech",7-6,7.0,1,54,24
2024-25,36,"Kansas St",9-4,7.0,10,81,25
2024-25,37,"Baylor",8-5,6.8,17,109,34
2024-25,38,"Iowa",8-5,6.8,11,91,44
2024-25,39,"Mississippi St",2-10,6.7,23,121,32
2024-25,40,"Nebraska",7-6,6.6,32,97,36
2024-25,41,"Houston",4-8,6.5,6,61,31
2024-25,42,"UCF",4-8,6.4,22,116,37
2024-25,43,"Illinois",10-3,6.2,30,124,51
2024-25,44,"Virginia Tech",6-7,6.1,15,50,39
2024-25,45,"Colorado",9-4,6.0,36,118,41
2024-25,46,"Cincinnati",5-7,5.7,40,97,40
2024-25,47,"West Virginia",6-7,5.4,2,47,43
2024-25,48,"Utah",5-7,5.3,13,114,47
2024-25,49,"Florida St",2-10,5.1,2,49,45
2024-25,50,"TCU",9-4,4.6,8,57,48
2024-25,51,"Rutgers",7-6,4.5,45,131,57
2024-25,52,"Texas Tech",8-5,4.5,35,79,50
2024-25,53,"Maryland",4-8,4.4,41,80,55
2024-25,54,"Oklahoma St",3-9,4.1,19,85,53
2024-25,55,"Boston College",7-6,3.6,8,64,52
2024-25,56,"Michigan St",5-7,3.2,29,110,61
2024-25,57,"Virginia",5-7,3.1,53,105,54
2024-25,58,"Northwestern",4-8,2.9,45,102,62
2024-25,59,"Syracuse",10-3,2.7,40,84,58
2024-25,60,"Stanford",3-9,2.7,6,81,59
2024-25,61,"Arizona",4-8,2.6,30,125,60
2024-25,62,"Pittsburgh",7-6,2.5,47,99,56
2024-25,63,"Duke",9-4,2.2,59,119,63
2024-25,64,"Tulane",9-5,1.7,14,122,67
2024-25,65,"California",6-7,1.0,32,96,65
2024-25,66,"Boise St",12-2,0.6,11,72,70
2024-25,67,"Wake Forest",4-8,0.4,60,123,64
2024-25,68,"NC State",6-7,-0.2,30,117,66
2024-25,69,"Purdue",1-11,-0.2,55,134,69
2024-25,70,"North Carolina",6-7,-0.5,3,83,68
2024-25,71,"Navy",10-3,-0.9,70,134,73
2024-25,72,"UNLV",11-3,-1.1,19,79,71
2024-25,73,"Old Dominion",5-7,-3.1,25,109,72
2024-25,74,"Memphis",11-2,-3.7,37,104,75
2024-25,75,"Marshall",10-3,-4.4,48,132,80
2024-25,76,"Rice",4-8,-4.7,60,112,79
2024-25,77,"Army",12-2,-4.8,76,129,95
2024-25,78,"Charlotte",5-7,-4.9,53,113,78
2024-25,79,"Georgia So",8-5,-5.0,32,103,74
2024-25,80,"S Florida",7-6,-5.0,18,116,77
2024-25,81,"App State",5-6,-5.1,44,101,76
2024-25,82,"Miami OH",9-5,-5.3,17,87,82
2024-25,83,"Washington St",8-5,-5.4,38,113,84
2024-25,84,"N Texas",6-7,-5.9,52,109,90
2024-25,85,"S Alabama",7-6,-6.1,55,121,81
2024-25,86,"Texas St",8-5,-6.2,68,104,83
2024-25,87,"Louisiana",10-4,-6.3,63,133,87
2024-25,88,"Ohio",11-3,-6.3,30,111,103
2024-25,89,"Oregon St",5-7,-6.4,52,103,85
2024-25,90,"Georgia St",3-9,-6.5,18,116,86
2024-25,91,"Nevada",3-10,-6.8,44,131,88
2024-25,92,"UTSA",7-6,-7.0,48,116,100
2024-25,93,"Fresno St",6-7,-7.1,8,101,92
2024-25,94,"Wyoming",3-9,-7.1,22,117,91
2024-25,95,"UAB",3-9,-7.3,87,130,97
2024-25,96,"Bowling Green",7-6,-7.3,21,125,89
2024-25,97,"N Illinois",8-5,-7.5,28,134,101
2024-25,98,"UL Monroe",5-7,-7.6,90,133,96
2024-25,99,"Toledo",8-5,-7.6,81,131,105
2024-25,100,"Coastal Car",6-7,-7.7,58,129,93
2024-25,101,"Troy",4-8,-7.8,42,101,94
2024-25,102,"San Jose St",7-6,-7.8,96,129,99
2024-25,103,"UConn",9-4,-8.1,21,120,109
2024-25,104,"J Madison",9-4,-8.1,63,127,98
2024-25,105,"E Carolina",8-5,-8.2,77,129,108
2024-25,106,"Utah St",4-8,-8.4,74,120,102
2024-25,107,"Air Force",5-7,-9.0,72,127,104
2024-25,108,"Temple",3-9,-9.1,3,131,107
2024-25,109,"Colorado St",8-5,-9.2,5,120,106
2024-25,110,"Arkansas St",8-5,-9.2,78,122,111
2024-25,111,"Akron",4-8,-9.3,8,128,112
2024-25,112,"W Michigan",6-7,-9.3,4,119,118
2024-25,113,"Hawai'i",5-7,-9.7,66,133,110
2024-25,114,"W Kentucky",8-6,-9.9,4,118,115
2024-25,115,"Sam Houston",10-3,-9.9,16,117,113
2024-25,116,"Jacksonville St",9-5,-10.3,40,123,121
2024-25,117,"Ball St",3-9,-10.5,35,133,119
2024-25,118,"San Diego St",3-9,-10.5,84,127,114
2024-25,119,"C Michigan",4-8,-10.6,103,134,120
2024-25,120,"Buffalo",9-4,-10.7,100,131,124
2024-25,121,"Southern Miss",1-11,-10.8,14,126,116
2024-25,122,"New Mexico",5-7,-11.0,74,134,117
2024-25,123,"UMass",2-10,-11.1,82,134,122
2024-25,124,"Florida Atlantic",3-9,-11.1,40,124,123
2024-25,125,"E Michigan",5-7,-11.9,83,129,125
2024-25,126,"Louisiana Tech",5-8,-13.2,96,134,127
2024-25,127,"Kennesaw St",2-10,-14.0,46,134,126
2024-25,128,"Tulsa",3-9,-14.2,112,132,128
2024-25,129,"Liberty",8-4,-14.7,39,134,131
2024-25,130,"Florida Intl",4-8,-14.8,24,130,130
2024-25,131,"Middle Tenn",3-9,-15.2,89,133,129
2024-25,132,"New Mexico St",3-9,-15.3,99,134,132
2024-25,133,"Kent St",0-12,-15.4,41,134,134
2024-25,134,"UTEP",3-9,-15.7,17,134,133
2025-26,1,"Indiana",15-0,19.9,1,68,2
2025-26,2,"Oregon",13-2,18.4,1,71,1
2025-26,3,"Ohio St",12-2,17.3,2,18,8
2025-26,4,"Alabama",11-4,16.7,1,21,3
2025-26,5,"Miami",13-2,15.3,2,40,19
2025-26,6,"Georgia",12-2,14.0,1,92,14
2025-26,7,"Texas",10-3,13.8,1,20,4
2025-26,8,"Iowa",9-4,13.8,8,100,9
2025-26,9,"Texas A&M",11-2,13.6,5,69,7
2025-26,10,"Florida",4-8,13.5,2,76,5
2025-26,11,"Oklahoma",10-3,13.3,4,89,6
2025-26,12,"Penn St",7-6,13.2,3,97,11
2025-26,13,"Texas Tech",12-2,13.1,11,112,22
2025-26,14,"Notre Dame",10-2,12.9,1,38,10
2025-26,15,"USC",9-4,12.3,6,90,12
2025-26,16,"Mississippi",13-2,12.2,10,70,25
2025-26,17,"Vanderbilt",10-3,11.7,15,115,15
2025-26,18,"Michigan",9-4,11.4,2,80,21
2025-26,19,"LSU",7-6,11.4,2,24,13
2025-26,20,"BYU",12-2,11.1,16,94,24
2025-26,21,"Auburn",5-7,11.0,2,29,16
2025-26,22,"South Carolina",4-8,10.8,9,62,17
2025-26,23,"Arkansas",2-10,10.7,15,119,18
2025-26,24,"Wisconsin",4-8,10.6,16,121,23
2025-26,25,"Illinois",9-4,10.3,10,122,30
2025-26,26,"Missouri",8-5,10.1,17,125,20
2025-26,27,"Tennessee",8-5,9.8,10,34,26
2025-26,28,"Utah",11-2,9.7,18,71,27
2025-26,29,"Kentucky",5-7,9.5,12,52,28
2025-26,30,"Washington",9-4,9.5,25,105,29
2025-26,31,"UCLA",3-9,8.8,13,60,32
2025-26,32,"Florida St",5-7,8.4,2,47,33
2025-26,33,"Mississippi St",5-8,8.1,29,73,31
2025-26,34,"Nebraska",7-6,7.8,4,42,35
2025-26,35,"Clemson",7-6,7.1,4,52,48
2025-26,36,"TCU",9-4,7.0,30,74,46
2025-26,37,"Arizona St",8-5,7.0,22,95,34
2025-26,38,"NC State",8-5,7.0,34,119,41
2025-26,39,"Rutgers",5-7,6.8,36,115,38
2025-26,40,"Kansas St",6-6,6.8,2,51,36
2025-26,41,"Baylor",5-7,6.6,1,52,37
2025-26,42,"Pittsburgh",8-5,6.4,39,115,40
2025-26,43,"Michigan St",4-8,6.4,40,117,45
2025-26,44,"Louisville",9-4,6.3,19,99,44
2025-26,45,"SMU",9-4,6.2,20,101,51
2025-26,46,"Arizona",9-4,6.1,44,115,49
2025-26,47,"Kansas",5-7,6.1,23,131,39
2025-26,48,"Iowa St",8-4,6.0,1,55,42
2025-26,49,"Virginia Tech",3-9,5.7,10,63,52
2025-26,50,"Purdue",2-10,5.6,44,133,50
2025-26,51,"Northwestern",7-6,5.5,27,79,43
2025-26,52,"Georgia Tech",9-4,5.5,10,64,56
2025-26,53,"West Virginia",4-8,5.0,36,119,53
2025-26,54,"Cincinnati",7-6,5.0,3,56,47
2025-26,55,"Colorado",3-9,4.6,8,55,54
2025-26,56,"Duke",9-5,4.4,36,129,59
2025-26,57,"Minnesota",8-5,3.9,36,116,55
2025-26,58,"Stanford",4-8,3.8,33,132,57
2025-26,59,"Virginia",11-3,3.8,39,87,65
2025-26,60,"Houston",10-3,3.0,53,131,63
2025-26,61,"Maryland",4-8,3.0,58,132,60
2025-26,62,"S Florida",9-4,3.0,8,76,58
2025-26,63,"Boston College",2-10,2.4,34,110,61
2025-26,64,"Syracuse",3-9,2.4,11,65,62
2025-26,65,"UCF",5-7,1.8,59,123,64
2025-26,66,"Wake Forest",9-4,1.7,62,133,67
2025-26,67,"Tulane",11-3,1.0,39,72,72
2025-26,68,"Washington St",7-6,0.7,59,122,66
2025-26,69,"California",7-6,-0.1,47,96,68
2025-26,70,"Oklahoma St",1-11,-0.4,60,130,69
2025-26,71,"J Madison",12-2,-0.7,44,117,76
2025-26,72,"North Carolina",4-8,-0.7,21,94,70
2025-26,73,"Boise St",9-5,-0.7,8,73,71
2025-26,74,"E Carolina",9-4,-1.1,10,92,74
2025-26,75,"Navy",11-2,-2.2,55,133,75
2025-26,76,"UTSA",7-6,-2.5,9,80,73
2025-26,77,"N Texas",12-2,-2.8,72,133,79
2025-26,78,"Old Dominion",10-3,-2.9,16,89,81
2025-26,79,"Army",7-6,-3.5,62,127,80
2025-26,80,"Memphis",8-5,-3.5,65,125,77
2025-26,81,"Utah St",6-7,-4.3,67,119,78
2025-26,82,"New Mexico",9-4,-4.9,17,132,83
2025-26,83,"Toledo",8-5,-5.1,28,94,88
2025-26,84,"Temple",5-7,-5.3,82,135,84
2025-26,85,"Colorado St",2-10,-5.3,19,105,82
2025-26,86,"San Diego St",9-4,-5.4,85,136,87
2025-26,87,"UNLV",10-4,-6.3,70,136,89
2025-26,88,"Oregon St",2-10,-6.3,27,91,86
2025-26,89,"Air Force",4-8,-6.4,74,136,85
2025-26,90,"Fresno St",9-4,-7.1,3,103,90
2025-26,91,"W Michigan",10-4,-7.1,14,121,95
2025-26,92,"Hawai'i",9-4,-7.2,57,134,91
2025-26,93,"San Jose St",3-9,-7.6,59,118,93
2025-26,94,"Miami OH",7-7,-7.7,7,114,97
2025-26,95,"Texas St",7-6,-7.8,57,99,92
2025-26,96,"Nevada",3-9,-8.1,6,133,96
2025-26,97,"Ohio",9-4,-8.2,9,102,101
2025-26,98,"Troy",8-6,-8.3,69,121,100
2025-26,99,"Florida Atlantic",4-8,-8.3,46,128,94
2025-26,100,"Wyoming",4-8,-8.6,87,134,99
2025-26,101,"UAB",4-8,-8.7,98,132,98
2025-26,102,"Marshall",5-7,-9.2,5,124,102
2025-26,103,"Coastal Car",6-7,-9.4,32,117,107
2025-26,104,"Tulsa",4-8,-9.4,97,134,105
2025-26,105,"Georgia So",7-6,-9.6,19,109,104
2025-26,106,"UConn",9-4,-9.6,70,129,106
2025-26,107,"Rice",5-8,-9.7,60,129,103
2025-26,108,"Charlotte",1-11,-10.0,73,136,109
2025-26,109,"Georgia St",1-11,-10.1,14,120,110
2025-26,110,"Arkansas St",7-6,-10.2,82,124,108
2025-26,111,"S Alabama",4-8,-10.2,61,117,111
2025-26,112,"Kennesaw St",10-4,-10.3,50,133,112
2025-26,113,"C Michigan",7-6,-10.6,43,128,119
2025-26,114,"Southern Miss",7-6,-10.6,48,118,118
2025-26,115,"W Kentucky",9-4,-10.9,90,135,117
2025-26,116,"Liberty",4-8,-10.9,65,120,116
2025-26,117,"Louisiana Tech",8-5,-11.0,75,128,113
2025-26,118,"Louisiana",6-7,-11.0,70,131,115
2025-26,119,"Missouri St",7-6,-11.0,20,127,114
2025-26,120,"Florida Intl",7-6,-11.5,86,135,120
2025-26,121,"UL Monroe",3-9,-11.9,104,135,122
2025-26,122,"E Michigan",4-8,-12.0,56,126,123
2025-26,123,"Delaware",7-6,-12.0,94,134,121
2025-26,124,"App State",5-8,-12.1,87,134,124
2025-26,125,"N Illinois",3-9,-12.4,85,127,127
2025-26,126,"Jacksonville St",9-5,-12.4,42,129,126
2025-26,127,"Sam Houston",2-10,-12.5,61,133,125
2025-26,128,"Ball St",4-8,-12.9,52,135,129
2025-26,129,"Bowling Green",4-8,-13.1,72,133,128
2025-26,130,"Middle Tenn",3-9,-13.4,94,131,130
2025-26,131,"Buffalo",5-7,-14.0,6,135,131
2025-26,132,"New Mexico St",4-8,-14.1,99,136,132
2025-26,133,"UTEP",2-10,-14.6,80,134,133
2025-26,134,"Kent St",5-7,-14.9,103,136,134
2025-26,135,"Akron",5-7,-16.3,85,135,135
2025-26,136,"UMass",0-12,-17.0,91,136,136
