Season,Rank,Team,Record,Rating,v 1-10,v 11-25,v 26-40,Hi,Lo,Last
2006-07,1,"Ohio St",12-1,18.4,1-1,1-0,1-0,1,44,1
2006-07,2,"Louisville",12-1,18.0,1-0,0-1,2-0,1,76,2
2006-07,3,"LSU",11-2,17.2,0-1,2-1,1-0,2,39,3
2006-07,4,"BYU",11-2,16.3,0-0,1-1,2-0,3,93,4
2006-07,5,"USC",11-2,16.2,1-0,3-0,2-2,3,105,5
2006-07,6,"Florida",13-1,15.5,2-0,3-1,2-0,4,36,6
2006-07,7,"Boise St",13-0,13.8,1-0,1-0,3-0,5,26,7
2006-07,8,"West Virginia",11-2,13.2,0-1,1-0,2-0,4,115,8
2006-07,9,"Michigan",11-2,12.9,0-2,1-0,2-0,3,41,9
2006-07,10,"Hawai'i",11-3,12.8,0-1,0-0,1-1,7,74,10
2006-07,11,"Texas",10-3,12.8,0-1,3-0,1-1,2,61,11
2006-07,12,"Oklahoma",11-3,12.4,0-1,2-1,3-1,11,54,12
2006-07,13,"California",10-3,11.9,0-1,0-1,4-0,7,88,13
2006-07,14,"Rutgers",11-2,11.6,1-1,0-0,1-0,12,114,14
2006-07,15,"Clemson",8-5,10.6,0-0,0-3,3-0,3,109,15
2006-07,16,"TCU",11-2,10.2,0-1,0-0,1-1,15,69,16
2006-07,17,"Tennessee",9-4,10.0,0-2,2-1,1-1,11,38,17
2006-07,18,"Wisconsin",12-1,9.9,0-1,1-0,1-0,11,43,18
2006-07,19,"Virginia Tech",10-3,9.6,0-0,1-1,1-2,11,100,19
2006-07,20,"Arkansas",10-4,9.3,0-3,3-1,0-0,20,113,20
2006-07,21,"Nebraska",9-5,9.3,0-1,0-4,2-0,5,59,21
2006-07,22,"Auburn",11-2,9.1,2-0,2-1,0-1,3,33,22
2006-07,23,"South Carolina",8-5,7.2,0-1,1-3,0-1,3,86,23
2006-07,24,"Boston College",10-3,7.2,1-0,2-0,1-1,8,113,24
2006-07,25,"Oklahoma St",7-6,6.8,0-0,1-2,0-2,10,56,25
2006-07,26,"Missouri",8-5,6.5,0-0,0-2,1-2,15,49,26
2006-07,27,"Notre Dame",10-3,6.4,0-3,0-0,3-0,19,41,27
2006-07,28,"Pittsburgh",6-6,5.6,0-2,0-1,0-0,6,112,28
2006-07,29,"Georgia",9-4,5.6,0-1,3-1,1-0,13,50,29
2006-07,30,"Oregon St",10-4,5.2,2-1,0-1,2-1,9,104,30
2006-07,31,"Texas Tech",8-5,5.1,0-0,1-3,1-1,8,55,31
2006-07,32,"Florida St",7-6,4.8,0-1,0-2,1-1,20,95,32
2006-07,33,"Penn St",9-4,4.7,0-2,1-1,0-1,22,63,33
2006-07,34,"UCLA",7-6,4.4,1-0,0-1,2-3,18,106,34
2006-07,35,"Oregon",7-6,4.3,0-2,1-1,1-1,7,107,35
2006-07,36,"Nevada",8-5,4.3,0-2,0-0,0-0,16,110,36
2006-07,37,"Texas A&M",9-4,4.3,0-0,2-3,1-1,16,64,37
2006-07,38,"Utah",8-5,4.2,0-2,1-0,0-1,16,95,38
2006-07,39,"Wake Forest",11-3,4.1,0-1,1-2,2-0,32,97,39
2006-07,40,"Georgia Tech",9-5,3.9,0-1,1-1,0-3,33,110,40
2006-07,41,"Alabama",6-7,3.9,1-2,0-4,0-0,20,52,41
2006-07,42,"Houston",10-4,3.4,0-0,1-1,0-0,12,62,42
2006-07,43,"S Florida",9-4,3.1,1-1,0-1,1-0,42,67,43
2006-07,44,"Arizona St",7-6,2.6,0-2,0-1,1-3,26,113,44
2006-07,45,"Tulsa",8-5,2.5,0-1,0-0,0-1,10,82,45
2006-07,46,"Minnesota",6-7,2.5,0-2,0-2,0-2,1,52,46
2006-07,47,"Southern Miss",9-5,2.5,0-1,0-1,0-0,40,104,47
2006-07,48,"Cincinnati",8-5,2.3,0-3,1-1,0-1,44,93,48
2006-07,49,"C Michigan",10-4,1.9,0-1,0-1,0-0,9,111,49
2006-07,50,"Washington St",6-6,1.9,0-1,0-2,3-0,23,103,50
2006-07,51,"Navy",9-4,1.4,0-0,0-2,0-1,22,95,51
2006-07,52,"Iowa",6-7,1.3,0-2,0-2,0-0,29,53,52
2006-07,53,"Miami",7-6,1.1,0-1,1-1,1-2,34,108,53
2006-07,54,"Kentucky",8-5,0.4,0-3,1-2,1-0,35,105,54
2006-07,55,"Arizona",6-6,-0.3,1-2,1-0,1-2,52,102,55
2006-07,56,"Kansas",6-6,-0.6,0-0,0-2,0-2,51,77,56
2006-07,57,"Washington",5-7,-0.9,0-1,0-2,1-2,42,88,57
2006-07,58,"Maryland",9-4,-1.4,0-1,1-1,1-2,50,101,58
2006-07,59,"E Carolina",7-6,-1.4,0-1,0-0,0-0,50,74,59
2006-07,60,"Air Force",4-8,-1.5,0-1,0-2,0-2,25,81,60
2006-07,61,"N Illinois",7-6,-1.6,0-1,0-1,0-0,4,98,61
2006-07,62,"Kansas St",7-6,-1.6,0-1,2-2,0-1,44,109,62
2006-07,63,"Wyoming",6-6,-1.8,0-2,0-1,1-0,10,91,63
2006-07,64,"W Michigan",8-5,-1.8,0-0,0-0,0-1,1,92,64
2006-07,65,"Vanderbilt",4-8,-2.1,0-2,0-3,1-0,28,94,65
2006-07,66,"Purdue",8-6,-2.9,0-1,0-1,0-2,48,82,66
2006-07,67,"San Jose St",9-4,-2.9,0-2,0-0,0-1,14,92,67
2006-07,68,"Virginia",5-7,-3.2,0-0,0-1,0-3,59,102,68
2006-07,69,"Ohio",9-5,-3.3,0-0,0-1,0-1,7,82,69
2006-07,70,"Syracuse",4-8,-3.5,0-2,0-1,0-2,48,117,70
2006-07,71,"Michigan St",4-8,-3.7,0-2,0-0,1-2,17,73,71
2006-07,72,"Ball St",5-7,-3.8,0-1,0-0,0-0,2,100,72
2006-07,73,"SMU",6-6,-4.1,0-0,0-0,0-1,25,113,73
2006-07,74,"New Mexico",6-7,-4.7,0-1,0-1,1-1,74,115,74
2006-07,75,"Middle Tenn",7-6,-4.9,0-1,0-2,0-0,60,109,75
2006-07,76,"UConn",4-8,-5.0,0-2,0-1,1-1,6,116,76
2006-07,77,"NC State",3-9,-5.1,0-0,1-1,1-2,72,101,77
2006-07,78,"Colorado",2-10,-5.4,0-0,0-2,1-2,45,114,78
2006-07,79,"Mississippi St",3-9,-5.9,0-2,0-3,0-1,42,116,79
2006-07,80,"Mississippi",4-8,-5.9,0-1,0-2,0-3,32,104,80
2006-07,81,"UL Monroe",4-8,-6.1,0-0,0-1,0-0,73,115,81
2006-07,82,"Troy",8-5,-6.1,0-0,0-1,0-2,38,100,82
2006-07,83,"Fresno St",4-8,-6.2,0-3,0-0,1-1,9,89,83
2006-07,84,"Marshall",5-7,-6.4,0-1,0-1,0-0,10,107,84
2006-07,85,"Colorado St",4-8,-6.4,0-1,0-1,0-2,51,92,85
2006-07,86,"Rice",7-6,-6.8,0-0,0-1,0-2,20,113,86
2006-07,87,"Akron",5-7,-6.9,0-0,0-0,0-1,12,91,87
2006-07,88,"Illinois",2-10,-7.4,0-1,0-2,0-1,50,104,88
2006-07,89,"UTEP",5-7,-7.4,0-0,0-0,0-1,7,90,89
2006-07,90,"UAB",3-9,-7.6,0-0,0-1,0-1,55,92,90
2006-07,91,"Baylor",4-8,-7.8,0-0,0-4,0-2,54,92,91
2006-07,92,"Northwestern",4-8,-8.0,0-2,0-1,0-2,2,106,92
2006-07,93,"Kent St",6-6,-8.2,0-0,0-1,0-0,17,119,93
2006-07,94,"New Mexico St",4-8,-8.2,0-2,0-0,0-1,83,117,94
2006-07,95,"Indiana",5-7,-8.5,0-2,0-1,0-0,20,102,95
2006-07,96,"Iowa St",4-8,-9.1,0-0,0-3,1-1,13,100,96
2006-07,97,"Toledo",5-7,-9.3,0-0,0-0,0-1,3,108,97
2006-07,98,"Miami OH",2-10,-9.7,0-0,0-0,0-0,6,118,98
2006-07,99,"Louisiana",6-6,-10.1,0-1,0-0,0-1,69,118,99
2006-07,100,"Memphis",2-10,-10.5,0-0,0-1,0-0,53,109,100
2006-07,101,"North Carolina",3-9,-10.6,0-0,0-3,0-3,77,114,101
2006-07,102,"UCF",4-8,-11.2,0-1,0-0,0-1,11,111,102
2006-07,103,"UNLV",2-10,-11.4,0-2,0-1,0-2,27,109,103
2006-07,104,"San Diego St",3-9,-11.7,0-1,0-2,0-1,72,112,104
2006-07,105,"Army",3-9,-11.9,0-0,0-1,0-2,56,106,105
2006-07,106,"Bowling Green",4-8,-12.3,0-1,0-1,0-0,8,107,106
2006-07,107,"Arkansas St",6-6,-12.4,0-0,0-2,0-0,42,111,107
2006-07,108,"Tulane",4-8,-12.8,0-1,0-1,0-0,55,110,108
2006-07,109,"Florida Atlantic",5-7,-13.0,0-0,0-3,0-0,106,119,109
2006-07,110,"Stanford",1-11,-13.2,0-1,0-1,0-4,82,116,110
2006-07,111,"E Michigan",1-11,-13.9,0-0,0-0,0-0,5,114,111
2006-07,112,"N Texas",3-9,-15.8,0-0,0-1,0-0,79,117,112
2006-07,113,"Duke",0-12,-16.1,0-0,0-2,0-3,88,118,113
2006-07,114,"Buffalo",2-10,-16.8,0-0,0-3,0-0,11,117,114
2006-07,115,"Idaho",4-8,-18.2,0-2,0-0,0-2,67,116,115
2006-07,116,"Florida Intl",0-12,-18.3,0-0,0-0,0-0,12,118,116
2006-07,117,"Louisiana Tech",3-10,-21.7,0-2,0-2,0-2,19,118,117
2006-07,118,"Utah St",1-11,-22.1,0-3,0-1,0-2,70,118,118
2006-07,119,"Temple",1-11,-24.5,0-1,0-1,0-1,66,119,119
2007-08,1,"West Virginia",11-2,22.3,1-0,1-1,2-0,1,7,1
2007-08,2,"Oklahoma",11-3,21.8,2-1,1-1,1-0,1,4,2
2007-08,3,"LSU",12-2,20.5,2-0,3-1,2-1,1,4,3
2007-08,4,"USC",11-2,20.2,0-1,3-0,2-0,1,11,4
2007-08,5,"Florida",9-4,18.5,0-2,1-1,2-1,4,17,5
2007-08,6,"Kansas",12-1,17.9,0-1,1-0,1-0,4,56,6
2007-08,7,"Oregon",9-4,17.8,1-0,2-2,1-1,3,29,7
2007-08,8,"Missouri",12-2,17.6,1-2,2-0,1-0,7,43,8
2007-08,9,"Ohio St",11-2,16.5,0-1,1-0,3-1,4,24,9
2007-08,10,"Georgia",11-2,13.7,1-0,1-1,4-1,10,32,10
2007-08,11,"Cincinnati",10-3,13.6,0-1,2-0,1-1,6,50,11
2007-08,12,"Virginia Tech",11-3,13.1,0-2,1-0,1-1,7,41,12
2007-08,13,"Texas",10-3,12.8,0-1,2-0,2-0,8,30,13
2007-08,14,"S Florida",9-4,12.2,1-1,1-1,1-1,10,61,14
2007-08,15,"Clemson",9-4,11.9,0-0,0-2,1-1,12,44,15
2007-08,16,"Arizona St",10-3,11.6,0-2,2-1,1-0,9,46,16
2007-08,17,"Texas Tech",9-4,11.3,1-1,0-1,0-1,10,43,17
2007-08,18,"BYU",11-2,11.3,0-0,0-0,3-1,10,34,18
2007-08,19,"Boise St",10-3,10.7,0-0,0-0,0-1,10,26,19
2007-08,20,"Oregon St",9-4,9.7,1-1,1-2,1-1,12,47,20
2007-08,21,"Penn St",9-4,9.7,0-1,0-0,1-3,13,39,21
2007-08,22,"Auburn",9-4,9.5,1-2,2-1,1-0,11,43,22
2007-08,23,"Arkansas",8-5,8.9,1-1,0-2,1-2,17,38,23
2007-08,24,"California",7-6,8.6,1-1,1-2,0-1,5,26,24
2007-08,25,"Tennessee",10-4,8.5,1-2,1-1,3-1,24,47,25
2007-08,26,"Utah",9-4,8.2,0-0,0-2,3-0,21,55,26
2007-08,27,"UCLA",6-7,7.9,1-1,3-2,0-1,7,42,27
2007-08,28,"Oklahoma St",7-6,7.7,0-3,1-1,0-0,25,53,28
2007-08,29,"Rutgers",8-5,7.3,0-1,1-1,0-1,11,40,29
2007-08,30,"Michigan",9-4,7.3,1-2,1-0,2-1,14,75,30
2007-08,31,"Boston College",11-3,7.1,0-0,2-1,1-0,12,33,31
2007-08,32,"Kentucky",8-5,6.8,1-2,1-1,1-1,14,59,32
2007-08,33,"Louisville",6-6,6.7,0-1,1-1,1-2,2,33,33
2007-08,34,"Hawai'i",12-1,6.3,0-1,1-0,0-0,11,35,34
2007-08,35,"Alabama",7-6,5.8,0-2,2-1,0-0,19,40,35
2007-08,36,"Wisconsin",9-4,5.7,0-1,0-2,2-1,8,49,36
2007-08,37,"South Carolina",6-6,5.6,1-2,0-3,1-0,17,41,37
2007-08,38,"TCU",8-5,5.2,0-0,0-2,0-1,18,53,38
2007-08,39,"Michigan St",7-6,5.0,0-1,1-0,0-3,37,63,39
2007-08,40,"Illinois",9-4,4.9,1-2,1-0,1-1,34,77,40
2007-08,41,"Arizona",5-7,4.8,1-1,0-4,1-0,41,72,41
2007-08,42,"Texas A&M",7-6,4.7,0-3,1-2,1-0,36,52,42
2007-08,43,"Wake Forest",9-4,4.5,0-0,0-1,0-1,41,57,43
2007-08,44,"Virginia",9-4,4.5,0-0,0-2,0-0,40,60,44
2007-08,45,"UConn",9-4,4.2,0-1,1-1,2-0,28,67,45
2007-08,46,"Washington",4-9,4.0,0-3,2-2,0-2,27,58,46
2007-08,47,"Florida St",7-6,3.7,0-1,0-2,2-1,22,48,47
2007-08,48,"Purdue",8-5,3.6,0-1,0-1,0-2,19,48,48
2007-08,49,"Kansas St",5-7,3.4,0-2,1-1,0-1,13,53,49
2007-08,50,"Georgia Tech",7-6,3.1,0-1,1-1,0-1,10,50,50
2007-08,51,"Maryland",6-7,3.0,0-1,0-2,2-0,51,69,51
2007-08,52,"Air Force",9-4,2.7,0-0,0-2,2-0,45,72,52
2007-08,53,"Nebraska",5-7,1.7,0-3,0-1,0-1,9,62,53
2007-08,54,"Troy",8-4,1.5,0-2,0-1,1-0,50,90,54
2007-08,55,"Colorado",6-7,1.3,1-2,1-1,0-1,33,64,55
2007-08,56,"UCF",10-4,1.2,0-0,0-2,0-0,55,102,56
2007-08,57,"Tulsa",10-4,0.6,0-1,1-0,0-0,44,78,57
2007-08,58,"Pittsburgh",5-7,0.4,1-0,1-1,0-3,40,72,58
2007-08,59,"New Mexico",9-4,0.2,0-0,0-1,0-2,42,62,59
2007-08,60,"Fresno St",9-4,-0.7,0-1,0-1,0-1,59,77,60
2007-08,61,"Vanderbilt",5-7,-0.8,0-2,0-2,1-2,56,66,61
2007-08,62,"Washington St",5-7,-0.9,0-2,0-3,1-1,43,73,62
2007-08,63,"Mississippi St",8-5,-1.1,0-2,1-2,2-1,61,104,63
2007-08,64,"Houston",8-5,-1.5,0-1,0-0,0-2,45,67,64
2007-08,65,"Indiana",7-6,-1.9,0-0,0-1,0-4,45,82,65
2007-08,66,"Iowa",6-6,-2.2,0-0,0-1,2-1,29,66,66
2007-08,67,"Southern Miss",7-6,-3.2,0-0,0-3,0-0,49,77,67
2007-08,68,"E Carolina",8-5,-3.5,0-1,1-1,0-0,68,87,68
2007-08,69,"Miami",5-7,-4.0,0-1,0-1,0-1,21,70,69
2007-08,70,"Ball St",7-6,-4.2,0-0,0-0,0-2,59,90,70
2007-08,71,"Navy",8-5,-4.6,0-0,0-0,0-2,63,81,71
2007-08,72,"Stanford",4-8,-4.8,1-1,1-2,0-2,67,97,72
2007-08,73,"North Carolina",4-8,-5.0,0-0,0-2,0-1,70,98,73
2007-08,74,"Mississippi",3-9,-5.6,0-4,0-2,0-1,64,77,74
2007-08,75,"Colorado St",3-9,-5.9,0-0,0-2,0-2,61,80,75
2007-08,76,"Wyoming",5-7,-6.2,0-0,0-2,1-1,39,77,76
2007-08,77,"Nevada",6-7,-6.2,0-0,0-1,0-1,65,87,77
2007-08,78,"NC State",5-7,-6.7,0-0,0-1,0-2,61,87,78
2007-08,79,"Notre Dame",3-9,-7.1,0-1,0-1,1-3,48,95,79
2007-08,80,"C Michigan",8-6,-7.6,0-1,0-1,0-0,74,108,80
2007-08,81,"Northwestern",6-6,-8.0,0-1,0-0,1-2,70,93,81
2007-08,82,"W Michigan",5-7,-8.6,0-2,0-0,0-0,73,94,82
2007-08,83,"Minnesota",1-11,-8.9,0-1,0-0,0-3,27,87,83
2007-08,84,"Florida Atlantic",8-5,-9.0,0-1,0-1,0-2,84,110,84
2007-08,85,"Middle Tenn",5-7,-9.8,0-1,0-0,0-1,77,104,85
2007-08,86,"San Diego St",4-8,-10.1,0-0,0-3,0-2,79,103,86
2007-08,87,"Bowling Green",8-5,-10.3,0-0,0-0,0-2,67,91,87
2007-08,88,"W Kentucky",7-5,-10.5,0-1,0-0,0-0,84,120,88
2007-08,89,"Iowa St",3-9,-10.7,0-3,0-2,0-0,87,114,89
2007-08,90,"UNLV",2-10,-10.8,0-0,0-1,1-3,76,104,90
2007-08,91,"Ohio",6-6,-11.4,0-0,0-1,0-0,82,97,91
2007-08,92,"UTEP",4-8,-11.6,0-0,0-1,0-0,72,101,92
2007-08,93,"UL Monroe",6-6,-11.7,0-0,0-1,1-0,92,112,93
2007-08,94,"Marshall",3-9,-12.0,0-1,0-1,0-0,78,109,94
2007-08,95,"Miami OH",6-7,-12.5,0-0,0-1,0-0,62,98,95
2007-08,96,"Duke",1-11,-12.9,0-0,0-2,0-0,86,113,96
2007-08,97,"Buffalo",5-7,-13.0,0-0,0-1,0-1,89,117,97
2007-08,98,"Arkansas St",5-7,-13.2,0-0,0-2,0-0,83,114,98
2007-08,99,"Syracuse",2-10,-13.2,0-1,0-2,1-2,79,113,99
2007-08,100,"Toledo",5-7,-13.6,0-1,0-0,0-0,79,114,100
2007-08,101,"San Jose St",5-7,-13.9,0-0,0-2,0-1,88,114,101
2007-08,102,"Memphis",7-6,-14.1,0-0,0-0,0-0,81,108,102
2007-08,103,"Akron",4-8,-14.1,0-1,0-0,0-0,80,103,103
2007-08,104,"Louisiana Tech",5-7,-15.0,0-1,0-2,0-1,88,112,104
2007-08,105,"E Michigan",4-8,-15.0,0-0,0-0,0-1,104,116,105
2007-08,106,"Baylor",3-9,-15.2,0-2,0-2,0-2,86,107,106
2007-08,107,"Tulane",4-8,-16.2,0-1,0-0,0-0,106,116,107
2007-08,108,"Kent St",3-9,-16.3,0-1,0-0,0-1,78,108,108
2007-08,109,"Utah St",2-10,-16.5,0-1,0-1,0-2,104,117,109
2007-08,110,"SMU",1-11,-16.6,0-0,0-1,0-1,80,112,110
2007-08,111,"Rice",3-9,-17.7,0-0,0-2,0-0,96,118,111
2007-08,112,"Army",3-9,-18.0,0-0,0-0,0-2,104,113,112
2007-08,113,"N Illinois",2-10,-18.8,0-0,0-0,0-1,67,117,113
2007-08,114,"New Mexico St",4-9,-19.2,0-0,0-2,0-1,87,115,114
2007-08,115,"UAB",2-10,-19.4,0-0,0-0,0-1,95,117,115
2007-08,116,"Temple",4-8,-19.5,0-0,0-1,0-0,113,119,116
2007-08,117,"Louisiana",3-9,-19.9,0-0,0-1,0-1,100,118,117
2007-08,118,"Idaho",1-11,-21.2,0-1,0-1,0-1,105,118,118
2007-08,119,"N Texas",2-10,-25.0,0-1,0-1,0-0,113,120,119
2007-08,120,"Florida Intl",1-11,-26.6,0-1,0-2,0-0,119,120,120
2008-09,1,"Florida",13-1,31.5,1-0,3-1,2-0,1,6,2
2008-09,2,"Oklahoma",12-2,30.2,3-2,2-0,2-0,1,5,1
2008-09,3,"USC",12-1,29.7,3-0,2-1,0-0,1,7,3
2008-09,4,"Texas",12-1,25.2,3-1,2-0,0-0,2,15,4
2008-09,5,"Penn St",11-2,22.9,1-1,1-1,1-0,2,11,5
2008-09,6,"Ohio St",10-3,17.0,0-3,0-0,1-0,1,22,8
2008-09,7,"TCU",11-2,17.0,0-1,2-1,0-0,6,33,9
2008-09,8,"Texas Tech",11-2,16.4,1-1,2-1,1-0,6,19,6
2008-09,9,"Missouri",10-4,16.3,0-2,0-2,1-0,4,12,7
2008-09,10,"Oregon",10-3,16.3,0-1,3-2,0-0,4,16,11
2008-09,11,"Boise St",12-1,15.6,1-1,0-0,0-0,10,29,10
2008-09,12,"Alabama",12-2,15.2,0-1,2-1,2-0,8,27,12
2008-09,13,"Utah",13-0,14.3,1-0,3-0,0-0,13,31,15
2008-09,14,"California",9-4,13.5,1-1,0-2,1-0,4,25,14
2008-09,15,"Oklahoma St",9-4,13.1,1-4,0-0,0-0,7,26,13
2008-09,16,"Arizona",8-5,12.6,0-2,2-1,0-0,10,40,16
2008-09,17,"Iowa",9-4,12.3,1-0,0-0,1-2,16,58,17
2008-09,18,"Oregon St",9-4,11.5,1-2,2-1,1-0,13,64,18
2008-09,19,"Mississippi",9-4,11.2,2-0,0-1,1-2,19,71,20
2008-09,20,"Georgia",10-3,10.7,0-1,0-1,3-0,6,20,19
2008-09,21,"Florida St",9-4,10.4,0-1,0-0,2-2,16,29,21
2008-09,22,"BYU",10-3,8.3,0-1,0-2,0-0,7,34,22
2008-09,23,"Kansas",8-5,7.5,1-3,0-0,0-2,10,31,23
2008-09,24,"Tulsa",11-3,7.4,0-0,0-0,1-0,18,53,32
2008-09,25,"West Virginia",9-4,6.7,0-0,0-0,4-2,4,50,24
2008-09,26,"Pittsburgh",9-4,6.7,0-0,2-1,2-2,24,68,27
2008-09,27,"Nebraska",9-4,6.6,0-3,1-0,1-1,23,54,26
2008-09,28,"LSU",8-5,6.6,0-1,0-3,1-0,5,37,35
2008-09,29,"Clemson",7-6,6.4,0-0,0-2,2-2,14,46,25
2008-09,30,"Rutgers",8-5,6.3,0-0,0-1,3-2,27,86,28
2008-09,31,"S Florida",8-5,5.2,0-0,1-1,1-3,13,43,34
2008-09,32,"Michigan St",9-4,5.0,0-2,1-2,0-0,20,41,30
2008-09,33,"Virginia Tech",10-4,4.9,0-0,0-1,4-1,18,46,37
2008-09,34,"North Carolina",8-5,4.8,0-0,0-1,3-1,21,78,33
2008-09,35,"Cincinnati",11-3,4.3,0-1,1-0,3-2,25,45,31
2008-09,36,"Boston College",9-5,4.0,0-0,1-0,2-3,30,49,36
2008-09,37,"Wake Forest",8-5,4.0,0-0,2-0,1-1,20,48,41
2008-09,38,"UConn",8-5,3.5,0-0,0-1,1-4,30,47,42
2008-09,39,"Ball St",12-2,3.3,0-0,0-1,0-0,22,67,29
2008-09,40,"South Carolina",7-6,3.2,0-1,1-2,0-2,14,46,40
2008-09,41,"Miami",7-6,2.7,0-1,0-2,2-1,33,68,47
2008-09,42,"Arizona St",5-7,2.7,0-2,0-4,0-0,17,57,43
2008-09,43,"Houston",8-5,2.5,0-0,1-1,0-0,39,75,48
2008-09,44,"Tennessee",5-7,2.4,0-1,0-2,0-1,24,54,46
2008-09,45,"Troy",8-5,2.3,0-1,0-1,0-1,24,57,44
2008-09,46,"Stanford",5-7,2.1,0-3,2-1,0-0,44,80,49
2008-09,47,"Wisconsin",7-6,2.0,0-2,0-2,0-1,13,47,39
2008-09,48,"Georgia Tech",9-4,2.0,0-0,2-0,2-3,31,65,38
2008-09,49,"Illinois",5-7,1.9,0-3,1-0,0-0,27,63,45
2008-09,50,"Notre Dame",7-6,1.4,0-1,0-0,0-4,42,66,55
2008-09,51,"Vanderbilt",7-6,1.1,0-1,1-1,2-1,39,79,54
2008-09,52,"Auburn",5-7,1.0,0-0,0-4,0-1,8,54,52
2008-09,53,"Northwestern",9-4,0.8,0-2,1-0,0-1,51,76,53
2008-09,54,"Purdue",4-8,0.7,0-3,0-1,0-1,44,66,51
2008-09,55,"Navy",8-5,0.5,0-0,0-0,2-3,50,79,50
2008-09,56,"Southern Miss",7-6,0.1,0-0,0-1,0-0,48,81,57
2008-09,57,"Kentucky",7-6,0.0,0-1,0-2,0-1,19,58,58
2008-09,58,"Baylor",4-8,-0.5,0-4,0-1,0-3,55,110,56
2008-09,59,"Air Force",8-5,-0.7,0-1,0-2,0-0,48,69,59
2008-09,60,"Rice",10-3,-0.7,0-1,0-1,0-0,60,108,65
2008-09,61,"Maryland",8-5,-1.2,0-0,1-1,3-2,44,80,61
2008-09,62,"E Carolina",9-5,-1.5,0-0,2-0,1-0,36,75,60
2008-09,63,"Bowling Green",6-6,-2.4,0-0,0-1,1-0,54,79,62
2008-09,64,"Kansas St",5-7,-2.6,0-3,0-1,0-1,23,66,66
2008-09,65,"Nevada",7-6,-2.7,0-2,0-1,0-0,60,94,63
2008-09,66,"NC State",6-7,-2.9,0-0,0-1,2-5,66,105,71
2008-09,67,"Arkansas",5-7,-3.0,0-2,1-2,1-1,29,93,72
2008-09,68,"Virginia",5-7,-3.2,0-1,0-0,1-4,51,109,70
2008-09,69,"Minnesota",7-6,-3.7,0-1,0-2,0-0,33,71,68
2008-09,70,"New Mexico",4-8,-3.7,0-1,1-3,0-0,60,86,73
2008-09,71,"Buffalo",8-6,-3.8,0-1,0-0,1-2,64,100,67
2008-09,72,"N Illinois",6-7,-3.9,0-0,0-0,0-1,51,89,64
2008-09,73,"Michigan",3-9,-4.5,0-2,0-1,0-1,35,79,74
2008-09,74,"W Michigan",9-4,-4.9,0-0,0-0,0-2,61,93,69
2008-09,75,"Colorado",5-7,-5.0,0-2,1-3,0-1,34,79,75
2008-09,76,"Duke",4-8,-5.3,0-0,0-0,0-4,70,96,76
2008-09,77,"UCLA",4-8,-5.6,0-2,0-4,0-0,37,89,79
2008-09,78,"Temple",5-7,-6.2,0-1,0-0,0-1,75,105,77
2008-09,79,"Fresno St",7-6,-6.4,0-0,0-1,1-0,21,80,78
2008-09,80,"Louisville",5-7,-6.6,0-0,0-1,1-4,32,81,81
2008-09,81,"C Michigan",8-5,-6.9,0-0,0-1,0-1,76,96,80
2008-09,82,"Texas A&M",4-8,-7.3,0-3,0-1,0-0,43,88,82
2008-09,83,"Colorado St",7-6,-7.4,0-1,0-3,0-0,79,107,85
2008-09,84,"Arkansas St",6-6,-8.2,0-0,0-1,0-0,57,112,87
2008-09,85,"Akron",5-7,-8.4,0-0,0-0,0-2,76,103,84
2008-09,86,"Hawai'i",7-7,-8.4,0-1,0-2,0-1,59,101,83
2008-09,87,"Memphis",6-7,-8.5,0-0,0-1,0-1,86,102,86
2008-09,88,"UTEP",5-7,-8.7,0-1,0-1,0-0,80,113,88
2008-09,89,"Mississippi St",4-8,-8.7,0-0,0-2,0-1,61,89,89
2008-09,90,"Louisiana Tech",8-5,-9.4,0-0,0-2,0-0,90,106,92
2008-09,91,"Florida Atlantic",7-6,-9.8,0-1,0-0,0-1,89,103,94
2008-09,92,"Louisiana",6-6,-9.9,0-0,0-0,0-0,75,116,91
2008-09,93,"Marshall",4-8,-10.0,0-0,0-2,0-1,86,103,93
2008-09,94,"Ohio",4-8,-10.1,0-1,0-0,0-0,78,99,90
2008-09,95,"Iowa St",2-10,-10.4,0-1,0-3,0-1,67,96,95
2008-09,96,"UNLV",5-7,-10.6,0-1,0-2,0-0,78,101,96
2008-09,97,"Middle Tenn",5-7,-10.9,0-0,0-0,0-0,73,101,97
2008-09,98,"UCF",4-8,-11.4,0-0,0-1,0-2,62,108,98
2008-09,99,"Florida Intl",5-7,-12.2,0-0,0-2,0-1,91,118,100
2008-09,100,"San Jose St",6-6,-12.3,0-0,0-1,0-1,87,114,99
2008-09,101,"Syracuse",3-9,-12.5,0-1,0-1,0-5,93,114,101
2008-09,102,"Kent St",4-8,-13.3,0-0,0-0,0-2,100,112,102
2008-09,103,"Toledo",3-9,-13.5,0-0,0-1,0-1,67,104,103
2008-09,104,"Washington",0-12,-13.8,0-3,0-4,0-0,40,104,104
2008-09,105,"UAB",4-8,-14.3,0-0,0-1,0-1,102,115,107
2008-09,106,"Utah St",3-9,-14.4,0-1,0-3,0-0,105,117,105
2008-09,107,"Indiana",3-9,-14.9,0-1,0-1,0-2,55,107,106
2008-09,108,"UL Monroe",4-8,-15.9,0-0,0-1,0-0,95,111,109
2008-09,109,"E Michigan",3-9,-16.4,0-0,0-0,0-2,80,116,108
2008-09,110,"Army",3-9,-16.6,0-0,0-0,0-1,106,120,110
2008-09,111,"Wyoming",4-8,-16.8,0-1,0-2,0-0,85,118,111
2008-09,112,"Miami OH",2-10,-18.2,0-0,0-0,0-2,86,113,112
2008-09,113,"W Kentucky",2-10,-18.5,0-0,0-1,0-2,95,113,113
2008-09,114,"SMU",1-11,-18.6,0-2,0-1,0-0,112,118,114
2008-09,115,"San Diego St",2-10,-20.3,0-1,0-2,0-0,90,117,116
2008-09,116,"New Mexico St",3-9,-20.5,0-0,0-1,0-1,103,116,115
2008-09,117,"Tulane",2-10,-20.7,0-0,0-2,0-1,79,117,117
2008-09,118,"Washington St",2-11,-23.8,0-2,0-4,0-0,63,118,118
2008-09,119,"Idaho",2-10,-29.4,0-0,0-2,0-0,118,120,119
2008-09,120,"N Texas",1-11,-30.6,0-0,0-1,0-1,118,120,120
2009-10,1,"Texas",13-1,26.3,2-1,1-0,1-0,1,3,1
2009-10,2,"Florida",13-1,26.1,0-1,4-0,2-0,1,2,2
2009-10,3,"Alabama",14-0,22.9,3-0,4-0,1-0,3,11,4
2009-10,4,"Oklahoma",8-5,21.5,0-2,1-3,1-0,2,4,3
2009-10,5,"TCU",12-1,20.8,0-1,2-0,2-0,3,18,5
2009-10,6,"Virginia Tech",10-3,18.7,1-1,2-1,0-1,6,23,6
2009-10,7,"Boise St",14-0,16.7,2-0,0-0,0-0,4,10,8
2009-10,8,"Nebraska",10-4,16.2,1-2,0-1,1-0,5,27,11
2009-10,9,"Ohio St",11-2,15.8,1-0,2-1,1-0,7,16,10
2009-10,10,"Oregon",10-3,15.7,0-2,1-1,4-0,5,31,7
2009-10,11,"Texas Tech",9-4,14.8,2-1,0-0,0-2,8,27,9
2009-10,12,"Penn St",11-2,13.4,0-1,1-1,0-0,5,17,12
2009-10,13,"Arkansas",8-5,12.2,0-2,0-2,1-1,13,63,15
2009-10,14,"Cincinnati",12-1,12.2,0-1,1-0,2-0,9,63,13
2009-10,15,"Georgia Tech",11-3,12.0,1-0,2-2,2-1,13,51,14
2009-10,16,"LSU",9-4,11.9,0-2,1-2,2-0,16,31,18
2009-10,17,"Clemson",9-5,11.8,0-1,1-2,1-0,11,30,17
2009-10,18,"USC",9-4,11.8,1-1,0-1,3-1,2,18,16
2009-10,19,"Mississippi",9-4,11.0,0-1,3-0,1-1,11,25,21
2009-10,20,"BYU",11-2,11.0,1-1,0-0,3-1,5,31,27
2009-10,21,"Miami",9-4,10.9,1-1,1-1,1-2,19,38,19
2009-10,22,"Pittsburgh",10-3,10.5,0-0,0-1,3-0,17,43,20
2009-10,23,"Stanford",8-5,10.1,1-1,1-0,1-3,18,52,22
2009-10,24,"Tennessee",7-6,9.3,0-3,0-1,1-1,17,46,23
2009-10,25,"Iowa",11-2,9.1,0-1,2-0,2-0,12,55,29
2009-10,26,"Oklahoma St",9-4,8.3,0-2,1-1,1-1,12,32,26
2009-10,27,"Oregon St",8-5,8.0,0-1,1-3,1-1,24,60,24
2009-10,28,"Georgia",8-5,8.0,0-1,2-2,1-1,16,45,32
2009-10,29,"Arizona",8-5,7.8,0-2,2-1,2-1,13,38,25
2009-10,30,"Wisconsin",10-3,7.5,0-1,1-1,0-0,30,56,33
2009-10,31,"Air Force",8-5,7.3,0-1,0-1,1-1,30,65,43
2009-10,32,"Auburn",8-5,7.2,0-1,2-2,0-1,19,40,30
2009-10,33,"Utah",10-3,7.1,0-2,0-1,2-0,15,40,36
2009-10,34,"Houston",10-4,6.9,0-0,1-0,1-1,21,49,28
2009-10,35,"UConn",8-5,6.5,0-0,0-2,1-1,35,62,39
2009-10,36,"Notre Dame",6-6,6.0,0-0,0-3,0-1,14,38,37
2009-10,37,"North Carolina",8-5,6.0,1-0,1-2,1-1,34,66,40
2009-10,38,"C Michigan",12-2,5.8,0-0,0-0,0-1,32,69,34
2009-10,39,"Florida St",7-6,5.5,0-1,1-3,1-0,24,60,46
2009-10,40,"California",8-5,5.2,0-1,1-1,1-2,5,41,35
2009-10,41,"Boston College",8-5,5.1,0-1,0-2,2-2,21,50,41
2009-10,42,"Missouri",8-5,5.0,0-2,0-0,0-1,8,43,31
2009-10,43,"West Virginia",9-4,4.7,0-0,1-1,1-2,29,58,42
2009-10,44,"South Carolina",7-6,4.5,0-2,2-2,0-2,35,53,44
2009-10,45,"Rutgers",9-4,4.4,0-0,0-2,1-0,32,67,49
2009-10,46,"Kansas",5-7,4.1,0-3,0-1,0-0,12,46,45
2009-10,47,"Kentucky",7-6,4.0,0-2,0-2,2-0,41,67,47
2009-10,48,"Michigan St",6-7,3.9,0-0,0-3,0-3,31,49,48
2009-10,49,"Navy",10-4,3.4,0-1,0-1,2-0,35,60,57
2009-10,50,"S Florida",8-5,3.2,0-0,0-3,1-1,23,57,55
2009-10,51,"UCLA",7-6,2.8,0-1,1-2,0-3,45,61,50
2009-10,52,"Nevada",8-5,2.4,0-1,0-0,0-1,38,94,38
2009-10,53,"E Carolina",9-5,2.4,0-1,0-1,1-1,51,81,54
2009-10,54,"Arizona St",4-8,2.2,0-1,0-2,0-4,22,54,52
2009-10,55,"Mississippi St",5-7,2.1,0-2,1-3,0-2,53,104,53
2009-10,56,"Texas A&M",6-7,1.6,0-2,1-1,0-2,39,78,51
2009-10,57,"Washington",5-7,1.2,0-1,1-2,2-2,56,91,56
2009-10,58,"Wake Forest",5-7,1.1,0-0,1-3,0-1,43,63,59
2009-10,59,"Southern Miss",7-6,0.7,0-0,0-0,0-1,28,63,58
2009-10,60,"Purdue",5-7,-0.1,1-1,0-0,0-2,38,66,61
2009-10,61,"Michigan",5-7,-0.8,0-1,0-2,1-1,33,64,63
2009-10,62,"Middle Tenn",10-3,-1.1,0-0,0-1,0-0,62,91,69
2009-10,63,"Minnesota",6-7,-1.1,0-1,0-2,1-2,52,66,65
2009-10,64,"Fresno St",8-5,-1.2,0-1,0-1,0-1,38,73,60
2009-10,65,"Kansas St",6-6,-1.4,0-2,0-1,0-0,62,92,64
2009-10,66,"Troy",9-4,-1.5,0-1,0-1,0-1,63,79,68
2009-10,67,"Baylor",4-8,-2.0,0-3,0-1,0-2,49,70,66
2009-10,68,"UCF",8-5,-2.0,0-1,0-1,1-0,61,102,62
2009-10,69,"Northwestern",8-5,-2.5,0-0,1-1,1-1,55,82,72
2009-10,70,"Tulsa",5-7,-2.7,0-2,0-0,0-1,19,71,70
2009-10,71,"NC State",5-7,-3.0,0-1,1-1,1-1,45,76,74
2009-10,72,"Iowa St",7-6,-3.1,1-0,0-1,0-1,60,101,71
2009-10,73,"N Illinois",7-6,-3.2,0-0,0-0,0-2,60,82,67
2009-10,74,"Temple",9-4,-3.3,0-0,0-1,0-0,66,113,73
2009-10,75,"Virginia",3-9,-3.4,0-2,0-3,1-0,58,103,77
2009-10,76,"Louisiana Tech",4-8,-3.4,0-1,0-1,0-1,75,95,75
2009-10,77,"Vanderbilt",2-10,-3.7,0-1,0-4,0-1,36,78,78
2009-10,78,"Colorado",3-9,-3.7,0-2,0-0,0-1,67,87,76
2009-10,79,"Illinois",3-9,-4.5,0-1,0-2,0-0,57,90,81
2009-10,80,"Ohio",9-5,-4.9,0-0,0-1,0-2,73,98,79
2009-10,81,"Bowling Green",7-6,-5.1,0-1,0-0,0-1,63,85,80
2009-10,82,"Duke",5-7,-5.7,0-1,0-2,0-1,70,110,82
2009-10,83,"SMU",8-5,-6.1,0-1,0-0,0-1,83,111,90
2009-10,84,"Louisville",4-8,-6.2,0-0,0-2,0-2,64,84,83
2009-10,85,"Buffalo",5-7,-7.2,0-0,0-1,0-1,66,99,84
2009-10,86,"Indiana",4-8,-7.5,0-1,0-2,0-1,77,112,85
2009-10,87,"Marshall",7-6,-7.6,0-1,0-0,0-0,82,112,87
2009-10,88,"Syracuse",4-8,-7.8,0-0,0-3,0-1,76,101,86
2009-10,89,"Maryland",2-10,-8.0,0-1,1-0,0-2,74,107,88
2009-10,90,"UAB",5-7,-8.8,0-0,0-1,0-0,68,104,89
2009-10,91,"Arkansas St",4-8,-9.3,0-1,0-1,0-0,60,94,93
2009-10,92,"UTEP",4-8,-9.4,0-1,0-0,1-0,79,98,91
2009-10,93,"UL Monroe",6-6,-9.5,0-1,0-0,0-0,70,103,92
2009-10,94,"Utah St",4-8,-10.1,0-1,0-1,0-1,84,110,94
2009-10,95,"Colorado St",3-9,-10.4,0-1,0-1,0-2,68,96,95
2009-10,96,"Wyoming",7-6,-10.7,0-2,0-1,0-2,96,113,99
2009-10,97,"W Michigan",5-7,-11.0,0-0,0-0,0-1,81,101,96
2009-10,98,"UNLV",5-7,-11.0,0-1,0-1,0-3,74,108,97
2009-10,99,"Idaho",8-5,-12.3,0-1,0-0,0-0,95,120,100
2009-10,100,"Kent St",5-7,-12.3,0-0,0-0,0-0,90,114,98
2009-10,101,"San Diego St",4-8,-12.4,0-1,0-1,0-2,93,110,102
2009-10,102,"Toledo",5-7,-13.0,0-1,0-0,0-1,75,105,101
2009-10,103,"Florida Atlantic",5-7,-13.1,0-1,0-0,0-0,101,114,104
2009-10,104,"Hawai'i",6-7,-13.2,0-1,0-0,0-1,80,110,103
2009-10,105,"Florida Intl",3-9,-13.9,0-2,0-0,0-0,88,107,106
2009-10,106,"Memphis",2-10,-14.4,0-0,0-2,0-1,86,113,105
2009-10,107,"Ball St",2-10,-14.7,0-0,0-0,0-2,62,111,107
2009-10,108,"Louisiana",6-6,-14.7,0-1,0-1,0-0,83,111,109
2009-10,109,"Akron",3-9,-14.8,0-0,0-1,0-1,67,109,108
2009-10,110,"Army",5-7,-15.1,0-0,0-0,0-1,89,112,110
2009-10,111,"New Mexico",1-11,-17.5,0-1,0-2,0-2,76,116,111
2009-10,112,"N Texas",2-10,-18.3,0-1,0-0,0-0,112,119,112
2009-10,113,"Miami OH",1-11,-19.6,0-1,0-1,0-0,111,118,113
2009-10,114,"Washington St",1-11,-20.9,0-1,0-2,0-4,111,116,114
2009-10,115,"San Jose St",2-10,-21.5,0-1,0-2,0-1,97,115,115
2009-10,116,"Rice",2-10,-22.2,0-0,0-1,0-2,69,117,116
2009-10,117,"W Kentucky",0-12,-23.4,0-0,0-1,0-0,117,120,117
2009-10,118,"Tulane",3-9,-24.0,0-0,0-2,0-1,115,119,119
2009-10,119,"E Michigan",0-12,-24.1,0-0,0-1,0-1,102,119,118
2009-10,120,"New Mexico St",3-10,-25.8,0-2,0-0,0-0,118,120,120
2010-11,1,"Oregon",12-1,26.8,1-1,1-0,4-0,1,7,1
2010-11,2,"Boise St",12-1,26.3,0-0,2-1,2-0,1,6,2
2010-11,3,"TCU",13-0,23.3,1-0,1-0,2-0,2,5,3
2010-11,4,"Stanford",12-1,22.5,0-1,2-0,5-0,4,45,4
2010-11,5,"Alabama",10-3,22.1,1-1,1-2,1-0,2,10,6
2010-11,6,"Ohio St",12-1,20.5,1-1,1-0,2-0,2,6,5
2010-11,7,"Auburn",14-0,19.5,3-0,4-0,2-0,7,26,7
2010-11,8,"Oklahoma",12-2,18.2,0-0,3-2,1-0,5,14,8
2010-11,9,"Wisconsin",11-2,15.7,1-1,1-0,1-0,9,40,9
2010-11,10,"Arkansas",10-3,15.6,0-3,4-0,1-0,9,24,11
2010-11,11,"Oklahoma St",11-2,15.2,0-1,1-1,1-0,11,52,13
2010-11,12,"Virginia Tech",11-3,14.4,0-2,1-0,2-0,8,41,10
2010-11,13,"LSU",11-2,13.5,1-2,3-0,1-0,8,23,17
2010-11,14,"Florida St",10-4,12.9,0-1,2-1,3-1,10,48,16
2010-11,15,"Missouri",10-3,12.6,1-0,1-2,1-0,9,35,14
2010-11,16,"Nebraska",10-4,12.5,0-1,2-1,0-0,5,16,12
2010-11,17,"South Carolina",9-5,12.3,1-3,2-1,1-0,10,28,15
2010-11,18,"Florida",8-5,12.1,0-1,1-3,0-1,2,18,18
2010-11,19,"Nevada",13-1,10.7,1-0,0-0,1-1,14,54,19
2010-11,20,"Georgia",6-7,10.6,0-2,0-2,0-1,9,29,20
2010-11,21,"Utah",10-3,9.9,0-2,0-0,2-1,6,38,23
2010-11,22,"Texas A&M",9-4,9.8,1-1,1-3,0-0,20,44,21
2010-11,23,"USC",8-5,9.6,0-2,0-0,4-2,14,29,24
2010-11,24,"Iowa",8-5,9.5,0-2,1-0,0-1,11,47,25
2010-11,25,"West Virginia",9-4,9.2,0-0,0-1,2-1,13,37,22
2010-11,26,"Mississippi St",9-4,9.1,0-3,2-1,0-0,25,51,33
2010-11,27,"NC State",9-4,8.6,0-0,2-1,0-2,26,80,29
2010-11,28,"Arizona",7-6,8.3,0-2,1-2,1-2,12,39,26
2010-11,29,"Miami",7-6,7.9,0-1,0-2,3-1,9,30,27
2010-11,30,"Oregon St",5-7,7.7,0-4,1-0,3-0,18,34,28
2010-11,31,"Arizona St",6-6,7.5,0-3,0-1,1-2,30,66,30
2010-11,32,"Notre Dame",8-5,7.4,0-1,2-0,2-0,30,58,36
2010-11,33,"Pittsburgh",8-5,7.2,0-0,0-2,0-2,27,56,34
2010-11,34,"Clemson",6-7,6.4,0-1,0-2,2-1,19,36,32
2010-11,35,"California",5-7,6.2,0-2,0-2,1-2,12,44,37
2010-11,36,"N Illinois",11-3,5.8,0-0,0-0,0-1,34,97,39
2010-11,37,"Air Force",9-4,5.3,0-2,0-1,0-0,17,42,38
2010-11,38,"Maryland",9-4,5.0,0-0,0-2,1-2,38,81,41
2010-11,39,"Illinois",7-6,4.9,0-1,0-1,1-0,37,75,40
2010-11,40,"Hawai'i",10-4,4.7,0-1,1-1,0-0,31,88,31
2010-11,41,"Michigan St",11-2,4.7,1-1,0-1,2-0,27,48,35
2010-11,42,"UCF",11-3,4.3,0-0,1-0,0-1,39,71,43
2010-11,43,"North Carolina",8-5,3.8,0-0,1-2,1-2,23,43,42
2010-11,44,"Tennessee",6-7,3.4,0-2,0-4,0-0,21,61,44
2010-11,45,"BYU",7-6,3.0,0-1,0-3,0-1,20,75,52
2010-11,46,"San Diego St",9-4,2.8,0-1,0-2,1-0,46,101,54
2010-11,47,"Texas",5-7,2.7,0-1,1-2,0-0,3,49,45
2010-11,48,"Louisville",7-6,2.6,0-0,0-1,0-2,44,77,46
2010-11,49,"Texas Tech",8-5,2.3,0-1,1-2,0-0,11,55,47
2010-11,50,"Tulsa",10-3,2.1,0-0,0-1,2-0,50,81,60
2010-11,51,"Kentucky",6-7,1.9,0-1,1-2,0-2,23,51,50
2010-11,52,"Kansas St",7-6,1.7,0-0,0-3,0-0,41,74,51
2010-11,53,"UConn",8-5,1.6,0-1,1-0,1-0,32,61,49
2010-11,54,"Penn St",7-6,1.5,0-2,0-2,0-1,24,56,53
2010-11,55,"Navy",9-4,1.4,0-0,0-0,1-2,44,71,48
2010-11,56,"S Florida",8-5,1.4,0-0,0-2,2-1,43,58,56
2010-11,57,"Georgia Tech",6-7,1.0,0-0,0-2,0-4,14,57,55
2010-11,58,"Washington",7-6,0.7,0-2,2-1,2-2,39,70,61
2010-11,59,"Cincinnati",4-8,0.1,0-1,0-1,0-2,16,60,59
2010-11,60,"Boston College",7-6,-0.5,0-0,0-3,1-3,33,82,62
2010-11,61,"Baylor",7-6,-0.9,0-2,0-2,0-1,39,78,57
2010-11,62,"Southern Miss",8-5,-1.1,0-0,0-1,0-0,59,75,63
2010-11,63,"Houston",5-7,-1.2,0-0,0-0,0-1,23,64,64
2010-11,64,"Michigan",7-6,-1.5,0-2,0-1,2-1,28,64,58
2010-11,65,"Syracuse",8-5,-2.3,0-0,1-0,0-1,54,77,66
2010-11,66,"UCLA",4-8,-2.5,0-2,0-1,1-3,40,86,65
2010-11,67,"Mississippi",4-8,-2.9,0-3,0-1,0-1,40,84,67
2010-11,68,"Colorado",5-7,-4.0,0-1,1-2,1-1,56,88,68
2010-11,69,"W Michigan",6-6,-4.5,0-0,0-0,0-2,69,106,70
2010-11,70,"Fresno St",8-5,-4.7,0-1,0-1,1-2,33,75,69
2010-11,71,"Temple",8-4,-4.7,0-0,0-0,0-1,63,95,72
2010-11,72,"SMU",7-7,-5.1,0-1,0-0,0-0,59,87,71
2010-11,73,"Troy",8-5,-5.4,0-0,0-2,0-0,57,88,76
2010-11,74,"Iowa St",5-7,-5.7,0-1,0-4,1-0,60,85,73
2010-11,75,"Northwestern",7-6,-5.9,0-1,1-0,0-1,49,75,74
2010-11,76,"Virginia",4-8,-6.0,0-0,0-3,1-1,54,77,75
2010-11,77,"Rutgers",4-8,-7.2,0-0,0-1,0-1,47,78,78
2010-11,78,"Army",7-6,-7.5,0-0,0-0,0-3,77,106,82
2010-11,79,"Minnesota",3-9,-7.7,0-2,1-1,1-1,59,93,80
2010-11,80,"Florida Intl",7-6,-7.9,0-0,0-1,0-2,79,114,86
2010-11,81,"Louisiana Tech",5-7,-7.9,0-1,0-2,0-1,77,105,79
2010-11,82,"C Michigan",3-9,-8.1,0-0,0-1,0-1,40,88,83
2010-11,83,"E Carolina",6-7,-8.4,0-0,0-1,1-1,60,83,77
2010-11,84,"Toledo",8-5,-8.4,0-1,0-0,0-2,82,117,84
2010-11,85,"Idaho",6-7,-8.7,0-1,0-2,0-1,58,105,85
2010-11,86,"Arkansas St",4-8,-9.0,0-1,0-0,0-0,79,103,87
2010-11,87,"Wake Forest",3-9,-9.1,0-1,0-2,0-3,46,94,88
2010-11,88,"Duke",3-9,-9.3,0-1,0-1,0-2,78,105,89
2010-11,89,"Ohio",8-5,-9.3,0-1,0-0,0-0,75,97,81
2010-11,90,"Purdue",4-8,-10.1,0-2,0-0,0-2,68,94,90
2010-11,91,"Indiana",5-7,-10.6,0-2,0-1,0-1,73,92,91
2010-11,92,"Washington St",2-10,-10.8,0-2,0-2,1-3,91,119,92
2010-11,93,"Miami OH",10-4,-10.8,0-0,0-2,1-0,89,108,94
2010-11,94,"Vanderbilt",2-10,-11.2,0-1,0-4,0-0,61,94,93
2010-11,95,"UAB",4-8,-11.9,0-0,0-0,0-1,85,100,95
2010-11,96,"Wyoming",3-9,-12.1,0-2,0-1,0-1,89,106,96
2010-11,97,"Kent St",5-7,-12.7,0-0,0-0,0-0,89,103,98
2010-11,98,"UTEP",6-7,-13.0,0-1,0-0,0-0,93,106,97
2010-11,99,"Marshall",5-7,-13.1,0-1,0-1,0-0,86,102,99
2010-11,100,"Utah St",4-8,-13.6,0-2,0-1,0-1,75,101,101
2010-11,101,"Middle Tenn",6-7,-13.8,0-0,0-0,0-0,65,105,100
2010-11,102,"Kansas",3-9,-14.9,0-0,0-4,0-0,41,109,102
2010-11,103,"N Texas",3-9,-15.8,0-0,0-0,0-1,103,113,103
2010-11,104,"Rice",4-8,-16.0,0-0,0-0,0-0,99,116,104
2010-11,105,"UL Monroe",5-7,-17.3,0-2,0-1,0-0,102,114,105
2010-11,106,"W Kentucky",2-10,-17.8,0-0,0-1,0-0,103,117,107
2010-11,107,"UNLV",2-11,-17.8,0-2,0-3,0-2,91,114,106
2010-11,108,"Bowling Green",2-10,-18.0,0-0,0-0,0-0,82,109,108
2010-11,109,"Colorado St",3-9,-18.4,0-1,0-2,0-1,100,115,109
2010-11,110,"Florida Atlantic",4-8,-18.6,0-0,0-0,0-0,86,110,110
2010-11,111,"Ball St",4-8,-18.9,0-0,0-1,0-1,84,114,111
2010-11,112,"San Jose St",1-12,-19.4,0-3,0-2,0-1,109,115,112
2010-11,113,"Louisiana",3-9,-19.8,0-0,0-2,0-0,102,115,113
2010-11,114,"Tulane",4-8,-20.1,0-0,0-0,0-0,108,120,114
2010-11,115,"Buffalo",2-10,-22.1,0-0,0-0,0-1,84,115,115
2010-11,116,"Akron",1-11,-26.1,0-0,0-0,0-1,107,120,116
2010-11,117,"Memphis",1-11,-26.3,0-0,0-0,0-1,108,120,117
2010-11,118,"New Mexico",1-11,-27.0,0-2,0-1,0-1,111,120,119
2010-11,119,"New Mexico St",2-10,-27.3,0-1,0-1,0-1,115,120,118
2010-11,120,"E Michigan",2-10,-29.0,0-1,0-0,0-1,112,120,120
2011-12,1,"LSU",13-1,27.1,2-1,3-0,2-0,1,9,1
2011-12,2,"Alabama",12-1,27.1,1-1,1-0,4-0,2,6,2
2011-12,3,"Oklahoma St",12-1,25.4,2-0,4-0,2-0,3,14,4
2011-12,4,"Oregon",12-2,25.2,2-2,1-0,1-0,1,5,3
2011-12,5,"Stanford",11-2,23.8,1-2,1-0,1-0,1,5,5
2011-12,6,"Oklahoma",10-3,21.5,0-1,4-1,2-0,1,6,6
2011-12,7,"Boise St",12-1,21.5,0-0,2-1,1-0,1,8,8
2011-12,8,"Wisconsin",11-3,21.0,0-1,1-1,2-1,7,32,7
2011-12,9,"USC",10-2,15.9,1-1,1-1,2-0,9,40,9
2011-12,10,"Houston",13-1,15.9,0-0,0-0,2-1,9,61,10
2011-12,11,"Arkansas",11-2,14.5,0-2,2-0,3-0,11,25,13
2011-12,12,"Michigan",11-2,14.3,0-0,1-1,3-0,9,38,11
2011-12,13,"Texas A&M",7-6,14.1,0-2,1-3,0-1,8,20,12
2011-12,14,"Florida St",9-4,13.0,0-1,1-0,2-1,8,19,14
2011-12,15,"TCU",11-2,12.8,1-0,0-1,1-0,6,24,15
2011-12,16,"South Carolina",11-2,12.4,0-0,1-1,5-0,10,22,18
2011-12,17,"Georgia",10-4,12.4,0-2,0-2,3-0,9,24,17
2011-12,18,"Notre Dame",8-5,12.1,0-2,1-2,0-0,10,35,16
2011-12,19,"Missouri",8-5,11.5,0-2,2-2,0-1,13,30,20
2011-12,20,"Michigan St",11-3,11.3,1-1,2-1,1-1,18,55,19
2011-12,21,"Texas",8-5,10.4,0-2,1-2,2-1,14,28,21
2011-12,22,"West Virginia",10-3,9.3,0-1,1-0,1-0,15,37,29
2011-12,23,"Baylor",10-3,8.5,1-1,3-1,0-1,22,65,24
2011-12,24,"Arizona St",6-7,8.2,1-2,1-0,1-1,9,26,22
2011-12,25,"Cincinnati",10-3,8.1,0-0,0-1,1-0,14,37,27
2011-12,26,"Florida",7-6,7.8,0-2,0-3,2-0,6,28,28
2011-12,27,"Virginia Tech",11-3,7.7,0-0,0-1,1-2,16,36,26
2011-12,28,"California",7-6,7.4,0-3,1-1,1-0,20,51,23
2011-12,29,"Southern Miss",12-2,7.3,1-0,0-0,0-0,28,77,30
2011-12,30,"Nebraska",9-4,7.1,0-1,1-2,2-0,16,36,25
2011-12,31,"Kansas St",10-3,6.4,0-2,4-1,1-0,28,87,32
2011-12,32,"Utah",8-5,6.2,0-1,0-1,1-1,13,46,33
2011-12,33,"Mississippi St",7-6,6.0,0-2,0-3,0-0,9,39,35
2011-12,34,"Ohio St",6-7,5.5,1-0,0-2,0-4,11,39,34
2011-12,35,"Tulsa",8-5,5.4,0-4,0-0,0-1,31,61,37
2011-12,36,"Miami",6-6,5.1,0-0,0-1,1-2,28,42,36
2011-12,37,"Vanderbilt",6-7,4.8,0-1,0-4,0-1,37,73,39
2011-12,38,"Penn St",9-4,4.8,0-3,0-0,1-1,28,40,38
2011-12,39,"Clemson",10-4,4.7,0-0,1-2,2-0,18,42,31
2011-12,40,"BYU",10-3,4.1,0-0,0-2,1-1,34,64,42
2011-12,41,"S Florida",5-7,4.0,0-0,1-2,0-1,18,44,41
2011-12,42,"Temple",9-4,3.8,0-0,0-0,0-1,29,74,44
2011-12,43,"Georgia Tech",8-5,3.6,0-0,0-1,1-3,15,45,40
2011-12,44,"Toledo",9-4,3.6,0-1,0-0,0-1,41,85,43
2011-12,45,"Rutgers",9-4,3.2,0-0,1-1,0-0,40,78,46
2011-12,46,"Iowa",7-6,2.4,0-1,1-1,0-2,46,66,47
2011-12,47,"Nevada",7-6,2.2,0-2,0-0,0-1,31,68,49
2011-12,48,"Arizona",4-8,2.2,0-4,1-0,0-1,17,54,48
2011-12,49,"Louisiana Tech",8-5,2.0,0-1,0-1,0-2,49,89,50
2011-12,50,"Illinois",7-6,1.6,0-1,1-1,0-2,18,52,51
2011-12,51,"Auburn",8-5,1.5,0-2,1-2,2-1,14,55,54
2011-12,52,"Pittsburgh",6-7,1.5,0-0,0-3,0-1,31,55,45
2011-12,53,"North Carolina",7-6,0.9,0-0,0-1,0-3,46,63,52
2011-12,54,"Washington",7-6,0.7,0-3,0-1,2-1,47,90,53
2011-12,55,"Tennessee",5-7,0.6,0-2,1-3,1-1,26,55,55
2011-12,56,"UCF",5-7,0.4,0-0,0-0,0-3,15,60,57
2011-12,57,"N Illinois",11-3,0.1,0-1,0-0,0-0,41,79,65
2011-12,58,"UCLA",6-8,-0.2,0-4,1-1,1-1,40,68,56
2011-12,59,"Air Force",7-6,-0.3,0-1,0-2,0-0,34,69,61
2011-12,60,"NC State",8-5,-0.4,0-0,0-2,1-0,42,76,62
2011-12,61,"Louisville",7-6,-0.6,0-0,1-1,0-0,58,90,59
2011-12,62,"Northwestern",6-7,-0.7,0-0,0-3,1-1,49,77,63
2011-12,63,"SMU",8-5,-0.8,0-1,1-1,0-2,39,85,72
2011-12,64,"Oregon St",3-9,-0.8,0-3,0-1,0-3,25,78,60
2011-12,65,"Arkansas St",10-3,-1.1,0-0,0-0,0-1,57,88,58
2011-12,66,"W Michigan",7-6,-1.4,0-0,0-1,0-0,50,83,66
2011-12,67,"San Diego St",8-5,-1.6,0-1,0-2,0-0,44,67,64
2011-12,68,"Navy",5-7,-2.3,0-0,0-2,0-1,45,73,70
2011-12,69,"Wake Forest",6-7,-2.4,0-0,1-1,0-4,53,70,69
2011-12,70,"UConn",5-7,-2.5,0-0,0-2,0-1,55,79,71
2011-12,71,"Iowa St",6-7,-2.6,1-1,0-4,0-1,67,103,67
2011-12,72,"Washington St",4-8,-2.7,0-2,1-0,0-2,43,90,68
2011-12,73,"Texas Tech",5-7,-2.9,1-1,0-4,0-1,32,73,73
2011-12,74,"Purdue",7-6,-3.1,0-1,0-2,1-1,57,84,74
2011-12,75,"Ohio",10-4,-3.9,0-0,0-0,0-0,54,89,78
2011-12,76,"Utah St",7-6,-4.3,0-0,0-0,0-1,65,103,77
2011-12,77,"Boston College",4-8,-4.3,0-0,0-2,1-2,49,87,76
2011-12,78,"Virginia",8-5,-4.5,0-0,1-0,1-2,65,82,75
2011-12,79,"Syracuse",5-7,-4.8,0-1,1-1,0-0,63,82,79
2011-12,80,"Florida Intl",8-5,-6.3,0-0,0-0,0-0,51,87,80
2011-12,81,"Kentucky",5-7,-7.5,0-1,0-2,0-3,55,94,81
2011-12,82,"Hawai'i",6-7,-7.6,0-0,0-0,0-1,58,89,82
2011-12,83,"Miami OH",4-8,-8.1,0-0,0-2,0-0,83,105,83
2011-12,84,"Louisiana",10-4,-8.3,0-1,0-0,0-0,83,116,86
2011-12,85,"Maryland",2-10,-8.4,0-0,0-3,1-1,39,85,84
2011-12,86,"Marshall",7-6,-8.9,0-1,0-1,1-2,84,102,95
2011-12,87,"Duke",3-9,-9.0,0-1,0-1,0-2,80,100,85
2011-12,88,"UL Monroe",4-9,-9.0,0-0,0-2,0-0,86,102,87
2011-12,89,"Army",3-9,-9.0,0-0,0-0,0-1,84,103,89
2011-12,90,"E Carolina",5-7,-9.2,0-1,0-1,0-2,73,99,91
2011-12,91,"Fresno St",4-9,-9.5,0-1,0-0,0-2,68,92,92
2011-12,92,"Colorado",3-10,-9.5,0-3,0-1,1-2,71,95,88
2011-12,93,"Mississippi",2-10,-9.6,0-2,0-2,0-3,51,94,93
2011-12,94,"San Jose St",5-7,-9.8,0-1,0-0,0-1,91,116,94
2011-12,95,"Wyoming",8-5,-9.9,0-1,0-1,0-1,89,108,90
2011-12,96,"UTEP",5-7,-10.6,0-1,0-0,0-2,85,110,98
2011-12,97,"Bowling Green",5-7,-10.6,0-0,0-1,0-0,80,109,97
2011-12,98,"W Kentucky",7-5,-11.1,0-1,0-0,0-0,96,117,96
2011-12,99,"Rice",4-8,-11.2,0-1,0-2,0-2,91,100,100
2011-12,100,"Minnesota",3-9,-11.2,0-2,0-2,0-1,73,113,99
2011-12,101,"Ball St",6-6,-12.3,0-1,0-0,0-0,90,103,102
2011-12,102,"N Texas",5-7,-12.4,0-2,0-0,0-1,101,117,101
2011-12,103,"Kent St",5-7,-13.5,0-1,0-0,0-1,102,114,103
2011-12,104,"Kansas",2-10,-14.2,0-2,0-4,0-1,81,106,104
2011-12,105,"E Michigan",6-6,-15.1,0-0,0-1,0-1,104,120,105
2011-12,106,"C Michigan",3-9,-15.9,0-0,0-1,0-0,83,111,108
2011-12,107,"Indiana",1-11,-16.0,0-1,0-1,0-2,93,109,107
2011-12,108,"Troy",3-9,-16.1,0-0,0-1,0-1,71,108,106
2011-12,109,"Buffalo",3-9,-16.2,0-0,0-0,0-0,101,113,109
2011-12,110,"Colorado St",3-9,-16.8,0-1,0-1,0-0,97,113,110
2011-12,111,"Idaho",2-10,-17.6,0-0,0-1,0-1,102,111,111
2011-12,112,"New Mexico St",4-9,-18.8,0-0,0-1,0-1,108,119,112
2011-12,113,"UAB",3-9,-19.5,0-1,0-0,1-3,95,115,113
2011-12,114,"Middle Tenn",2-10,-21.7,0-0,0-0,0-0,92,114,114
2011-12,115,"UNLV",2-10,-23.5,0-2,0-1,0-0,110,118,115
2011-12,116,"Tulane",2-11,-23.8,0-1,0-0,0-1,105,118,116
2011-12,117,"Florida Atlantic",1-11,-26.3,0-0,0-1,0-1,109,117,117
2011-12,118,"Memphis",2-10,-26.9,0-0,0-0,0-2,117,120,118
2011-12,119,"Akron",1-11,-30.1,0-0,0-1,0-1,115,120,119
2011-12,120,"New Mexico",1-11,-30.7,0-1,0-2,0-0,109,120,120
2012-13,1,"Alabama",13-1,28.8,2-1,2-0,2-0,1,2,1
2012-13,2,"Oregon",12-1,26.0,1-0,3-1,0-0,2,11,2
2012-13,3,"Texas A&M",11-2,23.0,2-1,0-1,2-0,2,25,3
2012-13,4,"Kansas St",11-2,18.8,2-1,2-1,1-0,4,24,5
2012-13,5,"Oklahoma",10-3,18.6,1-3,3-0,1-0,1,8,4
2012-13,6,"Oklahoma St",8-5,18.5,0-2,1-2,1-0,2,15,7
2012-13,7,"Florida St",12-2,17.6,0-1,1-0,2-0,3,17,8
2012-13,8,"Georgia",12-2,17.4,1-1,1-1,3-0,6,20,10
2012-13,9,"Notre Dame",12-1,16.6,1-1,4-0,1-0,5,15,6
2012-13,10,"Florida",11-2,15.5,2-1,2-0,1-0,4,15,9
2012-13,11,"LSU",10-3,14.3,1-2,1-1,2-0,2,14,11
2012-13,12,"Stanford",12-2,13.9,1-1,3-0,2-0,6,26,12
2012-13,13,"South Carolina",11-2,13.5,1-1,2-1,1-0,5,25,13
2012-13,14,"Oregon St",9-4,12.5,0-1,3-2,1-0,14,63,15
2012-13,15,"Clemson",11-2,12.1,0-1,1-1,1-0,12,46,17
2012-13,16,"Texas",9-4,12.0,1-2,2-1,2-0,3,16,16
2012-13,17,"USC",7-6,11.4,0-2,1-1,0-2,4,17,14
2012-13,18,"Michigan",8-5,11.2,0-2,0-3,2-0,11,39,18
2012-13,19,"Ohio St",12-0,11.1,0-0,3-0,3-0,8,23,19
2012-13,20,"Baylor",8-5,10.8,2-1,0-2,2-0,17,47,22
2012-13,21,"Wisconsin",8-6,10.6,0-0,1-4,1-2,14,54,20
2012-13,22,"TCU",7-6,10.1,0-3,2-0,0-2,5,23,21
2012-13,23,"Arizona St",8-5,9.9,0-1,0-2,0-1,17,70,24
2012-13,24,"BYU",8-5,9.2,0-1,0-1,2-1,21,37,25
2012-13,25,"Nebraska",10-4,8.8,0-1,2-2,3-1,9,25,23
2012-13,26,"Vanderbilt",9-4,8.3,0-2,0-1,1-1,26,52,27
2012-13,27,"Utah St",11-2,8.0,0-0,0-2,0-0,26,73,31
2012-13,28,"UCLA",9-5,7.4,0-0,3-4,0-0,22,59,26
2012-13,29,"Boise St",11-2,6.7,0-0,1-0,0-1,18,33,30
2012-13,30,"Texas Tech",8-5,6.6,0-3,1-2,0-0,9,47,28
2012-13,31,"Penn St",8-4,6.2,0-0,1-2,1-0,31,70,34
2012-13,32,"Cincinnati",10-3,6.0,0-0,0-0,0-0,28,41,35
2012-13,33,"UCF",10-4,6.0,0-0,0-1,0-0,30,53,40
2012-13,34,"N Illinois",12-2,5.8,0-1,0-0,0-0,30,70,33
2012-13,35,"North Carolina",8-4,5.5,0-0,0-0,0-1,17,47,38
2012-13,36,"Mississippi",7-6,5.4,0-3,0-2,1-1,36,73,43
2012-13,37,"Michigan St",7-6,5.3,0-1,2-3,1-1,21,40,39
2012-13,38,"Northwestern",10-3,5.3,0-0,0-2,3-1,37,78,41
2012-13,39,"Georgia Tech",7-7,4.9,0-2,1-2,1-0,20,57,45
2012-13,40,"Mississippi St",8-5,4.7,0-2,0-1,0-2,24,50,37
2012-13,41,"Fresno St",9-4,4.7,0-1,0-0,0-1,29,82,29
2012-13,42,"West Virginia",7-6,4.6,0-3,2-1,0-1,15,51,32
2012-13,43,"Tulsa",11-3,4.5,0-0,0-0,2-0,32,52,46
2012-13,44,"Missouri",5-7,4.3,0-4,1-1,1-1,14,45,44
2012-13,45,"Iowa St",6-7,4.3,0-3,2-1,0-1,26,74,36
2012-13,46,"Syracuse",8-5,3.6,0-0,0-1,0-2,45,83,54
2012-13,47,"Arizona",8-5,3.2,1-1,1-3,0-1,24,73,42
2012-13,48,"Louisiana Tech",9-3,3.1,0-1,0-0,0-1,29,59,48
2012-13,49,"Louisville",11-2,2.4,1-0,0-0,2-0,42,65,58
2012-13,50,"Pittsburgh",6-7,2.3,0-1,0-0,0-2,39,96,47
2012-13,51,"Virginia Tech",7-6,2.3,0-1,0-1,1-2,26,52,52
2012-13,52,"Utah",5-7,2.1,0-0,1-3,0-2,21,52,50
2012-13,53,"Arkansas St",10-3,2.1,0-1,0-1,0-0,49,94,49
2012-13,54,"Tennessee",5-7,2.1,0-3,0-1,0-2,26,55,51
2012-13,55,"Rutgers",9-4,1.9,0-0,0-0,1-0,32,57,53
2012-13,56,"San Jose St",11-2,1.7,0-0,1-1,0-1,53,114,55
2012-13,57,"Miami",7-5,1.2,0-3,0-0,1-1,40,68,57
2012-13,58,"Washington",7-6,1.1,0-1,2-2,0-1,51,70,56
2012-13,59,"Arkansas",4-8,-0.3,0-2,0-2,0-2,10,77,60
2012-13,60,"SMU",7-6,-0.6,0-1,0-2,0-1,59,97,68
2012-13,61,"San Diego St",9-4,-1.3,0-0,0-1,1-0,59,99,59
2012-13,62,"NC State",7-6,-1.5,1-0,0-1,0-2,54,71,62
2012-13,63,"Kent St",11-3,-2.1,0-0,0-0,0-1,63,109,64
2012-13,64,"Louisiana",9-4,-2.1,0-2,0-0,0-0,63,102,63
2012-13,65,"Iowa",4-8,-3.1,0-0,0-2,2-2,38,68,66
2012-13,66,"UL Monroe",8-5,-3.2,0-0,0-1,0-0,47,101,61
2012-13,67,"Purdue",6-7,-3.9,0-2,0-3,0-1,25,71,65
2012-13,68,"Nevada",7-6,-4.3,0-0,0-0,0-1,43,73,70
2012-13,69,"Toledo",9-4,-4.4,0-0,0-0,1-2,55,79,67
2012-13,70,"California",3-9,-4.5,0-1,0-5,1-0,42,73,71
2012-13,71,"Ball St",9-4,-4.5,0-0,0-1,0-2,67,97,69
2012-13,72,"Auburn",3-9,-4.5,0-3,0-2,0-3,34,75,73
2012-13,73,"Bowling Green",8-5,-5.0,0-1,0-0,0-0,59,89,74
2012-13,74,"S Florida",3-9,-5.5,0-1,0-0,0-1,27,76,76
2012-13,75,"W Kentucky",7-6,-5.5,0-1,0-0,0-0,52,99,72
2012-13,76,"UConn",5-7,-5.8,0-0,0-0,0-1,32,85,77
2012-13,77,"Minnesota",6-7,-5.8,0-0,0-3,0-3,75,97,79
2012-13,78,"Ohio",9-4,-6.1,0-0,0-0,1-0,44,85,83
2012-13,79,"Duke",6-7,-6.3,0-1,0-2,1-2,62,87,78
2012-13,80,"Navy",8-5,-6.7,0-1,0-1,0-1,58,102,75
2012-13,81,"Rice",7-6,-7.4,0-0,0-0,0-1,81,113,84
2012-13,82,"Troy",5-7,-7.6,0-0,0-0,0-1,74,108,80
2012-13,83,"Virginia",4-8,-8.0,0-0,0-1,1-2,75,101,81
2012-13,84,"Indiana",4-8,-8.6,0-0,0-2,0-3,73,107,82
2012-13,85,"Boston College",2-10,-8.7,0-2,0-1,0-2,49,92,85
2012-13,86,"Temple",4-7,-8.8,0-0,0-0,0-2,52,94,87
2012-13,87,"Maryland",4-8,-8.9,0-1,0-1,0-2,81,110,86
2012-13,88,"E Carolina",8-5,-8.9,0-0,0-1,0-2,78,101,88
2012-13,89,"Houston",5-7,-8.9,0-0,0-0,0-1,22,95,89
2012-13,90,"Marshall",5-7,-10.0,0-0,0-0,0-1,78,105,94
2012-13,91,"Kentucky",2-10,-10.1,0-2,0-1,0-2,64,94,91
2012-13,92,"W Michigan",4-8,-10.4,0-0,0-0,0-1,70,96,95
2012-13,93,"Middle Tenn",8-4,-10.5,0-0,0-0,1-1,81,121,93
2012-13,94,"Kansas",1-11,-10.6,0-3,0-3,0-2,81,103,92
2012-13,95,"Washington St",3-9,-11.1,0-1,0-4,0-1,89,105,96
2012-13,96,"N Texas",4-8,-11.5,0-1,0-1,0-0,79,104,97
2012-13,97,"Air Force",6-7,-11.6,0-0,0-1,0-0,68,97,90
2012-13,98,"UTEP",3-9,-11.7,0-1,0-1,0-2,80,101,99
2012-13,99,"Florida Intl",3-9,-11.7,0-0,0-0,0-1,72,106,98
2012-13,100,"Wake Forest",5-7,-13.2,0-2,0-1,1-1,77,101,100
2012-13,101,"Illinois",2-10,-13.3,0-0,0-4,0-2,37,101,101
2012-13,102,"C Michigan",7-6,-13.6,0-0,0-0,0-2,90,110,103
2012-13,103,"Wyoming",4-8,-14.1,0-0,0-1,0-1,87,111,102
2012-13,104,"Texas St",4-8,-14.8,0-0,0-0,0-2,57,116,105
2012-13,105,"UTSA",8-4,-14.8,0-0,0-0,0-1,58,115,106
2012-13,106,"Florida Atlantic",3-9,-15.1,0-2,0-0,0-0,102,121,104
2012-13,107,"Buffalo",4-8,-15.2,0-1,0-0,0-1,98,112,107
2012-13,108,"New Mexico",4-9,-15.9,0-0,0-1,0-2,96,124,108
2012-13,109,"Army",2-10,-16.5,0-0,0-0,0-1,71,114,109
2012-13,110,"Miami OH",4-8,-16.9,0-0,0-1,0-2,83,113,111
2012-13,111,"Colorado St",4-8,-17.1,0-0,0-0,0-2,101,119,110
2012-13,112,"Memphis",4-8,-17.1,0-0,0-0,0-1,111,124,112
2012-13,113,"UAB",3-9,-17.3,0-0,0-2,0-1,99,118,113
2012-13,114,"Southern Miss",0-12,-18.1,0-0,0-1,0-2,38,115,114
2012-13,115,"UNLV",2-11,-19.1,0-0,0-0,0-2,103,120,115
2012-13,116,"S Alabama",2-11,-19.6,0-0,0-0,0-1,55,117,116
2012-13,117,"Akron",1-11,-19.9,0-0,0-0,0-2,109,124,119
2012-13,118,"E Michigan",2-10,-20.0,0-0,0-0,0-2,96,118,118
2012-13,119,"Hawai'i",3-9,-20.2,0-0,0-2,0-1,84,120,117
2012-13,120,"Tulane",2-10,-22.1,0-0,0-0,0-1,114,124,120
2012-13,121,"Colorado",1-11,-24.2,0-1,0-3,0-1,102,122,121
2012-13,122,"Idaho",1-11,-27.9,0-0,0-2,0-2,111,123,122
2012-13,123,"New Mexico St",1-11,-28.1,0-0,0-1,0-1,112,123,123
2012-13,124,"UMass",1-11,-30.0,0-0,0-1,0-2,56,124,124
2013-14,1,"Florida St",14-0,32.8,1-0,1-0,1-0,1,25,1
2013-14,2,"Oregon",11-2,26.5,0-1,2-1,3-0,1,4,4
2013-14,3,"Alabama",11-2,25.9,0-1,2-1,2-0,1,4,2
2013-14,4,"Baylor",11-2,25.0,0-1,2-0,2-1,1,30,3
2013-14,5,"Stanford",11-3,20.9,3-0,2-2,2-1,5,15,5
2013-14,6,"Oklahoma St",10-3,19.9,1-1,1-1,3-0,3,20,8
2013-14,7,"Ohio St",12-2,19.9,0-0,1-2,2-0,5,21,6
2013-14,8,"Arizona St",10-4,19.0,0-2,5-0,2-2,5,19,7
2013-14,9,"Auburn",12-2,18.6,2-1,2-1,2-0,9,42,10
2013-14,10,"Missouri",12-2,18.1,1-1,2-1,1-0,9,33,11
2013-14,11,"South Carolina",11-2,17.3,1-0,2-1,3-0,6,22,15
2013-14,12,"Wisconsin",9-4,17.1,0-2,1-1,1-0,6,15,9
2013-14,13,"Washington",9-4,17.0,0-3,2-1,2-0,8,37,13
2013-14,14,"UCLA",10-3,16.9,0-3,3-0,1-0,7,33,16
2013-14,15,"Clemson",11-2,16.8,1-1,1-1,1-0,7,25,12
2013-14,16,"LSU",10-3,16.0,1-1,1-1,2-1,5,16,14
2013-14,17,"Oklahoma",11-2,15.5,2-1,1-0,2-1,5,27,19
2013-14,18,"Texas A&M",9-4,15.0,0-3,0-1,2-0,3,18,17
2013-14,19,"Georgia",8-5,13.6,0-2,2-1,1-0,9,23,18
2013-14,20,"Michigan St",13-1,13.2,2-0,0-0,2-1,19,54,20
2013-14,21,"USC",10-4,13.1,1-1,1-1,3-1,18,37,21
2013-14,22,"Louisville",12-1,12.6,0-0,0-0,1-1,9,47,23
2013-14,23,"Kansas St",8-5,11.1,0-2,0-1,2-1,18,51,27
2013-14,24,"Arizona",8-5,11.0,1-1,0-3,1-0,19,41,26
2013-14,25,"BYU",8-5,10.7,0-0,0-2,4-2,15,36,22
2013-14,26,"Mississippi",8-5,10.4,0-3,1-1,2-1,21,39,28
2013-14,27,"Georgia Tech",7-6,10.3,0-0,0-3,1-2,10,34,24
2013-14,28,"Texas",8-5,10.1,0-3,2-1,1-1,8,41,25
2013-14,29,"Notre Dame",9-4,9.1,1-1,3-1,0-1,13,44,29
2013-14,30,"Utah St",9-5,9.1,0-0,0-2,0-2,18,42,30
2013-14,31,"UCF",12-1,8.9,1-0,1-1,0-0,26,46,37
2013-14,32,"Oregon St",7-6,8.9,0-3,0-2,2-0,15,48,33
2013-14,33,"Mississippi St",7-6,8.6,0-3,0-3,1-0,20,44,38
2013-14,34,"Utah",5-7,7.7,1-2,1-3,1-1,22,38,35
2013-14,35,"Boise St",8-5,7.5,0-0,0-2,1-1,26,50,31
2013-14,36,"Michigan",7-6,7.2,0-1,0-2,1-1,6,41,32
2013-14,37,"Texas Tech",8-5,7.0,1-2,0-2,0-1,21,46,46
2013-14,38,"North Carolina",7-6,6.8,0-0,0-1,0-2,36,64,42
2013-14,39,"Iowa",8-5,6.5,0-1,0-3,1-0,39,70,40
2013-14,40,"Miami",9-4,6.0,0-1,0-1,2-0,16,48,34
2013-14,41,"Florida",4-8,6.0,0-2,0-3,0-1,7,44,41
2013-14,42,"Virginia Tech",8-5,5.9,0-1,0-1,3-0,28,42,36
2013-14,43,"TCU",4-8,5.6,0-2,0-3,0-2,11,48,44
2013-14,44,"Houston",8-5,5.3,0-0,0-2,0-1,37,94,39
2013-14,45,"Nebraska",9-4,5.0,0-0,1-2,1-1,14,51,47
2013-14,46,"Bowling Green",10-4,4.9,0-0,0-0,0-1,43,82,43
2013-14,47,"Fresno St",11-2,4.3,0-0,0-1,2-0,41,66,45
2013-14,48,"Vanderbilt",9-4,4.1,0-1,1-2,0-1,42,58,52
2013-14,49,"Duke",10-4,3.7,0-1,0-1,2-1,48,93,50
2013-14,50,"Marshall",10-4,3.5,0-0,0-0,0-0,44,104,48
2013-14,51,"N Illinois",12-2,3.2,0-0,0-0,1-1,36,58,49
2013-14,52,"E Carolina",10-3,2.6,0-0,0-0,1-0,46,97,54
2013-14,53,"Washington St",6-7,2.4,0-4,2-1,1-1,43,90,53
2013-14,54,"Navy",9-4,2.0,0-0,0-0,0-1,45,70,55
2013-14,55,"Cincinnati",9-4,1.8,0-0,0-1,0-1,26,62,51
2013-14,56,"N Texas",9-4,1.2,0-0,0-1,0-0,55,92,58
2013-14,57,"Penn St",7-5,1.1,0-1,1-0,1-1,35,64,56
2013-14,58,"Pittsburgh",7-6,1.0,0-1,0-0,1-3,50,69,59
2013-14,59,"Tennessee",5-7,0.6,0-4,1-1,0-0,37,60,60
2013-14,60,"Minnesota",8-5,0.6,0-0,0-2,0-2,53,78,57
2013-14,61,"Northwestern",5-7,0.1,0-1,0-2,0-2,28,62,61
2013-14,62,"Indiana",5-7,0.0,0-2,0-2,0-1,46,76,62
2013-14,63,"Ball St",10-3,-1.6,0-0,0-0,0-0,56,89,63
2013-14,64,"Boston College",7-6,-1.9,0-1,0-3,0-1,62,93,64
2013-14,65,"Colorado St",8-6,-1.9,0-1,0-0,0-2,64,109,67
2013-14,66,"Maryland",7-6,-2.3,0-1,0-1,0-0,37,71,66
2013-14,67,"Syracuse",7-6,-2.5,0-1,0-1,0-1,46,72,69
2013-14,68,"Toledo",7-5,-2.6,0-1,0-0,0-0,59,78,68
2013-14,69,"Rice",10-4,-3.1,0-0,0-1,0-1,63,89,65
2013-14,70,"Arkansas",3-9,-3.6,0-2,0-3,0-2,31,78,71
2013-14,71,"West Virginia",4-8,-4.3,1-1,0-2,0-2,60,82,72
2013-14,72,"Louisiana",9-4,-4.5,0-0,0-1,0-0,50,89,73
2013-14,73,"Iowa St",3-9,-5.0,0-2,0-2,0-3,48,89,74
2013-14,74,"W Kentucky",8-4,-5.0,0-0,0-0,0-0,71,96,75
2013-14,75,"Buffalo",8-5,-5.1,0-2,0-0,0-0,67,115,70
2013-14,76,"Arkansas St",8-5,-5.7,0-2,0-0,0-0,53,86,81
2013-14,77,"San Diego St",8-5,-5.8,0-1,0-0,1-1,47,98,85
2013-14,78,"San Jose St",6-6,-6.0,0-1,0-0,0-1,74,95,76
2013-14,79,"Illinois",4-8,-6.3,0-1,0-3,0-0,54,102,77
2013-14,80,"S Alabama",6-6,-6.3,0-0,0-0,0-0,80,116,82
2013-14,81,"Florida Atlantic",6-6,-6.4,0-1,0-0,0-1,74,117,78
2013-14,82,"UTSA",7-5,-6.5,0-1,0-1,0-0,73,100,80
2013-14,83,"Nevada",4-8,-6.7,0-1,0-2,0-1,55,92,83
2013-14,84,"Wake Forest",4-8,-6.8,0-1,0-1,0-1,74,105,84
2013-14,85,"Middle Tenn",8-5,-6.8,0-0,0-1,0-1,76,97,79
2013-14,86,"Kentucky",2-10,-7.3,0-2,0-3,0-1,66,88,86
2013-14,87,"Rutgers",6-7,-7.5,0-0,0-1,0-2,54,93,87
2013-14,88,"SMU",5-7,-7.7,0-0,0-1,0-2,66,96,88
2013-14,89,"NC State",3-9,-8.2,0-1,0-1,0-1,55,89,89
2013-14,90,"Tulane",7-6,-8.3,0-0,0-0,0-0,90,121,90
2013-14,91,"Temple",2-10,-8.6,0-0,0-1,0-2,61,102,92
2013-14,92,"UNLV",7-6,-9.4,0-0,0-1,0-1,91,117,91
2013-14,93,"Colorado",4-8,-9.4,0-2,0-4,0-2,87,106,94
2013-14,94,"Virginia",2-10,-9.7,0-1,1-1,0-3,64,94,93
2013-14,95,"Memphis",3-9,-10.4,0-0,0-1,0-1,78,112,95
2013-14,96,"Troy",6-6,-10.5,0-0,0-0,0-2,62,100,96
2013-14,97,"UConn",3-9,-11.2,0-0,0-1,0-2,56,111,97
2013-14,98,"Ohio",7-6,-11.6,0-0,0-1,0-0,70,111,98
2013-14,99,"Hawai'i",1-11,-12.1,0-0,0-1,0-2,87,104,100
2013-14,100,"Kent St",4-8,-12.2,0-0,0-1,0-0,84,110,99
2013-14,101,"California",1-11,-12.3,0-3,0-4,0-1,58,104,104
2013-14,102,"Tulsa",3-9,-12.4,0-0,0-1,0-0,45,104,101
2013-14,103,"UL Monroe",6-6,-12.4,0-1,0-1,0-0,75,109,102
2013-14,104,"Kansas",3-9,-12.5,0-2,0-2,0-2,77,104,103
2013-14,105,"Wyoming",5-7,-13.6,0-0,0-0,0-2,55,108,105
2013-14,106,"S Florida",2-10,-13.6,0-0,0-2,0-2,66,116,106
2013-14,107,"Army",3-9,-15.1,0-1,0-0,0-0,96,108,107
2013-14,108,"Texas St",6-6,-16.0,0-0,0-0,0-1,80,110,108
2013-14,109,"New Mexico",3-9,-16.7,0-0,0-0,0-2,103,116,109
2013-14,110,"Akron",5-7,-16.8,0-0,0-0,0-2,109,124,110
2013-14,111,"C Michigan",6-6,-17.6,0-0,0-0,0-1,111,122,111
2013-14,112,"Purdue",1-11,-17.6,0-1,0-2,0-2,83,114,112
2013-14,113,"Air Force",2-10,-18.5,0-0,0-0,0-3,68,114,113
2013-14,114,"Louisiana Tech",4-8,-18.6,0-0,0-0,0-0,80,114,114
2013-14,115,"UAB",2-10,-23.3,0-0,0-1,0-0,101,116,115
2013-14,116,"W Michigan",1-11,-23.7,0-0,0-1,0-1,90,120,116
2013-14,117,"UTEP",2-10,-24.0,0-0,0-1,0-0,101,117,117
2013-14,118,"Georgia St",0-12,-25.0,0-1,0-0,0-0,113,125,118
2013-14,119,"UMass",1-11,-27.0,0-0,0-2,0-0,117,123,119
2013-14,120,"Southern Miss",1-11,-27.6,0-0,0-0,0-1,105,124,120
2013-14,121,"Idaho",1-11,-29.4,0-1,0-0,0-1,119,124,121
2013-14,122,"New Mexico St",2-10,-30.2,0-0,0-1,0-1,122,125,122
2013-14,123,"Miami OH",0-12,-30.5,0-0,0-0,0-0,120,125,123
2013-14,124,"Florida Intl",1-11,-31.0,0-0,0-1,0-1,100,125,124
2013-14,125,"E Michigan",2-10,-31.7,0-0,0-0,0-0,118,125,125
2014-15,1,"Oregon",13-2,26.8,1-1,4-1,2-0,1,9,1
2014-15,2,"TCU",12-1,26.2,1-1,2-0,1-0,2,39,3
2014-15,3,"Alabama",12-2,25.7,2-2,4-0,3-0,1,11,2
2014-15,4,"Ohio St",14-1,25.1,3-0,1-0,0-0,4,32,5
2014-15,5,"Baylor",11-2,22.7,1-1,2-0,0-1,1,9,4
2014-15,6,"Georgia",10-3,22.5,2-0,1-2,3-1,4,15,6
2014-15,7,"Michigan St",11-2,20.3,1-2,0-0,1-0,7,27,8
2014-15,8,"Auburn",8-5,18.8,2-2,2-3,1-0,1,9,9
2014-15,9,"Mississippi",9-4,18.4,1-3,2-1,3-0,2,21,7
2014-15,10,"Arkansas",7-6,16.9,1-3,1-2,0-1,10,50,14
2014-15,11,"Mississippi St",10-3,16.9,2-2,2-1,0-0,7,29,11
2014-15,12,"USC",9-4,16.5,0-0,2-2,2-1,3,18,13
2014-15,13,"Oklahoma",8-5,16.2,0-2,0-2,2-0,1,16,10
2014-15,14,"Kansas St",9-4,16.1,0-3,1-1,1-0,12,38,12
2014-15,15,"Stanford",8-5,15.5,0-1,1-2,1-2,8,27,18
2014-15,16,"UCLA",10-3,15.4,0-1,4-1,2-1,9,24,17
2014-15,17,"LSU",8-5,15.0,1-3,3-1,0-1,10,17,15
2014-15,18,"Georgia Tech",11-3,14.7,1-0,2-1,1-1,18,63,20
2014-15,19,"Wisconsin",11-3,14.6,1-1,0-1,1-0,7,25,19
2014-15,20,"Florida St",13-1,14.2,0-1,3-0,3-0,1,20,16
2014-15,21,"Clemson",10-3,13.9,0-1,1-2,2-0,14,40,25
2014-15,22,"Arizona St",10-3,12.9,0-0,2-2,4-0,15,37,21
2014-15,23,"Texas A&M",8-5,12.1,2-2,0-2,2-1,1,25,24
2014-15,24,"Arizona",10-4,11.8,1-1,1-2,2-1,10,31,22
2014-15,25,"Florida",7-5,11.8,1-1,0-2,1-2,7,31,23
2014-15,26,"Missouri",11-3,11.4,1-2,2-0,2-0,18,52,27
2014-15,27,"Utah",9-4,11.2,0-1,3-2,0-0,16,32,31
2014-15,28,"Marshall",13-1,11.1,0-0,0-0,0-0,20,68,29
2014-15,29,"Nebraska",9-4,10.5,0-1,0-2,1-0,11,40,28
2014-15,30,"West Virginia",7-6,9.9,1-2,0-3,0-0,26,51,26
2014-15,31,"Boise St",12-2,9.3,0-1,1-0,1-0,31,57,32
2014-15,32,"Louisville",9-4,9.2,0-1,0-2,2-0,28,46,30
2014-15,33,"Tennessee",7-6,8.8,0-3,0-2,1-1,23,54,33
2014-15,34,"Notre Dame",8-5,8.2,0-0,2-3,0-1,8,36,35
2014-15,35,"South Carolina",7-6,7.7,1-1,1-2,1-2,13,45,36
2014-15,36,"Washington",8-6,7.2,0-1,0-4,0-0,18,61,34
2014-15,37,"Memphis",10-3,7.2,0-1,0-1,1-0,35,89,38
2014-15,38,"Miami",6-7,6.9,0-0,0-2,1-3,30,67,37
2014-15,39,"BYU",8-5,5.6,0-0,0-0,0-2,6,41,40
2014-15,40,"Duke",9-4,5.4,0-0,1-1,0-1,35,61,42
2014-15,41,"Texas",6-7,5.4,0-3,0-3,1-1,20,44,39
2014-15,42,"Louisiana Tech",9-5,4.9,0-1,0-1,0-1,42,110,43
2014-15,43,"Minnesota",8-5,4.8,0-2,0-1,1-1,41,77,41
2014-15,44,"Virginia Tech",7-6,4.8,1-0,0-1,1-1,26,67,45
2014-15,45,"Boston College",7-6,3.4,0-0,1-2,0-1,44,71,46
2014-15,46,"Cincinnati",9-4,2.9,0-1,0-0,0-2,41,76,44
2014-15,47,"Michigan",5-7,2.7,0-2,0-0,0-2,21,60,52
2014-15,48,"Pittsburgh",6-7,2.6,0-0,0-1,1-1,25,64,49
2014-15,49,"UCF",9-4,2.6,0-0,0-0,1-1,38,60,47
2014-15,50,"Oklahoma St",7-6,2.5,0-2,1-2,1-1,17,63,54
2014-15,51,"Penn St",7-6,2.5,0-2,0-0,0-0,35,55,55
2014-15,52,"California",5-7,2.2,0-1,0-4,0-2,44,72,51
2014-15,53,"Iowa",7-6,2.2,0-0,0-1,0-2,27,72,48
2014-15,54,"Virginia",5-7,2.2,0-0,0-3,2-2,51,82,53
2014-15,55,"E Carolina",8-5,2.1,0-0,0-1,0-1,35,73,56
2014-15,56,"Maryland",7-6,1.3,0-2,0-2,0-1,34,57,57
2014-15,57,"Houston",8-5,0.8,0-0,0-0,1-1,42,87,58
2014-15,58,"Colorado St",10-3,0.8,0-0,0-0,0-2,45,78,50
2014-15,59,"NC State",8-5,0.3,0-0,0-3,0-1,54,84,63
2014-15,60,"Utah St",10-4,0.2,0-0,0-0,1-2,49,90,59
2014-15,61,"Washington St",3-9,-0.2,0-1,0-4,1-1,42,83,62
2014-15,62,"Kentucky",5-7,-0.3,0-1,0-3,1-3,47,75,61
2014-15,63,"Oregon St",5-7,-0.5,0-1,1-2,0-2,28,66,64
2014-15,64,"Navy",8-5,-0.5,0-1,0-0,0-1,42,70,66
2014-15,65,"Georgia So",9-3,-0.6,0-0,0-1,0-0,48,101,65
2014-15,66,"North Carolina",6-7,-1.0,0-0,1-1,1-2,33,71,60
2014-15,67,"Northwestern",5-7,-1.0,0-0,1-0,1-1,46,74,67
2014-15,68,"Rutgers",8-5,-1.5,0-2,0-1,0-1,47,85,72
2014-15,69,"Temple",6-6,-1.6,0-0,0-0,0-1,28,77,68
2014-15,70,"W Kentucky",8-5,-3.1,0-0,0-0,1-0,37,86,71
2014-15,71,"Nevada",7-6,-3.1,0-0,0-1,1-1,57,92,69
2014-15,72,"N Illinois",11-3,-3.4,0-1,0-0,0-1,30,83,70
2014-15,73,"Toledo",9-4,-3.6,0-0,0-0,0-1,57,82,77
2014-15,74,"Texas Tech",4-8,-3.6,0-3,0-2,0-1,40,82,73
2014-15,75,"San Diego St",7-6,-3.9,0-0,0-0,0-1,62,83,74
2014-15,76,"Colorado",2-10,-4.8,0-1,0-4,0-2,74,105,76
2014-15,77,"Syracuse",3-9,-4.9,0-0,0-2,0-3,59,103,79
2014-15,78,"Air Force",10-3,-5.0,0-0,0-0,1-0,76,110,80
2014-15,79,"Arkansas St",7-6,-5.3,0-0,0-0,0-2,67,96,75
2014-15,80,"Indiana",4-8,-5.5,0-2,0-0,1-0,58,84,82
2014-15,81,"Louisiana",9-4,-5.6,0-1,0-0,0-1,54,101,84
2014-15,82,"W Michigan",8-5,-5.8,0-0,0-0,0-0,71,121,78
2014-15,83,"Rice",8-5,-5.9,0-0,0-1,0-2,73,102,86
2014-15,84,"Illinois",6-7,-6.2,0-1,0-1,0-2,72,96,81
2014-15,85,"UAB",6-6,-6.3,0-1,0-1,0-1,73,123,83
2014-15,86,"Iowa St",2-10,-8.2,0-2,0-2,0-1,51,114,87
2014-15,87,"Fresno St",6-8,-8.4,0-0,0-1,0-4,65,98,85
2014-15,88,"App State",7-5,-8.7,0-0,0-0,0-0,86,118,88
2014-15,89,"Middle Tenn",6-6,-8.8,0-0,0-0,0-3,61,106,89
2014-15,90,"Purdue",3-9,-9.1,0-1,0-1,0-2,83,116,90
2014-15,91,"C Michigan",7-6,-10.0,0-0,0-0,0-0,86,116,94
2014-15,92,"Texas St",7-5,-10.3,0-0,0-0,0-0,59,119,91
2014-15,93,"Kansas",3-9,-10.5,0-2,0-2,0-2,90,116,92
2014-15,94,"UTEP",7-6,-10.6,0-0,0-1,0-0,93,118,93
2014-15,95,"Vanderbilt",3-9,-11.0,0-2,0-2,0-3,59,113,95
2014-15,96,"Bowling Green",8-6,-11.5,0-0,0-1,0-0,63,98,98
2014-15,97,"Wake Forest",3-9,-11.5,0-0,0-2,0-2,89,105,97
2014-15,98,"S Alabama",6-7,-11.9,0-0,0-1,0-1,76,108,96
2014-15,99,"Ball St",5-7,-12.1,0-0,0-0,0-0,84,108,99
2014-15,100,"Hawai'i",4-9,-12.6,0-0,0-0,0-1,72,107,100
2014-15,101,"UL Monroe",4-8,-12.7,0-0,0-2,0-0,87,118,101
2014-15,102,"S Florida",4-8,-12.8,0-0,0-1,0-1,81,110,102
2014-15,103,"Florida Atlantic",3-9,-13.0,0-1,0-0,0-2,88,116,103
2014-15,104,"UTSA",4-8,-13.1,0-0,0-1,0-0,33,106,104
2014-15,105,"Old Dominion",6-6,-13.2,0-0,0-0,0-1,89,116,107
2014-15,106,"N Texas",4-8,-13.2,0-0,0-0,0-0,74,108,106
2014-15,107,"Akron",5-7,-13.4,0-0,0-0,0-1,78,115,108
2014-15,108,"San Jose St",3-9,-13.8,0-1,0-0,0-0,74,108,105
2014-15,109,"Tulane",3-9,-13.9,0-0,0-1,0-2,88,116,109
2014-15,110,"Florida Intl",4-8,-14.0,0-0,0-0,0-2,100,126,111
2014-15,111,"Buffalo",5-6,-14.0,0-1,0-0,0-0,92,118,110
2014-15,112,"Wyoming",4-8,-14.4,0-2,0-0,0-1,97,119,112
2014-15,113,"Ohio",6-6,-14.7,0-0,0-0,0-1,85,117,114
2014-15,114,"New Mexico",4-8,-14.8,0-0,0-1,0-1,108,120,113
2014-15,115,"Tulsa",2-10,-16.0,0-0,0-1,0-1,76,117,115
2014-15,116,"Army",4-8,-17.5,0-0,0-1,0-0,97,121,116
2014-15,117,"UMass",3-9,-17.8,0-0,0-0,0-0,113,126,118
2014-15,118,"Kent St",2-9,-18.0,0-1,0-0,0-0,83,122,119
2014-15,119,"UConn",2-10,-18.0,0-0,0-0,0-3,84,119,117
2014-15,120,"Miami OH",2-10,-19.0,0-0,0-0,0-1,117,126,120
2014-15,121,"Southern Miss",3-9,-19.3,0-1,0-1,0-1,115,126,121
2014-15,122,"UNLV",2-11,-20.1,0-0,0-1,0-1,104,123,122
2014-15,123,"Idaho",1-10,-22.2,0-0,0-0,0-0,112,125,123
2014-15,124,"Troy",3-9,-22.5,0-1,0-0,0-1,112,128,124
2014-15,125,"SMU",1-11,-24.6,0-2,0-1,0-1,78,127,125
2014-15,126,"New Mexico St",2-10,-26.8,0-0,0-1,0-0,122,128,126
2014-15,127,"Georgia St",1-11,-28.4,0-0,0-1,0-1,124,128,127
2014-15,128,"E Michigan",2-10,-31.3,0-1,0-1,0-0,125,128,128
2015-16,1,"Alabama",14-1,26.5,2-1,6-0,3-0,1,3,2
2015-16,2,"Oklahoma",11-2,24.6,3-1,1-0,1-0,1,15,1
2015-16,3,"Ohio St",12-1,22.3,1-0,1-1,0-0,1,11,3
2015-16,4,"Clemson",14-1,21.6,2-1,2-0,2-0,2,21,4
2015-16,5,"Mississippi",10-3,20.1,1-0,2-1,3-2,1,19,7
2015-16,6,"Baylor",10-3,19.7,0-2,2-0,1-0,1,11,5
2015-16,7,"Stanford",12-2,19.3,1-0,4-0,2-1,6,28,6
2015-16,8,"TCU",11-2,16.9,1-1,1-0,1-1,3,11,8
2015-16,9,"Tennessee",9-4,16.8,0-2,1-1,0-1,9,24,14
2015-16,10,"Notre Dame",10-3,16.4,0-3,1-0,2-0,5,16,9
2015-16,11,"LSU",9-3,16.0,0-2,1-1,4-0,7,19,16
2015-16,12,"Michigan",10-3,16.0,0-1,0-2,2-0,5,37,15
2015-16,13,"USC",8-6,15.8,0-3,2-2,1-1,3,13,12
2015-16,14,"North Carolina",11-3,15.3,0-2,0-0,1-0,11,43,11
2015-16,15,"Mississippi St",9-4,15.0,0-2,1-1,1-1,15,24,18
2015-16,16,"Florida St",10-3,14.8,0-1,0-0,2-2,10,21,10
2015-16,17,"Arkansas",8-5,14.2,2-1,1-1,1-2,11,38,20
2015-16,18,"Michigan St",12-2,13.6,1-1,1-0,2-0,7,35,13
2015-16,19,"Washington",7-6,13.3,0-1,1-2,0-2,18,51,21
2015-16,20,"Utah",10-3,12.4,0-0,2-2,3-0,9,32,23
2015-16,21,"West Virginia",8-5,12.2,0-3,0-0,0-1,11,27,19
2015-16,22,"Wisconsin",10-3,11.8,0-1,1-0,0-1,12,27,24
2015-16,23,"Boise St",9-4,11.5,0-0,1-0,0-1,8,37,36
2015-16,24,"UCLA",8-5,11.5,0-1,1-1,2-0,8,27,22
2015-16,25,"Georgia",10-3,11.4,0-2,0-0,2-1,4,28,27
2015-16,26,"Oklahoma St",10-3,11.1,1-3,1-0,0-0,11,41,17
2015-16,27,"Oregon",9-4,11.0,1-1,2-2,1-0,5,59,26
2015-16,28,"Houston",13-1,10.9,0-0,1-0,3-0,22,75,30
2015-16,29,"California",8-5,10.8,0-1,1-3,0-1,21,45,31
2015-16,30,"Texas A&M",8-5,10.4,0-2,2-1,0-2,8,34,29
2015-16,31,"Florida",10-4,9.9,2-1,1-3,0-0,13,36,25
2015-16,32,"W Kentucky",12-2,9.8,0-0,0-1,0-0,31,70,33
2015-16,33,"BYU",9-4,8.9,0-0,1-3,0-0,22,46,35
2015-16,34,"Navy",11-2,8.7,0-1,0-0,1-1,26,66,39
2015-16,35,"Iowa",12-2,8.6,0-1,1-1,0-0,28,69,28
2015-16,36,"Auburn",7-6,8.4,0-2,0-4,3-0,8,58,47
2015-16,37,"Georgia Tech",3-9,8.0,0-2,1-2,0-0,5,38,37
2015-16,38,"Memphis",9-4,7.8,1-0,0-0,0-3,31,60,32
2015-16,39,"Louisville",8-5,7.2,0-1,0-1,1-2,39,56,45
2015-16,40,"Toledo",10-2,7.2,0-0,1-0,0-0,38,71,43
2015-16,41,"Nebraska",6-7,7.2,0-0,2-1,0-2,26,44,44
2015-16,42,"Virginia Tech",7-6,7.1,0-1,0-1,1-0,24,42,38
2015-16,43,"Arizona St",6-7,6.9,0-0,2-3,0-3,25,64,46
2015-16,44,"Bowling Green",10-4,6.8,0-1,0-0,0-2,33,102,34
2015-16,45,"NC State",7-6,6.6,0-1,0-3,0-1,30,55,40
2015-16,46,"Pittsburgh",8-5,5.9,0-1,0-1,2-2,39,64,41
2015-16,47,"San Diego St",11-3,5.4,0-0,0-0,0-1,47,101,58
2015-16,48,"Texas Tech",7-6,5.1,0-3,1-2,0-1,29,63,42
2015-16,49,"Temple",10-4,4.8,0-1,0-0,1-2,38,54,48
2015-16,50,"Washington St",9-4,4.8,0-1,1-1,1-1,49,102,53
2015-16,51,"S Florida",8-5,4.1,0-0,0-1,0-3,49,109,49
2015-16,52,"Miami",8-5,3.9,0-1,0-2,1-0,22,61,50
2015-16,53,"App State",11-2,3.8,0-1,0-0,0-0,35,75,54
2015-16,54,"Penn St",7-6,3.7,0-1,0-3,0-0,42,60,55
2015-16,55,"Duke",8-5,3.6,0-0,0-1,1-0,27,56,52
2015-16,56,"Texas",5-7,3.5,2-2,0-1,0-2,33,70,51
2015-16,57,"Georgia So",9-4,3.1,0-0,0-2,0-0,54,94,69
2015-16,58,"Arizona",7-6,3.0,0-1,1-3,0-0,25,65,59
2015-16,59,"W Michigan",8-5,2.8,0-1,0-1,1-0,59,95,60
2015-16,60,"Missouri",5-7,2.3,0-1,0-3,1-1,22,64,61
2015-16,61,"Kansas St",6-7,2.2,0-3,1-1,0-1,28,63,57
2015-16,62,"Southern Miss",9-5,2.0,0-0,0-2,0-1,61,105,64
2015-16,63,"Northwestern",10-3,2.0,1-1,1-1,0-1,31,64,56
2015-16,64,"Air Force",8-6,1.8,0-0,1-1,0-2,53,82,62
2015-16,65,"Louisiana Tech",9-4,1.5,0-0,0-1,0-1,46,70,70
2015-16,66,"Marshall",10-3,1.2,0-0,0-0,0-1,44,74,65
2015-16,67,"Minnesota",6-7,0.8,0-2,0-2,0-1,39,77,68
2015-16,68,"Boston College",3-9,0.7,0-2,0-1,0-1,47,73,66
2015-16,69,"Utah St",6-7,-0.2,0-0,1-2,0-1,39,89,71
2015-16,70,"South Carolina",3-9,-0.2,0-2,1-2,0-2,35,77,75
2015-16,71,"Indiana",6-7,-0.4,0-1,0-2,1-1,61,93,72
2015-16,72,"Cincinnati",7-6,-0.4,0-0,0-0,0-3,51,73,63
2015-16,73,"Illinois",5-7,-0.8,0-1,0-2,0-1,44,84,74
2015-16,74,"Vanderbilt",4-8,-0.8,0-2,0-1,0-4,56,78,78
2015-16,75,"Middle Tenn",7-6,-1.2,0-1,0-0,0-1,40,90,76
2015-16,76,"N Illinois",8-6,-1.4,0-1,0-1,1-0,57,80,67
2015-16,77,"Arkansas St",9-4,-1.5,0-0,0-1,0-1,73,95,73
2015-16,78,"Virginia",4-8,-1.5,0-1,0-3,1-1,62,93,79
2015-16,79,"E Carolina",5-7,-1.5,0-0,0-0,0-3,64,90,77
2015-16,80,"Syracuse",4-8,-1.6,0-1,0-2,0-1,56,81,80
2015-16,81,"Iowa St",3-9,-2.3,0-3,0-1,0-3,62,88,81
2015-16,82,"Kentucky",5-7,-2.5,0-1,0-2,0-3,49,83,83
2015-16,83,"C Michigan",7-6,-2.9,0-0,0-1,0-2,68,100,82
2015-16,84,"Colorado",4-9,-3.4,0-1,0-3,0-1,68,85,84
2015-16,85,"Maryland",3-9,-4.5,0-1,0-4,0-1,73,99,85
2015-16,86,"Wake Forest",3-9,-4.5,0-2,0-2,0-1,77,90,86
2015-16,87,"Colorado St",7-6,-6.2,0-0,0-1,0-0,66,90,87
2015-16,88,"San Jose St",6-7,-6.4,0-0,0-1,0-2,88,105,92
2015-16,89,"Ohio",8-5,-6.5,0-0,0-0,0-0,72,99,88
2015-16,90,"Tulsa",6-7,-6.6,0-1,0-0,0-3,72,98,90
2015-16,91,"Akron",8-5,-6.9,0-1,0-0,0-0,79,105,89
2015-16,92,"UConn",6-7,-7.3,0-0,0-0,1-2,88,121,91
2015-16,93,"Rutgers",4-8,-7.6,0-1,0-3,0-0,60,94,93
2015-16,94,"New Mexico",7-6,-8.0,0-0,1-0,0-0,70,105,95
2015-16,95,"Purdue",2-10,-8.4,0-0,0-2,0-1,76,103,94
2015-16,96,"Nevada",7-6,-9.0,0-0,0-0,0-1,91,104,96
2015-16,97,"Troy",4-8,-10.0,0-0,0-2,0-0,93,122,97
2015-16,98,"Oregon St",2-10,-11.0,0-1,0-4,0-2,78,99,99
2015-16,99,"Buffalo",5-7,-11.4,0-0,0-0,0-0,83,113,98
2015-16,100,"UNLV",3-9,-13.2,0-0,0-3,0-0,91,127,102
2015-16,101,"Georgia St",6-7,-13.4,0-0,0-0,0-1,100,126,100
2015-16,102,"Florida Atlantic",3-9,-13.9,0-0,0-0,0-2,100,115,101
2015-16,103,"Florida Intl",5-7,-14.7,0-0,0-0,0-1,85,104,103
2015-16,104,"Louisiana",4-8,-15.4,0-0,0-0,0-0,78,106,106
2015-16,105,"UMass",3-9,-15.6,0-1,0-0,0-1,104,119,104
2015-16,106,"Ball St",3-9,-15.9,0-0,0-0,0-2,89,106,105
2015-16,107,"Army",2-10,-16.0,0-0,0-0,0-1,106,127,107
2015-16,108,"Fresno St",3-9,-17.1,0-1,0-1,0-1,93,117,108
2015-16,109,"Rice",5-7,-17.7,0-1,0-0,0-1,71,112,109
2015-16,110,"SMU",2-10,-18.0,0-2,0-0,0-3,103,115,110
2015-16,111,"Kent St",3-9,-18.5,0-0,0-0,0-1,104,122,111
2015-16,112,"S Alabama",5-7,-18.8,0-0,0-0,0-0,112,123,113
2015-16,113,"Wyoming",2-10,-19.1,0-0,0-1,0-0,113,128,114
2015-16,114,"UTSA",3-9,-19.2,0-0,0-0,0-1,105,119,112
2015-16,115,"Idaho",4-8,-19.4,0-0,0-1,0-1,113,126,115
2015-16,116,"Tulane",3-9,-20.1,0-0,0-0,0-4,109,122,116
2015-16,117,"Hawai'i",3-10,-20.4,0-1,0-2,0-0,89,119,118
2015-16,118,"Texas St",3-9,-20.7,0-0,0-1,0-1,107,120,117
2015-16,119,"Old Dominion",5-7,-21.3,0-0,0-0,0-1,110,123,119
2015-16,120,"UTEP",5-7,-21.5,0-0,0-1,0-0,108,126,121
2015-16,121,"Miami OH",3-9,-21.6,0-0,0-1,0-1,117,126,120
2015-16,122,"UL Monroe",2-11,-21.6,0-1,0-1,0-0,93,124,122
2015-16,123,"UCF",0-12,-22.2,0-1,0-0,0-1,61,124,124
2015-16,124,"Kansas",0-12,-22.9,0-3,0-1,0-2,100,124,123
2015-16,125,"New Mexico St",3-9,-23.4,0-1,0-0,0-1,123,128,125
2015-16,126,"E Michigan",1-11,-24.2,0-0,0-1,0-1,117,128,126
2015-16,127,"N Texas",1-11,-25.9,0-1,0-0,0-2,103,128,127
2015-16,128,"Charlotte",2-10,-27.9,0-0,0-0,0-0,113,128,128
2016-17,1,"Alabama",14-1,31.5,2-1,6-0,1-0,1,3,1
2016-17,2,"Ohio St",11-2,27.9,3-1,0-1,0-0,1,6,2
2016-17,3,"Michigan",10-3,27.0,1-2,2-0,0-1,1,10,3
2016-17,4,"Clemson",14-1,26.6,4-0,2-0,1-1,2,7,5
2016-17,5,"Washington",12-2,23.6,0-1,3-1,1-0,4,12,4
2016-17,6,"Oklahoma",11-2,19.7,0-1,3-0,2-1,3,17,7
2016-17,7,"Louisville",9-4,19.0,1-2,0-0,1-1,3,16,6
2016-17,8,"LSU",8-4,18.9,1-2,1-2,1-0,5,24,8
2016-17,9,"Florida St",10-3,17.2,1-2,2-0,3-1,4,16,12
2016-17,10,"Wisconsin",11-3,16.3,1-2,1-1,1-0,8,26,10
2016-17,11,"Auburn",8-5,16.3,1-3,0-1,1-0,7,30,9
2016-17,12,"USC",10-3,16.1,1-1,2-1,1-1,10,52,11
2016-17,13,"Miami",9-4,15.5,0-1,0-1,3-2,8,35,14
2016-17,14,"Penn St",11-3,14.8,2-1,0-1,2-1,13,61,13
2016-17,15,"Virginia Tech",10-4,13.6,0-1,1-1,3-0,10,64,17
2016-17,16,"Oklahoma St",10-3,12.7,0-1,2-0,2-1,16,33,22
2016-17,17,"Washington St",8-5,11.9,0-1,1-1,0-1,11,81,16
2016-17,18,"Stanford",10-3,11.8,0-1,2-2,2-0,5,26,18
2016-17,19,"Texas A&M",8-5,11.5,0-2,2-1,0-1,7,23,19
2016-17,20,"W Kentucky",11-3,11.3,0-1,0-0,1-0,20,65,23
2016-17,21,"Colorado",10-4,11.3,0-2,2-2,1-0,12,84,15
2016-17,22,"W Michigan",13-1,11.2,0-1,0-0,0-0,14,75,20
2016-17,23,"Florida",9-4,10.9,1-2,0-1,1-0,16,43,29
2016-17,24,"Tennessee",9-4,10.7,0-1,2-1,0-0,7,26,24
2016-17,25,"Kansas St",9-4,10.1,0-1,1-2,1-1,16,48,26
2016-17,26,"West Virginia",10-3,9.5,0-1,1-2,2-0,18,37,25
2016-17,27,"Houston",9-4,8.8,2-0,0-0,0-1,7,31,21
2016-17,28,"Pittsburgh",8-5,8.7,1-0,1-3,0-1,26,57,30
2016-17,29,"North Carolina",8-5,8.7,1-0,1-2,1-1,17,40,31
2016-17,30,"Notre Dame",4-8,8.2,0-0,1-3,0-1,7,41,32
2016-17,31,"Temple",10-4,7.5,0-0,0-1,1-1,27,85,28
2016-17,32,"Iowa",8-5,7.2,1-1,0-2,0-0,21,51,27
2016-17,33,"S Florida",11-2,7.1,0-1,0-0,1-1,20,58,37
2016-17,34,"Utah",9-4,6.9,0-1,1-1,1-0,28,56,34
2016-17,35,"BYU",9-4,6.8,0-0,0-0,0-3,30,42,36
2016-17,36,"Mississippi",5-7,6.6,0-3,1-1,1-0,9,41,38
2016-17,37,"Boise St",10-3,6.5,0-0,1-0,1-1,20,38,33
2016-17,38,"NC State",7-6,6.4,0-3,0-1,2-0,31,62,47
2016-17,39,"Memphis",8-5,6.4,0-0,0-1,2-2,19,76,35
2016-17,40,"Baylor",7-6,6.3,0-1,1-1,1-1,12,48,46
2016-17,41,"Tulsa",10-3,6.1,0-1,0-0,1-1,38,87,45
2016-17,42,"Northwestern",7-6,5.9,0-2,0-1,2-0,36,85,40
2016-17,43,"Georgia Tech",9-4,5.8,0-1,1-1,0-2,33,58,44
2016-17,44,"San Diego St",11-3,5.7,0-0,0-0,1-0,34,70,50
2016-17,45,"TCU",6-7,5.3,0-1,0-2,1-1,19,53,41
2016-17,46,"Minnesota",9-4,5.1,0-1,1-1,0-1,43,75,43
2016-17,47,"Nebraska",9-4,4.9,0-2,0-1,0-1,15,47,39
2016-17,48,"Navy",9-5,4.6,0-0,0-0,3-2,31,67,42
2016-17,49,"Georgia",8-5,4.1,0-0,1-2,1-1,11,54,53
2016-17,50,"Texas",5-7,3.8,0-1,0-2,2-1,24,54,52
2016-17,51,"Toledo",9-4,3.7,0-0,0-1,0-1,26,64,48
2016-17,52,"Arkansas",7-6,3.6,0-2,1-3,1-0,31,54,51
2016-17,53,"UCLA",4-8,3.3,0-0,0-5,1-1,17,53,49
2016-17,54,"App State",10-3,3.0,0-0,0-2,0-0,36,69,57
2016-17,55,"Michigan St",3-9,2.1,0-3,0-1,1-1,22,69,55
2016-17,56,"Vanderbilt",6-7,2.1,0-0,2-2,1-1,41,70,54
2016-17,57,"Texas Tech",5-7,1.9,0-1,0-2,1-1,28,61,58
2016-17,58,"Mississippi St",6-7,1.7,0-2,1-1,1-1,26,66,56
2016-17,59,"Louisiana Tech",9-5,1.4,0-0,1-1,0-0,57,94,61
2016-17,60,"Oregon",4-8,0.6,0-1,0-4,1-0,15,62,59
2016-17,61,"California",5-7,0.2,0-1,0-3,1-0,51,69,62
2016-17,62,"Indiana",6-7,0.1,0-2,0-1,0-1,59,74,63
2016-17,63,"Missouri",4-8,-0.1,0-1,0-2,0-1,21,68,64
2016-17,64,"Air Force",10-3,-0.2,0-0,0-0,1-0,52,85,69
2016-17,65,"Troy",10-3,-0.3,0-1,0-0,0-0,43,92,68
2016-17,66,"Wake Forest",7-6,-0.3,0-3,0-0,1-1,54,80,72
2016-17,67,"Duke",4-8,-0.4,0-1,0-2,2-1,40,76,67
2016-17,68,"UCF",6-7,-0.9,0-1,0-0,0-3,54,101,60
2016-17,69,"Kentucky",7-6,-1.0,1-1,0-2,0-0,65,98,65
2016-17,70,"Iowa St",3-9,-1.3,0-1,0-2,0-3,62,104,71
2016-17,71,"Oregon St",4-8,-1.7,0-1,0-3,0-2,69,91,70
2016-17,72,"Colorado St",7-6,-2.0,0-0,0-1,0-1,64,110,66
2016-17,73,"Arizona St",5-7,-2.6,0-1,0-3,0-1,40,73,73
2016-17,74,"Army",8-5,-3.2,0-0,0-0,1-1,47,97,75
2016-17,75,"Maryland",6-7,-3.5,0-2,0-1,0-0,34,75,74
2016-17,76,"South Carolina",6-7,-3.6,0-1,1-2,0-1,38,78,76
2016-17,77,"Wyoming",8-6,-3.9,0-0,0-0,1-1,73,104,77
2016-17,78,"Boston College",7-6,-4.2,0-3,0-1,1-0,48,91,80
2016-17,79,"Arkansas St",8-5,-4.5,0-0,0-1,0-0,77,110,81
2016-17,80,"N Illinois",5-7,-4.9,0-0,0-1,0-1,62,97,78
2016-17,81,"Georgia So",5-7,-5.8,0-0,0-1,0-1,27,85,82
2016-17,82,"Old Dominion",10-3,-6.1,0-0,0-1,0-1,82,113,83
2016-17,83,"Syracuse",4-8,-6.3,0-3,1-0,0-4,59,88,84
2016-17,84,"New Mexico",9-4,-6.9,0-0,0-0,0-1,83,109,85
2016-17,85,"Middle Tenn",8-5,-7.0,0-0,0-1,0-0,62,86,79
2016-17,86,"Virginia",2-10,-7.1,0-1,0-2,0-2,70,99,87
2016-17,87,"Southern Miss",7-6,-7.3,0-1,0-0,0-0,65,95,91
2016-17,88,"Utah St",3-9,-7.4,0-0,0-1,0-2,61,90,90
2016-17,89,"Ohio",8-6,-7.4,0-0,0-2,0-0,87,109,89
2016-17,90,"Arizona",3-9,-7.6,0-1,0-4,0-2,35,91,86
2016-17,91,"Cincinnati",4-8,-8.5,0-0,0-0,0-5,56,95,92
2016-17,92,"SMU",5-7,-8.8,0-0,0-0,1-4,82,101,93
2016-17,93,"E Carolina",3-9,-9.2,0-0,0-1,1-2,63,95,94
2016-17,94,"C Michigan",6-7,-9.3,0-0,1-1,0-0,45,95,88
2016-17,95,"Illinois",3-9,-9.6,0-2,0-1,0-2,71,95,95
2016-17,96,"Tulane",4-8,-9.9,0-0,0-0,0-3,90,115,96
2016-17,97,"UTSA",6-7,-10.3,0-0,0-1,0-0,96,124,97
2016-17,98,"Idaho",9-4,-10.8,0-1,0-1,0-0,98,128,99
2016-17,99,"E Michigan",7-6,-11.0,0-0,0-1,0-0,96,123,98
2016-17,100,"Miami OH",6-7,-11.6,0-0,0-1,0-1,99,121,100
2016-17,101,"Louisiana",6-7,-12.3,0-0,0-0,0-1,100,117,101
2016-17,102,"Ball St",4-8,-12.7,0-0,0-1,0-0,86,105,102
2016-17,103,"Nevada",5-7,-13.0,0-0,0-0,0-1,92,115,104
2016-17,104,"Purdue",3-9,-13.3,0-1,0-1,0-1,87,110,103
2016-17,105,"S Alabama",6-7,-13.9,0-0,0-0,0-0,98,118,105
2016-17,106,"San Jose St",4-8,-14.0,0-0,0-0,0-2,82,118,108
2016-17,107,"Kent St",3-9,-14.1,0-1,0-2,0-0,98,111,106
2016-17,108,"Akron",5-7,-14.2,0-1,0-1,0-0,89,111,107
2016-17,109,"UNLV",4-8,-14.5,0-0,0-0,0-1,91,111,110
2016-17,110,"UConn",3-9,-14.9,0-0,0-0,0-3,79,111,109
2016-17,111,"Kansas",2-10,-15.2,0-1,0-2,0-3,101,118,113
2016-17,112,"Rutgers",2-10,-15.3,0-3,0-1,0-1,80,113,111
2016-17,113,"Marshall",3-9,-15.4,0-1,0-1,0-1,29,113,112
2016-17,114,"Hawai'i",7-7,-15.4,0-1,0-0,0-1,106,125,117
2016-17,115,"Georgia St",3-9,-15.6,0-1,0-0,0-0,98,120,114
2016-17,116,"N Texas",5-8,-16.4,0-0,0-2,0-0,99,125,116
2016-17,117,"Bowling Green",4-8,-16.8,0-1,0-0,0-1,77,124,115
2016-17,118,"Fresno St",1-11,-18.7,0-0,0-0,0-0,104,119,118
2016-17,119,"UMass",2-10,-19.1,0-0,0-1,0-1,116,126,120
2016-17,120,"Florida Intl",4-8,-19.2,0-0,0-1,0-0,114,125,119
2016-17,121,"Rice",3-9,-19.7,0-0,0-2,0-1,109,124,121
2016-17,122,"Charlotte",4-8,-20.8,0-1,0-0,0-1,119,128,122
2016-17,123,"Florida Atlantic",3-9,-21.1,0-0,0-3,0-0,105,124,123
2016-17,124,"UTEP",4-8,-21.4,0-0,0-0,0-0,114,128,124
2016-17,125,"New Mexico St",3-9,-21.8,0-0,0-1,0-0,125,128,125
2016-17,126,"UL Monroe",4-8,-22.5,0-1,0-1,0-0,112,127,126
2016-17,127,"Buffalo",2-10,-23.6,0-0,0-1,0-0,110,127,127
2016-17,128,"Texas St",2-10,-30.6,0-0,0-0,0-1,115,128,128
2017-18,1,"Alabama",12-1,29.6,1-1,3-0,0-0,1,2,1
2017-18,2,"Ohio St",12-2,27.4,2-1,2-1,1-0,1,4,2
2017-18,3,"Penn St",11-2,26.6,1-1,3-0,0-1,3,11,3
2017-18,4,"Clemson",12-2,24.3,1-1,4-0,4-0,2,7,4
2017-18,5,"Georgia",13-1,24.0,3-1,1-0,1-0,5,20,8
2017-18,6,"Oklahoma",12-2,23.4,1-1,4-0,1-1,1,10,6
2017-18,7,"Wisconsin",13-1,22.6,0-1,4-0,1-0,4,15,7
2017-18,8,"Auburn",10-4,21.3,2-2,1-2,0-0,5,16,5
2017-18,9,"Washington",10-3,20.3,0-1,0-1,3-0,4,14,9
2017-18,10,"Notre Dame",10-3,18.4,0-1,2-2,4-0,4,22,11
2017-18,11,"Oklahoma St",10-3,18.3,0-1,2-1,1-1,4,15,12
2017-18,12,"TCU",11-3,17.5,0-2,3-0,1-1,6,18,10
2017-18,13,"UCF",13-0,15.3,1-0,0-0,3-0,13,68,15
2017-18,14,"Stanford",9-5,15.0,2-0,0-3,2-1,3,16,13
2017-18,15,"Iowa",8-5,13.8,1-2,0-1,2-2,15,37,17
2017-18,16,"USC",11-3,13.3,0-2,3-0,1-1,6,20,18
2017-18,17,"Virginia Tech",9-4,13.1,0-1,0-2,2-1,13,35,16
2017-18,18,"Louisville",8-5,13.1,0-1,1-1,1-3,12,30,19
2017-18,19,"Mississippi St",9-4,12.8,0-3,2-0,0-0,10,43,21
2017-18,20,"Florida St",7-6,12.5,0-2,0-2,2-2,3,30,24
2017-18,21,"Miami",10-3,12.4,1-2,2-0,2-0,13,39,14
2017-18,22,"LSU",9-4,12.3,1-2,0-1,0-0,9,38,22
2017-18,23,"Michigan",8-5,12.3,0-3,0-0,1-1,10,23,20
2017-18,24,"Texas",7-6,11.6,0-1,0-3,2-0,17,46,25
2017-18,25,"Northwestern",10-3,11.2,0-2,1-0,2-1,23,56,23
2017-18,26,"NC State",9-4,11.1,0-2,2-0,1-1,21,46,28
2017-18,27,"Wake Forest",8-5,10.7,0-2,1-1,2-2,21,63,26
2017-18,28,"Iowa St",8-5,10.4,1-0,1-3,1-1,21,80,27
2017-18,29,"Michigan St",10-3,9.5,1-2,2-1,1-0,28,60,32
2017-18,30,"Memphis",10-3,8.8,0-0,0-2,0-1,29,73,29
2017-18,31,"Kansas St",8-5,8.3,0-1,1-2,1-0,16,36,34
2017-18,32,"Boston College",7-6,7.6,0-2,2-2,0-2,31,88,33
2017-18,33,"Oregon",7-6,7.3,0-1,0-1,1-2,17,47,31
2017-18,34,"Utah",7-6,7.2,0-1,0-2,0-2,30,54,36
2017-18,35,"Boise St",11-3,7.1,0-0,0-0,1-1,31,63,35
2017-18,36,"Duke",7-6,7.0,0-0,1-3,2-0,21,55,40
2017-18,37,"Washington St",9-4,6.9,0-1,2-0,3-1,19,38,30
2017-18,38,"Georgia Tech",5-6,6.6,0-2,1-1,1-1,22,41,37
2017-18,39,"Purdue",7-6,6.5,0-1,1-3,0-0,35,95,39
2017-18,40,"S Florida",10-2,6.2,0-0,0-1,0-0,23,49,41
2017-18,41,"West Virginia",7-6,5.7,0-1,0-4,2-1,25,42,38
2017-18,42,"Florida Atlantic",11-3,5.3,0-1,0-0,0-0,42,115,54
2017-18,43,"Missouri",7-6,5.3,0-2,0-1,0-1,36,99,42
2017-18,44,"Texas Tech",6-7,4.9,0-1,1-2,0-3,26,66,43
2017-18,45,"Texas A&M",7-6,4.7,0-2,0-2,0-1,23,51,46
2017-18,46,"South Carolina",9-4,4.7,0-2,1-0,1-0,32,70,51
2017-18,47,"Navy",7-6,4.7,0-1,0-1,0-1,36,55,53
2017-18,48,"Arizona",7-6,4.4,0-0,0-1,1-3,31,62,44
2017-18,49,"Indiana",5-7,3.9,0-3,0-1,0-2,37,66,49
2017-18,50,"San Diego St",10-3,3.4,0-0,1-0,0-1,32,65,48
2017-18,51,"Arizona St",7-6,3.2,1-0,0-2,2-1,37,74,47
2017-18,52,"UCLA",6-7,2.6,0-1,0-2,1-3,26,53,50
2017-18,53,"Houston",7-5,2.5,0-0,0-0,1-1,23,57,52
2017-18,54,"Fresno St",10-4,2.3,0-2,0-0,1-1,40,113,56
2017-18,55,"Toledo",11-3,2.0,0-0,0-1,0-0,40,70,45
2017-18,56,"App State",9-4,1.9,0-1,0-0,0-1,52,84,77
2017-18,57,"Army",10-3,1.4,0-1,0-0,1-0,48,75,61
2017-18,58,"Minnesota",5-7,1.3,0-1,0-3,0-2,27,64,57
2017-18,59,"Pittsburgh",5-7,1.2,0-1,1-2,1-2,46,82,55
2017-18,60,"Ohio",9-4,1.1,0-0,0-0,0-1,55,97,60
2017-18,61,"Florida",4-7,1.0,0-1,0-3,0-0,20,63,59
2017-18,62,"Troy",11-2,0.7,0-0,1-0,0-1,60,85,66
2017-18,63,"California",5-7,0.6,0-1,0-2,1-1,58,78,58
2017-18,64,"Kentucky",7-6,-0.2,0-1,0-3,0-0,42,72,69
2017-18,65,"Mississippi",6-6,-0.2,0-2,1-1,0-0,43,81,63
2017-18,66,"Syracuse",4-8,-0.4,1-0,0-4,0-3,44,68,64
2017-18,67,"Colorado",5-7,-1.3,0-1,0-1,0-2,21,68,67
2017-18,68,"N Illinois",8-5,-1.5,0-0,0-0,0-2,58,88,62
2017-18,69,"Colorado St",7-6,-1.6,0-1,0-0,0-1,36,71,70
2017-18,70,"North Carolina",3-9,-2.4,0-1,0-3,0-3,51,88,72
2017-18,71,"Arkansas",4-8,-2.5,0-2,0-3,0-0,31,78,75
2017-18,72,"Nebraska",4-8,-2.8,0-3,0-2,1-1,53,78,74
2017-18,73,"W Michigan",6-6,-2.9,0-0,0-1,0-1,50,76,73
2017-18,74,"Wyoming",8-5,-2.9,0-0,0-1,0-2,72,102,78
2017-18,75,"Arkansas St",7-5,-3.2,0-0,0-0,0-0,62,91,71
2017-18,76,"Virginia",6-7,-3.5,0-0,0-3,3-1,61,91,68
2017-18,77,"Marshall",8-5,-3.7,0-0,0-0,0-1,64,90,79
2017-18,78,"Utah St",6-7,-3.8,0-1,0-0,0-2,71,102,76
2017-18,79,"SMU",7-6,-3.8,0-0,0-2,0-1,53,93,65
2017-18,80,"Temple",7-6,-4.3,0-1,0-1,0-1,66,106,88
2017-18,81,"Maryland",4-8,-4.4,0-3,1-3,0-1,32,81,80
2017-18,82,"Vanderbilt",5-7,-4.5,0-2,0-0,1-0,24,89,82
2017-18,83,"Baylor",1-11,-4.7,0-1,0-3,0-3,39,89,81
2017-18,84,"Tennessee",4-8,-4.8,0-2,0-1,1-0,22,84,83
2017-18,85,"Tulane",5-7,-5.4,0-1,0-0,0-2,68,90,85
2017-18,86,"Air Force",5-7,-5.5,0-0,0-1,0-1,52,87,87
2017-18,87,"Louisiana Tech",7-6,-5.5,0-0,0-1,0-0,83,107,95
2017-18,88,"E Michigan",5-7,-5.9,0-0,0-0,0-0,79,111,86
2017-18,89,"C Michigan",8-5,-7.1,0-0,0-0,0-1,83,117,84
2017-18,90,"Southern Miss",8-5,-7.5,0-0,0-1,0-0,72,96,89
2017-18,91,"Rutgers",4-8,-7.8,0-3,0-1,1-1,74,103,91
2017-18,92,"Buffalo",6-6,-7.8,0-0,0-0,0-0,90,126,90
2017-18,93,"Tulsa",2-10,-8.3,0-0,0-1,0-2,67,94,92
2017-18,94,"UTSA",6-5,-8.8,0-0,0-0,0-0,70,100,96
2017-18,95,"Middle Tenn",7-6,-8.9,0-0,0-0,0-0,81,106,99
2017-18,96,"BYU",4-9,-9.0,0-1,0-2,0-2,54,102,97
2017-18,97,"N Texas",9-5,-9.1,0-0,0-1,0-0,93,125,93
2017-18,98,"Miami OH",5-7,-10.0,0-1,0-0,0-0,91,104,98
2017-18,99,"Nevada",3-9,-10.6,0-0,0-1,0-2,94,116,100
2017-18,100,"UNLV",5-7,-10.9,0-1,0-0,0-0,89,122,102
2017-18,101,"Akron",7-7,-11.0,0-1,0-0,0-1,87,117,94
2017-18,102,"UMass",4-8,-11.3,0-0,0-1,0-0,100,122,101
2017-18,103,"W Kentucky",6-7,-12.0,0-0,0-0,0-0,47,104,103
2017-18,104,"Illinois",2-10,-12.3,0-2,0-2,0-2,80,107,104
2017-18,105,"New Mexico St",7-6,-12.5,0-0,0-0,0-0,99,129,108
2017-18,106,"UL Monroe",4-8,-13.2,0-1,0-1,0-1,101,117,106
2017-18,107,"Florida Intl",8-5,-13.2,0-0,0-1,0-0,104,128,107
2017-18,108,"UAB",8-5,-13.7,0-0,0-0,0-0,104,122,105
2017-18,109,"Cincinnati",4-8,-13.7,0-0,0-2,0-1,87,109,109
2017-18,110,"New Mexico",3-9,-14.5,0-0,0-0,0-1,82,111,111
2017-18,111,"Oregon St",1-11,-15.0,0-1,0-2,0-2,61,113,110
2017-18,112,"Georgia St",7-5,-15.4,0-1,0-0,0-0,109,128,113
2017-18,113,"Idaho",4-8,-16.0,0-0,0-0,0-0,108,127,117
2017-18,114,"Georgia So",2-10,-16.0,0-1,0-0,0-0,82,122,112
2017-18,115,"Bowling Green",2-10,-16.1,0-0,0-1,0-1,97,124,114
2017-18,116,"UConn",3-9,-16.2,0-0,0-1,0-3,101,122,115
2017-18,117,"S Alabama",4-8,-16.5,0-0,0-1,0-0,104,123,116
2017-18,118,"Hawai'i",3-9,-18.5,0-0,0-0,0-0,105,121,118
2017-18,119,"Kansas",1-11,-19.1,0-1,0-3,0-2,110,123,120
2017-18,120,"Old Dominion",5-7,-19.3,0-0,0-1,0-0,104,122,122
2017-18,121,"E Carolina",3-9,-19.4,0-0,0-2,0-2,89,128,121
2017-18,122,"Coastal Car",3-9,-19.7,0-0,0-0,0-0,108,126,123
2017-18,123,"Louisiana",5-7,-20.3,0-0,0-0,0-0,109,123,119
2017-18,124,"Kent St",2-10,-23.2,0-1,0-1,0-0,112,125,124
2017-18,125,"Rice",1-11,-23.8,0-0,0-1,0-0,114,127,125
2017-18,126,"Texas St",2-10,-26.0,0-0,0-0,0-0,126,130,126
2017-18,127,"Charlotte",1-11,-26.5,0-0,0-0,0-1,126,130,127
2017-18,128,"San Jose St",2-11,-27.1,0-0,0-1,0-2,111,130,129
2017-18,129,"Ball St",2-10,-27.9,0-0,0-0,0-0,82,129,128
2017-18,130,"UTEP",0-12,-28.2,0-1,0-0,0-0,125,130,130
2018-19,1,"Clemson",15-0,34.1,2-0,2-0,3-0,1,7,2
2018-19,2,"Alabama",14-1,32.5,4-1,3-0,0-0,1,2,1
2018-19,3,"Georgia",11-3,24.0,1-1,3-2,1-0,3,7,3
2018-19,4,"Oklahoma",12-2,21.3,0-1,2-1,3-0,2,8,5
2018-19,5,"Michigan",10-3,20.3,1-2,0-1,3-0,3,14,4
2018-19,6,"Ohio St",13-1,20.2,2-0,1-0,2-0,2,8,6
2018-19,7,"Mississippi St",8-5,19.5,1-1,1-4,0-0,6,17,7
2018-19,8,"Notre Dame",12-1,18.1,1-1,1-0,2-0,6,22,8
2018-19,9,"Penn St",9-4,17.3,0-2,1-1,2-1,2,17,9
2018-19,10,"Auburn",8-5,16.5,0-3,2-1,0-0,5,23,17
2018-19,11,"Texas A&M",9-4,16.2,0-4,2-0,2-0,11,25,16
2018-19,12,"Florida",10-3,15.5,2-1,1-2,1-0,12,42,18
2018-19,13,"LSU",10-3,15.5,3-1,1-2,1-0,8,29,13
2018-19,14,"West Virginia",8-4,15.3,0-1,1-1,1-2,7,25,10
2018-19,15,"Iowa",9-4,15.0,1-1,0-0,1-2,11,38,14
2018-19,16,"Missouri",8-5,14.8,0-2,1-1,0-2,11,40,11
2018-19,17,"Washington",10-4,14.2,0-2,2-0,2-1,4,19,15
2018-19,18,"UCF",12-1,13.8,0-0,0-1,1-0,12,26,12
2018-19,19,"Utah St",11-2,13.1,0-0,0-1,0-1,15,73,23
2018-19,20,"Fresno St",12-2,13.0,0-0,1-1,0-0,12,64,19
2018-19,21,"Texas",10-4,12.4,2-1,0-1,2-1,17,41,24
2018-19,22,"Kentucky",10-3,11.6,2-1,2-1,1-0,20,60,22
2018-19,23,"Utah",9-5,11.1,0-0,0-2,2-2,14,46,21
2018-19,24,"Syracuse",10-3,10.9,0-2,1-0,2-0,24,64,29
2018-19,25,"Boise St",10-3,10.9,0-0,2-1,0-1,6,33,26
2018-19,26,"Wisconsin",8-5,10.9,0-2,1-0,1-1,4,34,32
2018-19,27,"Washington St",11-2,10.8,0-0,1-1,3-0,23,67,25
2018-19,28,"Miami",7-6,10.6,0-0,0-1,0-2,8,28,20
2018-19,29,"App State",11-2,9.7,0-1,0-0,0-0,11,68,34
2018-19,30,"Stanford",9-4,9.4,0-1,0-2,1-1,11,35,27
2018-19,31,"Oklahoma St",7-6,9.2,0-1,4-0,0-2,12,43,35
2018-19,32,"Michigan St",7-6,8.2,1-2,1-0,0-2,13,35,33
2018-19,33,"Iowa St",8-5,7.9,0-1,1-2,2-1,23,43,38
2018-19,34,"South Carolina",7-6,7.8,0-2,1-3,0-0,22,35,28
2018-19,35,"NC State",9-4,7.7,0-1,0-2,1-0,29,64,30
2018-19,36,"Texas Tech",5-7,7.6,0-1,0-2,1-1,19,70,37
2018-19,37,"Cincinnati",11-2,7.5,0-0,0-1,0-0,34,97,36
2018-19,38,"Oregon",9-4,7.4,0-0,1-1,1-2,22,51,39
2018-19,39,"Boston College",7-5,7.0,0-1,0-1,1-1,22,40,40
2018-19,40,"Northwestern",9-5,6.8,0-3,2-0,2-0,30,57,43
2018-19,41,"Army",11-2,6.8,0-1,0-0,0-0,36,76,55
2018-19,42,"Purdue",6-7,6.5,1-1,1-1,1-3,21,65,31
2018-19,43,"Duke",8-5,5.7,0-1,0-0,2-0,20,54,53
2018-19,44,"TCU",7-6,5.6,0-2,0-2,2-1,15,47,44
2018-19,45,"Arizona St",7-6,5.6,0-0,1-2,1-2,29,52,42
2018-19,46,"Georgia Tech",7-6,5.5,0-2,0-0,1-0,36,65,41
2018-19,47,"Virginia",8-5,5.3,0-0,0-0,2-1,46,85,54
2018-19,48,"Ohio",9-4,4.9,0-0,0-0,0-1,45,97,50
2018-19,49,"Minnesota",7-6,4.8,0-1,1-1,1-1,40,76,56
2018-19,50,"Pittsburgh",7-7,4.8,0-3,1-1,0-2,46,88,48
2018-19,51,"Vanderbilt",6-7,3.9,0-2,0-3,0-1,44,90,45
2018-19,52,"USC",5-7,3.9,0-1,0-2,1-1,18,52,49
2018-19,53,"Memphis",8-6,3.5,0-0,0-3,0-0,32,57,47
2018-19,54,"Maryland",5-7,3.3,0-3,1-1,0-1,46,74,52
2018-19,55,"Nebraska",4-8,2.5,0-2,0-1,1-2,49,92,57
2018-19,56,"BYU",7-6,2.5,0-0,0-4,1-0,48,75,62
2018-19,57,"Temple",8-5,2.3,0-0,0-1,1-1,45,105,46
2018-19,58,"Kansas St",5-7,2.2,0-2,0-2,2-1,33,76,58
2018-19,59,"California",7-6,1.6,0-0,1-0,0-3,43,88,59
2018-19,60,"Mississippi",5-7,1.5,0-3,0-2,1-1,31,62,61
2018-19,61,"Indiana",5-7,1.4,0-3,0-1,0-1,49,72,60
2018-19,62,"Virginia Tech",6-7,1.2,0-1,0-0,0-3,10,68,63
2018-19,63,"Baylor",7-6,1.0,0-1,0-2,2-1,47,74,66
2018-19,64,"Wake Forest",7-6,1.0,0-2,0-1,1-1,45,90,65
2018-19,65,"Houston",8-5,-0.2,0-0,0-0,0-1,33,65,51
2018-19,66,"UAB",11-3,-0.4,0-0,0-1,0-0,60,109,75
2018-19,67,"Toledo",7-6,-0.5,0-0,0-1,0-1,46,78,64
2018-19,68,"Arizona",5-7,-0.5,0-0,0-1,1-1,34,74,67
2018-19,69,"Troy",10-3,-0.9,0-0,0-1,0-1,64,91,74
2018-19,70,"Tennessee",5-7,-1.1,1-2,1-3,0-1,56,90,69
2018-19,71,"Buffalo",10-4,-1.2,0-0,0-0,0-0,61,95,68
2018-19,72,"Georgia So",10-3,-1.3,0-1,0-0,1-0,64,94,73
2018-19,73,"Florida St",5-7,-1.5,0-2,0-2,1-2,16,77,72
2018-19,74,"UCLA",3-9,-1.7,0-1,0-3,0-3,64,91,71
2018-19,75,"Air Force",5-7,-1.7,0-0,0-2,0-0,62,80,79
2018-19,76,"Marshall",9-4,-1.8,0-0,0-0,0-1,62,91,80
2018-19,77,"Colorado",5-7,-2.1,0-0,0-2,0-1,51,82,76
2018-19,78,"N Texas",9-4,-2.5,0-0,0-1,0-0,30,88,70
2018-19,79,"Middle Tenn",8-6,-3.1,0-1,0-1,0-1,72,102,78
2018-19,80,"Arkansas St",8-5,-3.1,0-1,0-0,0-1,60,93,81
2018-19,81,"N Illinois",8-6,-3.4,0-0,0-2,0-0,61,90,77
2018-19,82,"Miami OH",6-6,-3.6,0-0,0-0,0-1,82,111,83
2018-19,83,"Florida Atlantic",5-7,-3.8,0-1,0-1,0-0,44,94,84
2018-19,84,"Nevada",8-5,-4.1,0-0,0-2,0-0,77,100,86
2018-19,85,"San Diego St",7-6,-4.3,0-0,1-1,0-1,43,86,82
2018-19,86,"Florida Intl",9-4,-4.3,0-0,0-0,0-1,70,114,87
2018-19,87,"E Michigan",7-6,-4.4,0-0,0-0,0-0,73,103,85
2018-19,88,"Kansas",3-9,-4.7,0-1,0-2,0-3,75,114,89
2018-19,89,"North Carolina",2-9,-4.7,0-0,0-1,0-2,59,97,88
2018-19,90,"Tulane",7-6,-4.8,0-1,0-0,0-1,78,94,90
2018-19,91,"Wyoming",6-6,-5.6,0-0,0-4,0-1,80,108,91
2018-19,92,"Arkansas",2-10,-7.0,0-3,0-3,0-0,57,95,95
2018-19,93,"Navy",3-10,-7.2,0-1,0-1,0-1,46,97,93
2018-19,94,"SMU",5-7,-7.5,0-1,0-1,0-1,85,110,92
2018-19,95,"Southern Miss",6-5,-7.6,0-1,0-0,0-0,93,112,97
2018-19,96,"Louisiana Tech",8-5,-7.9,0-1,0-1,0-0,65,98,98
2018-19,97,"W Michigan",7-6,-8.6,0-1,0-1,0-0,71,104,94
2018-19,98,"S Florida",7-6,-9.1,0-0,0-1,0-1,60,98,96
2018-19,99,"Louisiana",7-7,-9.7,0-2,0-0,0-2,99,124,99
2018-19,100,"Tulsa",3-9,-10.8,0-0,0-1,0-0,90,100,100
2018-19,101,"UL Monroe",6-6,-12.3,0-0,0-1,0-0,98,123,102
2018-19,102,"Rutgers",1-11,-12.5,0-3,0-0,0-3,77,121,101
2018-19,103,"Illinois",4-8,-13.0,0-1,0-1,0-2,96,107,103
2018-19,104,"Charlotte",5-7,-13.8,0-0,0-0,0-1,104,124,106
2018-19,105,"Hawai'i",8-6,-13.8,0-0,0-2,0-0,104,129,104
2018-19,106,"Akron",4-8,-13.9,0-0,0-0,1-2,83,110,105
2018-19,107,"Liberty",6-6,-14.1,0-1,0-0,0-0,86,112,107
2018-19,108,"New Mexico",3-9,-14.5,0-0,0-3,0-1,88,108,108
2018-19,109,"UNLV",4-8,-14.8,0-0,0-2,0-0,94,115,109
2018-19,110,"Louisville",2-10,-15.0,0-2,0-2,0-2,41,111,111
2018-19,111,"Coastal Car",5-7,-15.0,0-0,0-0,0-2,98,120,110
2018-19,112,"Oregon St",2-10,-15.5,0-1,0-1,0-3,102,120,112
2018-19,113,"UMass",4-8,-16.1,0-1,0-0,0-1,90,117,114
2018-19,114,"Ball St",4-8,-16.4,0-1,0-0,0-0,100,127,113
2018-19,115,"W Kentucky",3-9,-16.4,0-0,0-0,0-1,110,123,115
2018-19,116,"Old Dominion",4-8,-16.7,0-0,0-0,0-0,106,127,116
2018-19,117,"Colorado St",3-9,-16.7,0-0,0-3,0-0,100,121,117
2018-19,118,"C Michigan",1-11,-17.6,0-0,0-1,0-1,102,119,118
2018-19,119,"San Jose St",1-11,-17.7,0-0,0-2,0-2,119,129,120
2018-19,120,"E Carolina",3-9,-19.0,0-0,0-1,0-2,105,124,119
2018-19,121,"Kent St",2-10,-19.4,0-1,0-0,0-0,115,128,121
2018-19,122,"Georgia St",2-10,-19.5,0-0,0-0,0-2,118,127,122
2018-19,123,"Bowling Green",3-9,-20.0,0-0,0-0,0-1,110,126,123
2018-19,124,"S Alabama",3-9,-20.5,0-0,0-0,0-2,112,125,125
2018-19,125,"Texas St",3-9,-20.6,0-0,0-0,0-1,124,128,124
2018-19,126,"UTSA",3-9,-22.7,0-0,0-0,0-0,113,127,126
2018-19,127,"New Mexico St",3-9,-23.8,0-0,0-1,0-0,119,129,127
2018-19,128,"Rice",2-11,-25.1,0-0,0-1,0-0,123,130,128
2018-19,129,"UTEP",1-11,-27.2,0-0,0-0,0-0,128,130,129
2018-19,130,"UConn",1-11,-28.9,0-0,0-3,0-1,113,130,130
2019-20,1,"Ohio St",13-1,39.1,4-1,1-0,3-0,1,6,1
2019-20,2,"Clemson",14-1,32.7,1-1,1-0,1-0,1,4,2
2019-20,3,"LSU",15-0,32.6,4-0,4-0,0-0,3,8,3
2019-20,4,"Alabama",11-2,30.5,1-2,1-0,0-0,1,4,4
2019-20,5,"Wisconsin",10-4,24.4,1-3,2-0,2-0,3,17,5
2019-20,6,"Georgia",12-2,24.1,1-1,4-0,2-0,3,8,6
2019-20,7,"Penn St",11-2,22.9,1-1,2-1,2-0,4,15,7
2019-20,8,"Michigan",9-4,21.5,0-4,2-0,2-0,4,18,8
2019-20,9,"Auburn",9-4,21.2,2-2,1-2,0-0,8,12,9
2019-20,10,"Oregon",12-2,20.9,1-1,3-0,1-0,7,19,11
2019-20,11,"Florida",11-2,20.8,1-2,0-0,2-0,8,15,10
2019-20,12,"Notre Dame",11-2,20.4,0-2,2-0,1-0,8,16,14
2019-20,13,"Oklahoma",12-2,18.9,0-1,4-0,2-1,6,14,13
2019-20,14,"Utah",11-3,18.1,0-1,1-2,1-0,9,24,12
2019-20,15,"Iowa",10-3,16.1,0-3,3-0,1-0,14,23,15
2019-20,16,"Washington",8-5,14.7,0-1,1-1,2-0,12,28,18
2019-20,17,"UCF",10-3,13.9,0-0,0-1,0-0,10,26,16
2019-20,18,"Baylor",11-3,13.5,0-1,2-2,3-0,16,49,17
2019-20,19,"Texas",8-5,13.3,0-1,1-3,2-1,16,24,23
2019-20,20,"Texas A&M",8-5,13.1,0-5,0-0,1-0,10,21,19
2019-20,21,"Minnesota",11-2,13.1,2-1,0-1,1-0,18,66,21
2019-20,22,"Memphis",12-2,12.6,0-1,2-0,1-0,19,36,20
2019-20,23,"USC",8-5,9.8,0-1,1-3,0-0,17,26,22
2019-20,24,"Iowa St",7-6,9.8,0-0,1-4,1-2,19,66,24
2019-20,25,"Cincinnati",11-3,9.3,0-1,1-2,0-0,21,51,30
2019-20,26,"Navy",11-2,9.1,0-0,0-2,2-0,26,94,26
2019-20,27,"App State",13-1,9.0,0-0,0-0,3-0,25,57,25
2019-20,28,"Indiana",8-5,8.1,0-3,0-0,1-1,26,53,28
2019-20,29,"Michigan St",7-6,7.9,0-4,0-0,1-0,13,31,31
2019-20,30,"North Carolina",7-6,7.9,0-1,0-0,0-1,28,58,42
2019-20,31,"Oklahoma St",8-5,7.8,0-0,1-4,2-0,22,46,32
2019-20,32,"Washington St",6-7,7.6,0-1,0-2,0-1,15,32,29
2019-20,33,"Air Force",11-2,7.1,0-0,0-0,1-2,33,65,38
2019-20,34,"Boise St",12-2,7.1,0-0,0-1,1-0,26,39,27
2019-20,35,"Louisiana",11-3,6.9,0-0,0-0,0-2,25,93,33
2019-20,36,"TCU",5-7,6.8,0-0,1-3,0-2,25,41,34
2019-20,37,"Kansas St",8-5,6.7,0-0,2-2,1-2,32,75,35
2019-20,38,"Kentucky",8-5,6.6,0-1,0-1,1-0,36,55,39
2019-20,39,"Missouri",6-6,6.2,0-1,0-1,0-1,18,42,41
2019-20,40,"Nebraska",5-7,6.0,0-2,0-2,0-1,24,56,40
2019-20,41,"Florida Atlantic",11-3,6.0,0-1,0-1,0-0,40,85,47
2019-20,42,"Mississippi St",6-7,5.8,0-3,0-1,2-1,19,43,36
2019-20,43,"Virginia",9-5,5.8,0-1,0-2,1-0,27,45,45
2019-20,44,"South Carolina",4-8,5.5,1-2,0-2,1-3,25,46,44
2019-20,45,"Tennessee",8-5,5.4,0-2,0-1,3-0,30,74,46
2019-20,46,"SMU",10-3,4.8,0-0,0-1,1-1,30,76,37
2019-20,47,"Arizona St",8-5,4.2,1-0,0-2,2-0,42,72,49
2019-20,48,"Miami",6-7,4.0,0-0,0-1,0-1,19,49,43
2019-20,49,"Virginia Tech",8-5,3.9,0-0,0-1,1-1,31,90,48
2019-20,50,"Tulane",7-6,3.8,0-1,0-2,0-1,31,69,50
2019-20,51,"Mississippi",4-8,3.6,0-3,0-2,0-1,50,77,51
2019-20,52,"Florida St",6-7,2.5,0-1,0-1,0-1,36,55,52
2019-20,53,"California",8-5,2.2,0-1,1-2,1-0,51,77,53
2019-20,54,"Purdue",4-8,1.4,0-2,0-2,1-2,38,76,54
2019-20,55,"Wake Forest",8-5,1.0,0-1,0-0,1-1,47,67,55
2019-20,56,"Louisville",8-5,0.5,0-1,0-1,0-1,55,90,63
2019-20,57,"Texas Tech",4-8,0.2,0-0,0-4,1-2,53,71,57
2019-20,58,"Stanford",4-8,0.1,0-1,1-3,0-1,24,62,58
2019-20,59,"Oregon St",5-7,-0.3,0-1,0-2,0-2,58,104,62
2019-20,60,"Houston",4-8,-0.3,0-0,0-4,0-2,36,63,59
2019-20,61,"Illinois",6-7,-0.6,1-1,0-2,1-1,53,92,56
2019-20,62,"Pittsburgh",8-5,-0.7,0-1,1-0,1-0,42,68,60
2019-20,63,"BYU",7-6,-0.8,0-0,1-2,1-0,54,72,61
2019-20,64,"Northwestern",3-9,-1.1,0-2,0-2,0-3,32,74,66
2019-20,65,"UCLA",4-8,-1.2,0-0,0-4,1-0,39,75,65
2019-20,66,"Duke",5-7,-1.6,0-1,0-1,0-1,29,71,68
2019-20,67,"San Diego St",10-3,-1.6,0-0,0-0,0-0,67,94,75
2019-20,68,"Boston College",6-7,-2.2,0-1,0-2,0-0,45,86,64
2019-20,69,"Colorado",5-7,-2.3,0-1,1-2,1-2,52,77,69
2019-20,70,"Wyoming",8-5,-2.4,0-0,0-0,1-2,70,97,73
2019-20,71,"Syracuse",5-7,-2.4,0-1,0-0,0-0,27,83,70
2019-20,72,"Tulsa",4-8,-2.5,0-0,1-2,0-3,70,95,71
2019-20,73,"Buffalo",8-5,-3.2,0-1,0-0,0-0,73,105,77
2019-20,74,"W Michigan",7-6,-3.3,0-0,0-0,0-1,58,80,72
2019-20,75,"Hawai'i",10-5,-3.5,0-0,0-1,0-3,63,95,78
2019-20,76,"Temple",8-5,-3.5,0-0,1-2,0-1,44,78,67
2019-20,77,"Ohio",7-6,-3.7,0-0,0-0,0-1,73,93,74
2019-20,78,"Maryland",3-9,-4.1,0-3,0-1,0-3,16,82,76
2019-20,79,"Army",5-8,-4.1,0-1,0-0,0-2,49,82,80
2019-20,80,"West Virginia",5-7,-4.2,0-0,0-4,2-2,67,98,81
2019-20,81,"Arizona",4-8,-4.2,0-1,0-3,0-0,48,81,79
2019-20,82,"Louisiana Tech",10-3,-4.5,0-0,0-1,0-0,77,105,88
2019-20,83,"W Kentucky",9-4,-4.6,0-0,0-0,0-0,76,120,84
2019-20,84,"Utah St",7-6,-5.0,0-1,0-0,0-2,41,85,82
2019-20,85,"Georgia So",7-6,-5.4,0-1,0-1,1-1,82,107,83
2019-20,86,"Southern Miss",7-6,-5.5,0-1,0-0,0-0,73,86,85
2019-20,87,"Marshall",8-5,-5.6,0-0,0-2,0-1,61,90,86
2019-20,88,"Fresno St",4-8,-5.7,0-0,0-2,0-1,54,88,87
2019-20,89,"Ball St",5-7,-6.8,0-0,0-0,0-1,81,113,89
2019-20,90,"Arkansas St",8-5,-7.5,0-1,0-0,0-1,60,91,90
2019-20,91,"S Florida",4-8,-8.4,0-1,0-3,0-1,70,100,91
2019-20,92,"NC State",4-8,-8.5,0-1,0-0,0-1,34,93,93
2019-20,93,"Miami OH",8-6,-8.9,0-1,0-2,0-1,89,107,95
2019-20,94,"Arkansas",2-10,-9.1,0-3,0-1,0-2,72,102,94
2019-20,95,"Middle Tenn",4-8,-9.5,0-1,0-1,0-0,87,106,96
2019-20,96,"Vanderbilt",3-9,-9.7,0-2,0-1,1-1,60,107,98
2019-20,97,"Liberty",8-5,-10.0,0-0,0-0,0-1,96,118,99
2019-20,98,"Troy",5-7,-10.2,0-0,0-0,0-3,81,104,97
2019-20,99,"UAB",9-5,-10.4,0-0,0-0,0-1,91,108,100
2019-20,100,"C Michigan",8-6,-10.4,0-1,0-0,0-0,91,127,92
2019-20,101,"Kent St",7-6,-10.8,0-2,0-0,0-0,99,124,109
2019-20,102,"E Michigan",6-7,-10.8,0-0,0-0,0-1,90,113,102
2019-20,103,"San Jose St",5-7,-11.0,0-0,0-0,0-2,103,120,103
2019-20,104,"Kansas",3-9,-11.2,0-0,0-4,0-3,94,120,101
2019-20,105,"N Texas",4-8,-11.3,0-0,0-0,0-0,78,105,104
2019-20,106,"Florida Intl",6-7,-11.7,0-0,0-0,0-0,88,114,107
2019-20,107,"Georgia Tech",3-9,-11.7,0-2,0-0,0-1,75,109,105
2019-20,108,"Colorado St",4-8,-11.8,0-0,0-0,0-2,107,119,110
2019-20,109,"UL Monroe",5-7,-11.9,0-0,0-2,0-2,87,114,106
2019-20,110,"N Illinois",5-7,-12.0,0-0,0-1,0-1,86,110,108
2019-20,111,"Georgia St",7-6,-12.9,0-0,0-0,0-1,91,118,111
2019-20,112,"Charlotte",7-6,-12.9,0-1,0-0,0-1,105,117,112
2019-20,113,"Coastal Car",5-7,-13.4,0-0,0-0,0-2,97,123,113
2019-20,114,"Toledo",6-6,-13.7,0-0,0-0,0-1,70,115,114
2019-20,115,"E Carolina",4-8,-14.5,0-0,0-2,0-1,102,117,115
2019-20,116,"Rice",3-9,-16.0,0-0,0-2,0-0,116,128,117
2019-20,117,"UNLV",4-8,-16.1,0-0,0-0,0-1,101,119,116
2019-20,118,"Nevada",7-6,-16.4,0-1,0-0,0-0,84,123,119
2019-20,119,"Rutgers",2-10,-16.8,0-3,0-2,0-2,95,123,118
2019-20,120,"S Alabama",2-10,-18.6,0-0,0-1,0-3,111,123,120
2019-20,121,"Texas St",3-9,-19.1,0-0,0-1,0-2,109,121,121
2019-20,122,"New Mexico",2-10,-20.3,0-0,0-1,0-2,114,123,122
2019-20,123,"UTSA",4-8,-22.0,0-0,0-2,0-0,119,127,124
2019-20,124,"Old Dominion",1-11,-22.1,0-0,0-0,0-0,120,126,123
2019-20,125,"New Mexico St",2-10,-24.5,0-1,0-0,0-1,119,126,125
2019-20,126,"UConn",2-10,-25.3,0-0,0-2,0-2,123,128,126
2019-20,127,"UTEP",1-11,-29.0,0-0,0-0,0-0,127,129,127
2019-20,128,"Bowling Green",3-9,-29.5,0-0,0-1,0-1,111,128,128
2019-20,129,"Akron",0-12,-35.3,0-0,0-0,0-0,124,129,129
2019-20,130,"UMass",1-11,-42.3,0-0,0-0,0-0,130,130,130
2020-21,1,"Alabama",13-0,38.5,5-0,1-0,2-0,1,3,1
2020-21,2,"Clemson",10-2,28.8,1-2,1-0,3-0,1,3,2
2020-21,3,"Ohio St",7-1,28.6,1-1,3-0,0-0,1,3,3
2020-21,4,"Oklahoma",9-2,24.8,3-1,2-0,0-0,4,14,5
2020-21,5,"Georgia",8-2,22.4,0-2,2-0,0-0,3,8,4
2020-21,6,"Notre Dame",10-2,19.7,1-2,1-0,2-0,4,10,6
2020-21,7,"Texas A&M",9-1,18.8,1-1,2-0,1-0,7,26,8
2020-21,8,"Texas",7-3,18.1,0-2,1-1,1-0,6,19,12
2020-21,9,"Florida",8-4,18.0,1-3,0-0,1-1,5,12,7
2020-21,10,"Iowa St",9-3,17.9,2-1,2-1,1-1,9,33,13
2020-21,11,"BYU",11-1,17.8,0-0,0-0,2-1,5,46,10
2020-21,12,"Iowa",6-2,17.3,0-0,2-1,1-0,9,48,9
2020-21,13,"Wisconsin",4-3,16.9,0-0,0-3,2-0,4,14,14
2020-21,14,"Cincinnati",9-1,15.9,0-1,0-0,2-0,10,44,11
2020-21,15,"Indiana",6-2,14.1,0-1,2-0,0-1,14,37,15
2020-21,16,"Oklahoma St",8-3,14.1,1-2,1-1,2-0,5,25,19
2020-21,17,"Arizona St",2-2,13.5,0-0,0-1,0-1,17,48,17
2020-21,18,"North Carolina",8-4,13.1,0-2,1-0,2-0,11,26,16
2020-21,19,"Northwestern",7-2,12.8,0-1,3-0,0-0,13,61,24
2020-21,20,"USC",5-1,12.4,0-0,1-1,2-0,11,23,20
2020-21,21,"Auburn",6-5,12.2,0-3,0-1,2-0,7,23,18
2020-21,22,"Miami",8-3,12.0,0-1,0-2,3-0,8,23,21
2020-21,23,"Oregon",4-3,11.0,0-1,1-0,1-0,8,23,23
2020-21,24,"Penn St",4-5,10.6,0-1,0-2,0-0,6,37,25
2020-21,25,"TCU",6-4,10.6,1-2,1-0,0-1,18,43,26
2020-21,26,"UCF",6-4,10.1,0-0,0-2,0-1,8,26,22
2020-21,27,"LSU",5-5,8.8,1-2,0-1,1-0,5,32,27
2020-21,28,"Mississippi",5-5,8.4,0-2,1-1,0-1,26,47,31
2020-21,29,"Wake Forest",4-5,7.6,0-1,0-2,1-1,21,39,28
2020-21,30,"Coastal Car",11-1,7.4,0-0,1-0,1-0,26,64,29
2020-21,31,"Tulsa",6-3,6.6,0-0,0-2,1-0,19,40,30
2020-21,32,"UCLA",3-4,6.6,0-0,1-2,0-0,27,66,32
2020-21,33,"West Virginia",6-4,6.2,0-2,1-1,0-0,26,52,38
2020-21,34,"Virginia Tech",5-6,6.0,0-1,0-2,1-2,16,41,33
2020-21,35,"Louisiana",10-1,6.0,1-0,0-0,0-1,17,59,36
2020-21,36,"Utah",3-2,5.9,0-0,0-1,0-0,34,57,35
2020-21,37,"Pittsburgh",6-5,5.9,0-2,0-1,2-0,21,59,34
2020-21,38,"Louisville",4-7,5.4,0-1,0-1,1-2,23,63,37
2020-21,39,"Boise St",5-2,5.4,0-0,0-1,0-0,18,40,40
2020-21,40,"Minnesota",3-4,5.2,0-0,0-2,0-0,22,61,41
2020-21,41,"Kentucky",5-6,5.1,0-3,0-1,0-1,16,46,39
2020-21,42,"Buffalo",6-1,4.9,0-0,0-0,0-0,35,68,47
2020-21,43,"Michigan",2-4,4.7,0-0,0-3,1-0,7,45,43
2020-21,44,"App State",9-3,4.7,0-0,0-0,0-2,19,54,46
2020-21,45,"Virginia",5-5,4.4,0-1,1-1,1-2,21,54,42
2020-21,46,"Washington",3-1,4.4,0-0,0-0,1-0,27,48,44
2020-21,47,"Baylor",2-7,4.1,0-3,0-2,0-1,15,53,53
2020-21,48,"Nebraska",3-5,4.0,0-1,1-2,0-1,32,61,48
2020-21,49,"Mississippi St",4-7,3.2,0-3,0-1,2-1,18,68,54
2020-21,50,"Tennessee",3-7,3.0,0-4,0-1,0-0,14,56,52
2020-21,51,"Boston College",6-5,2.9,0-2,0-1,2-1,21,63,50
2020-21,52,"Stanford",4-2,2.8,0-0,0-1,1-0,48,64,51
2020-21,53,"Tulane",6-6,2.5,0-0,0-0,0-2,35,66,45
2020-21,54,"Arkansas",3-7,2.4,0-4,0-1,1-1,42,65,55
2020-21,55,"NC State",8-4,2.1,0-0,0-2,2-1,35,56,56
2020-21,56,"Missouri",5-5,2.1,0-3,0-0,1-0,39,59,57
2020-21,57,"Kansas St",4-6,2.0,1-2,1-1,0-1,26,64,60
2020-21,58,"California",1-3,1.4,0-0,1-0,0-1,36,71,58
2020-21,59,"Purdue",2-4,1.3,0-0,1-1,0-1,43,66,61
2020-21,60,"SMU",7-3,1.0,0-0,0-1,0-1,25,61,59
2020-21,61,"Air Force",3-3,0.6,0-0,0-0,0-1,28,75,62
2020-21,62,"Houston",3-5,0.5,0-0,0-2,0-1,23,63,49
2020-21,63,"Ball St",7-1,0.4,0-0,0-0,0-0,63,103,75
2020-21,64,"UAB",6-3,0.1,0-0,0-1,0-1,42,71,63
2020-21,65,"Liberty",10-1,0.0,0-0,0-0,2-0,57,94,69
2020-21,66,"Marshall",7-3,0.0,0-0,0-0,0-0,34,68,64
2020-21,67,"San Diego St",4-4,-0.1,0-0,0-1,0-0,47,72,67
2020-21,68,"Army",9-3,-0.7,0-0,0-1,0-1,27,75,70
2020-21,69,"Memphis",8-3,-1.0,0-0,0-1,1-0,21,71,68
2020-21,70,"Maryland",2-3,-1.3,0-0,1-2,1-0,68,104,72
2020-21,71,"San Jose St",7-1,-1.4,0-0,0-0,1-0,62,116,66
2020-21,72,"Rutgers",3-6,-1.6,0-1,0-2,0-0,69,96,73
2020-21,73,"Oregon St",2-5,-1.7,0-0,1-1,0-1,70,91,71
2020-21,74,"Colorado",4-2,-1.9,0-1,0-0,1-1,53,88,65
2020-21,75,"Texas Tech",4-6,-2.0,0-3,0-2,1-0,41,79,77
2020-21,76,"Washington St",1-3,-2.4,0-0,0-2,0-1,60,76,74
2020-21,77,"South Carolina",2-8,-2.5,0-3,1-0,0-2,22,78,76
2020-21,78,"Toledo",4-2,-3.4,0-0,0-0,0-0,75,91,79
2020-21,79,"Wyoming",2-4,-3.7,0-0,0-0,0-1,73,91,80
2020-21,80,"Michigan St",2-5,-3.8,0-1,1-3,0-0,64,89,78
2020-21,81,"Georgia So",8-5,-4.4,0-0,0-0,0-2,49,101,86
2020-21,82,"Nevada",7-2,-4.7,0-0,0-0,0-0,81,114,91
2020-21,83,"Illinois",2-6,-4.7,0-0,0-4,0-1,69,94,82
2020-21,84,"W Michigan",4-2,-4.8,0-0,0-0,0-0,62,92,84
2020-21,85,"Ohio",2-1,-5.2,0-0,0-0,0-0,70,85,83
2020-21,86,"Florida St",3-6,-5.3,0-1,1-1,0-2,28,91,81
2020-21,87,"Georgia St",6-4,-6.0,0-0,0-0,0-2,49,105,94
2020-21,88,"Miami OH",2-1,-6.1,0-0,0-0,0-0,83,104,89
2020-21,89,"C Michigan",3-3,-6.4,0-0,0-0,0-0,74,97,92
2020-21,90,"Troy",5-6,-6.5,0-0,0-1,0-1,46,100,90
2020-21,91,"E Carolina",3-6,-6.7,0-0,0-1,0-2,62,104,85
2020-21,92,"Rice",2-3,-6.9,0-0,0-0,0-0,61,113,88
2020-21,93,"Georgia Tech",3-7,-7.2,0-2,0-0,1-2,44,99,87
2020-21,94,"Syracuse",1-10,-7.6,0-2,0-1,0-3,44,95,93
2020-21,95,"Duke",2-9,-8.5,0-1,0-2,0-1,37,95,95
2020-21,96,"Hawai'i",5-4,-8.7,0-0,0-0,0-1,88,110,104
2020-21,97,"Navy",3-7,-9.1,0-0,0-1,0-1,24,98,96
2020-21,98,"UTSA",7-5,-9.2,0-0,0-1,0-1,64,107,97
2020-21,99,"Kent St",3-1,-9.5,0-0,0-0,0-0,88,110,99
2020-21,100,"Florida Atlantic",5-4,-10.2,0-0,0-0,0-0,55,101,98
2020-21,101,"Fresno St",3-3,-10.2,0-0,0-0,0-0,92,112,102
2020-21,102,"Colorado St",1-3,-10.8,0-0,0-0,0-1,78,106,103
2020-21,103,"Arkansas St",4-7,-10.8,0-0,0-0,0-2,50,106,101
2020-21,104,"W Kentucky",5-7,-11.5,0-0,0-1,0-1,48,109,100
2020-21,105,"E Michigan",2-4,-11.8,0-0,0-0,0-0,105,121,107
2020-21,106,"Arizona",0-5,-12.2,0-0,0-2,0-1,75,106,106
2020-21,107,"S Florida",1-8,-13.3,0-1,0-1,0-2,53,113,108
2020-21,108,"Louisiana Tech",5-5,-13.7,0-0,0-2,0-0,57,108,105
2020-21,109,"S Alabama",4-7,-14.1,0-0,0-0,0-2,61,113,109
2020-21,110,"Charlotte",2-4,-14.5,0-0,0-0,0-0,56,111,110
2020-21,111,"New Mexico",2-5,-14.6,0-0,0-0,0-0,109,120,114
2020-21,112,"Vanderbilt",0-9,-14.8,0-2,0-0,0-2,56,114,112
2020-21,113,"Texas St",2-10,-14.8,0-0,0-1,0-2,67,116,113
2020-21,114,"Temple",1-6,-15.3,0-0,0-0,0-1,50,114,111
2020-21,115,"N Illinois",0-6,-15.7,0-0,0-0,0-0,105,118,116
2020-21,116,"Southern Miss",3-7,-15.9,0-0,0-0,0-0,53,120,115
2020-21,117,"Kansas",0-9,-17.3,0-2,0-2,0-2,56,120,117
2020-21,118,"Middle Tenn",3-6,-18.6,0-0,0-0,0-0,69,122,118
2020-21,119,"N Texas",4-6,-19.6,0-0,0-0,0-0,62,121,119
2020-21,120,"Utah St",1-5,-19.7,0-0,0-0,0-1,98,121,121
2020-21,121,"Florida Intl",0-5,-20.2,0-0,0-0,0-0,68,121,120
2020-21,122,"UNLV",0-6,-22.6,0-0,0-0,0-0,118,122,122
2020-21,123,"UTEP",3-5,-25.1,0-1,0-0,0-0,76,123,123
2020-21,124,"UL Monroe",0-10,-28.6,0-0,0-0,0-1,70,126,124
2020-21,125,"Akron",1-5,-31.5,0-0,0-0,0-0,124,126,125
2020-21,126,"Bowling Green",0-5,-36.9,0-0,0-0,0-0,125,126,126
2020-21,127,"UMass",0-4,-37.5,0-0,0-0,0-0,127,127,127
2021-22,1,"Georgia",14-1,33.7,3-1,2-0,3-0,1,5,1
2021-22,2,"Ohio St",11-2,27.9,0-1,6-0,0-1,2,6,2
2021-22,3,"Alabama",13-2,27.7,2-1,3-1,5-0,1,3,3
2021-22,4,"Michigan",12-2,23.2,2-1,2-1,1-0,4,23,4
2021-22,5,"Notre Dame",11-2,18.7,1-2,1-0,0-0,5,25,5
2021-22,6,"Cincinnati",13-1,18.0,1-1,0-0,1-0,4,13,6
2021-22,7,"Oklahoma",11-2,17.3,0-1,2-1,3-0,3,9,8
2021-22,8,"Oklahoma St",12-2,17.1,2-0,1-2,3-0,7,62,9
2021-22,9,"Clemson",10-3,16.3,0-1,2-2,0-0,2,13,10
2021-22,10,"Wisconsin",9-4,16.0,0-2,2-2,2-0,5,30,7
2021-22,11,"Utah",10-4,15.4,0-1,0-0,4-0,11,54,11
2021-22,12,"Iowa St",7-6,15.1,1-2,0-1,2-1,7,31,15
2021-22,13,"Texas A&M",8-4,14.5,1-0,1-2,0-2,6,21,13
2021-22,14,"Baylor",12-2,13.8,2-1,2-0,2-0,14,70,19
2021-22,15,"Pittsburgh",11-3,13.7,1-0,1-1,1-1,9,43,12
2021-22,16,"Penn St",7-6,13.6,1-2,1-2,0-1,7,17,14
2021-22,17,"Mississippi",10-3,13.2,0-1,2-2,3-0,7,27,16
2021-22,18,"Arkansas",9-4,12.0,0-2,2-2,3-0,14,39,21
2021-22,19,"NC State",9-3,11.9,1-0,0-1,0-2,17,48,18
2021-22,20,"Auburn",6-7,11.9,0-2,2-2,1-2,7,21,17
2021-22,21,"Wake Forest",11-3,11.4,0-1,1-1,0-0,17,45,22
2021-22,22,"Purdue",9-4,11.1,0-3,2-1,2-0,20,58,20
2021-22,23,"Nebraska",3-9,10.7,0-4,0-3,0-1,17,53,23
2021-22,24,"Minnesota",9-4,10.6,1-1,2-0,0-1,22,59,26
2021-22,25,"Michigan St",11-2,10.5,1-1,3-1,1-0,19,65,28
2021-22,26,"Iowa",10-4,10.2,0-2,4-1,0-1,6,26,24
2021-22,27,"UCLA",8-4,9.9,0-0,0-1,1-2,16,42,25
2021-22,28,"Texas",5-7,9.8,0-2,0-3,1-0,8,32,32
2021-22,29,"Tennessee",7-6,9.8,0-2,0-3,1-1,22,74,27
2021-22,30,"Kentucky",10-3,9.0,0-1,0-0,3-2,30,70,33
2021-22,31,"Oregon",10-4,8.4,1-1,0-2,1-0,9,33,29
2021-22,32,"Miami",7-5,8.4,0-1,2-1,1-0,13,46,30
2021-22,33,"Kansas St",8-5,8.3,0-2,0-2,1-1,33,65,42
2021-22,34,"Houston",12-2,8.0,0-1,1-0,0-0,34,76,40
2021-22,35,"Florida",6-7,7.9,0-2,0-0,1-2,7,37,31
2021-22,36,"Boise St",7-5,7.7,0-1,0-0,0-0,29,44,38
2021-22,37,"Arizona St",8-5,7.1,0-1,0-1,1-0,22,55,39
2021-22,38,"LSU",6-7,7.0,0-1,1-3,2-3,10,38,35
2021-22,39,"App State",10-4,6.7,0-0,0-0,0-1,30,51,36
2021-22,40,"Mississippi St",7-6,6.4,0-1,3-2,1-1,31,60,34
2021-22,41,"BYU",10-3,6.1,0-0,1-1,1-1,41,59,41
2021-22,42,"North Carolina",6-7,5.9,0-1,1-2,1-0,10,42,37
2021-22,43,"Louisville",6-7,5.6,0-1,0-3,0-1,30,73,43
2021-22,44,"Louisiana",13-1,5.1,0-0,0-0,2-1,25,77,49
2021-22,45,"West Virginia",6-7,4.9,0-2,1-2,1-1,18,48,46
2021-22,46,"SMU",8-4,4.8,0-1,0-0,0-1,40,72,45
2021-22,47,"W Kentucky",9-5,4.8,0-0,0-1,1-0,44,107,53
2021-22,48,"Coastal Car",11-2,4.1,0-0,0-0,0-1,24,53,47
2021-22,49,"Virginia",6-6,3.7,0-1,0-2,1-0,26,55,48
2021-22,50,"Liberty",8-5,3.7,0-0,0-1,0-0,27,60,60
2021-22,51,"Oregon St",7-6,3.7,0-0,1-1,1-1,43,75,44
2021-22,52,"UCF",9-4,3.4,0-1,0-0,2-0,18,58,57
2021-22,53,"Florida St",5-7,3.2,0-2,0-2,1-1,49,89,50
2021-22,54,"Army",9-4,2.8,0-1,0-1,0-0,43,76,54
2021-22,55,"Washington St",7-6,2.7,0-0,0-1,1-1,52,96,52
2021-22,56,"Air Force",10-3,2.6,0-0,0-0,1-0,55,94,59
2021-22,57,"Texas Tech",7-6,2.2,0-2,1-1,2-2,50,78,72
2021-22,58,"Maryland",7-6,2.2,0-2,0-3,0-1,20,79,71
2021-22,59,"Fresno St",10-3,1.9,0-0,0-0,1-2,41,93,56
2021-22,60,"Nevada",8-5,1.5,0-0,0-0,1-1,51,74,51
2021-22,61,"UTSA",12-2,1.5,0-0,0-0,0-0,49,92,58
2021-22,62,"UAB",9-4,1.3,0-1,0-0,0-0,54,77,67
2021-22,63,"USC",4-8,1.2,0-1,0-1,0-2,17,64,61
2021-22,64,"Illinois",5-7,1.0,0-1,3-1,0-1,61,87,63
2021-22,65,"South Carolina",7-6,0.8,0-2,1-1,1-2,64,88,73
2021-22,66,"Marshall",7-6,0.7,0-0,0-0,0-1,44,79,62
2021-22,67,"Washington",4-8,0.6,0-1,0-0,0-3,23,71,64
2021-22,68,"California",5-7,0.5,0-0,0-0,0-2,50,82,65
2021-22,69,"TCU",5-7,0.2,0-2,1-1,0-2,19,73,70
2021-22,70,"E Carolina",7-5,-0.2,0-1,0-0,0-2,65,88,68
2021-22,71,"Toledo",7-6,-0.3,0-1,0-0,0-0,51,79,66
2021-22,72,"Virginia Tech",6-7,-0.6,0-1,0-1,0-1,25,72,55
2021-22,73,"Boston College",6-6,-0.8,0-1,0-2,0-0,33,73,69
2021-22,74,"San Diego St",12-2,-1.2,0-0,1-0,1-0,67,98,77
2021-22,75,"Tulsa",7-6,-1.2,0-3,0-0,0-1,56,94,75
2021-22,76,"Missouri",6-7,-1.4,0-1,0-2,1-2,42,83,76
2021-22,77,"Syracuse",5-7,-1.7,0-1,0-3,0-0,59,106,74
2021-22,78,"Memphis",6-6,-2.6,0-0,0-0,1-1,51,81,79
2021-22,79,"W Michigan",8-5,-2.7,0-1,1-0,0-0,64,93,85
2021-22,80,"C Michigan",9-4,-2.8,0-0,0-0,0-1,75,98,80
2021-22,81,"Utah St",11-3,-3.1,0-0,0-0,0-1,80,121,84
2021-22,82,"Rutgers",5-8,-3.2,0-3,0-3,0-0,35,92,78
2021-22,83,"Tulane",2-10,-4.0,0-2,0-1,0-1,29,90,82
2021-22,84,"Indiana",2-10,-4.2,0-3,0-4,0-1,19,84,83
2021-22,85,"Colorado",4-8,-4.4,0-0,0-3,0-3,58,90,81
2021-22,86,"Miami OH",7-6,-4.6,0-1,0-1,0-0,83,101,87
2021-22,87,"Georgia St",8-5,-4.6,0-0,0-1,0-1,85,112,89
2021-22,88,"Georgia Tech",3-9,-5.0,0-3,0-1,0-1,47,88,86
2021-22,89,"Stanford",3-9,-5.7,0-1,0-1,1-3,53,89,88
2021-22,90,"Navy",4-8,-6.2,0-2,0-0,0-1,89,121,90
2021-22,91,"Middle Tenn",7-6,-7.3,0-0,0-0,0-0,91,113,95
2021-22,92,"Wyoming",7-6,-7.4,0-0,0-0,0-1,78,100,94
2021-22,93,"Northwestern",3-9,-7.6,0-2,0-4,0-1,52,93,91
2021-22,94,"Florida Atlantic",5-7,-8.9,0-0,0-0,0-1,73,97,96
2021-22,95,"N Illinois",9-5,-9.0,0-1,0-0,0-0,94,114,97
2021-22,96,"E Michigan",7-6,-9.4,0-1,0-0,0-0,85,98,93
2021-22,97,"Ball St",6-7,-9.5,0-0,0-1,0-0,69,107,92
2021-22,98,"N Texas",6-7,-10.4,0-0,0-0,0-0,98,117,98
2021-22,99,"Troy",5-7,-10.5,0-0,0-0,0-1,62,101,100
2021-22,100,"Colorado St",3-9,-10.6,0-0,0-0,0-2,87,121,99
2021-22,101,"S Florida",2-10,-10.9,0-1,0-1,0-2,98,113,102
2021-22,102,"Buffalo",4-8,-11.0,0-0,0-1,0-0,59,104,103
2021-22,103,"Kent St",7-7,-11.2,0-0,0-1,0-1,90,105,101
2021-22,104,"Hawai'i",6-7,-11.2,0-0,0-0,0-1,101,110,104
2021-22,105,"Old Dominion",6-7,-11.3,0-0,0-1,0-0,103,123,105
2021-22,106,"Arizona",1-11,-12.0,0-0,0-1,0-3,92,113,106
2021-22,107,"S Alabama",5-7,-12.5,0-0,0-0,0-2,96,116,107
2021-22,108,"San Jose St",5-7,-13.0,0-0,0-0,0-0,76,108,108
2021-22,109,"Louisiana Tech",3-9,-13.5,0-0,0-1,0-1,92,111,109
2021-22,110,"UTEP",7-6,-13.9,0-0,0-0,0-1,109,123,110
2021-22,111,"Ohio",3-9,-15.4,0-0,0-0,0-0,83,120,111
2021-22,112,"Georgia So",3-9,-15.5,0-0,0-1,0-1,95,115,112
2021-22,113,"Charlotte",5-7,-17.7,0-0,0-0,0-0,101,118,116
2021-22,114,"Kansas",2-10,-17.8,0-2,0-2,1-1,114,127,117
2021-22,115,"UNLV",2-10,-17.8,0-0,0-1,0-1,114,127,114
2021-22,116,"Duke",3-9,-17.9,0-0,0-2,0-1,92,116,113
2021-22,117,"Vanderbilt",2-10,-18.0,0-1,0-1,0-4,106,122,115
2021-22,118,"Southern Miss",3-9,-18.6,0-1,0-0,0-0,102,124,118
2021-22,119,"Rice",4-8,-18.6,0-0,0-1,0-2,97,123,120
2021-22,120,"Arkansas St",2-10,-18.8,0-0,0-0,0-1,98,120,119
2021-22,121,"Texas St",4-8,-18.9,0-0,0-1,0-0,100,122,121
2021-22,122,"UL Monroe",4-8,-19.0,0-0,0-0,0-3,121,127,122
2021-22,123,"Bowling Green",4-8,-20.7,0-0,1-0,0-1,115,128,123
2021-22,124,"New Mexico",3-9,-22.3,0-0,0-1,0-1,117,124,124
2021-22,125,"Temple",3-9,-24.7,0-1,0-0,0-1,111,125,125
2021-22,126,"Akron",2-10,-27.3,0-1,0-1,0-0,124,128,126
2021-22,127,"New Mexico St",2-10,-27.4,0-1,0-0,0-1,126,130,127
2021-22,128,"Florida Intl",1-11,-28.0,0-0,0-0,0-0,108,128,128
2021-22,129,"UConn",1-11,-28.9,0-1,0-1,0-1,124,130,129
2021-22,130,"UMass",1-11,-34.0,0-0,0-1,0-0,127,130,130
2022-23,1,"Georgia",15-0,33.5,3-0,3-0,2-0,1,3,1
2022-23,2,"Ohio St",11-2,29.8,1-2,1-0,3-0,1,3,2
2022-23,3,"Alabama",11-2,29.6,2-2,2-0,2-0,1,3,3
2022-23,4,"Tennessee",11-2,26.2,2-1,1-0,2-1,4,14,5
2022-23,5,"Michigan",13-1,25.5,2-0,1-1,2-0,4,6,4
2022-23,6,"Penn St",11-2,21.6,1-2,1-0,1-0,6,18,7
2022-23,7,"Texas",8-5,20.5,1-1,1-3,1-1,4,14,6
2022-23,8,"Utah",10-4,18.8,0-1,3-1,0-2,5,17,9
2022-23,9,"LSU",10-4,18.7,1-2,2-1,2-1,9,29,13
2022-23,10,"Kansas St",10-4,18.2,0-2,3-1,2-1,7,35,8
2022-23,11,"TCU",13-2,17.2,3-2,2-0,2-0,8,38,10
2022-23,12,"Florida St",10-3,16.6,1-0,2-1,1-2,11,40,12
2022-23,13,"Clemson",11-3,16.6,0-1,2-1,2-1,4,14,11
2022-23,14,"USC",11-3,14.8,0-2,2-0,1-1,4,14,14
2022-23,15,"Mississippi St",9-4,14.8,0-3,2-0,2-0,11,21,16
2022-23,16,"Oregon",10-3,14.2,1-1,0-2,1-0,12,46,15
2022-23,17,"Notre Dame",9-4,13.4,0-1,1-1,1-0,6,27,17
2022-23,18,"Minnesota",9-4,12.5,0-1,0-1,1-1,10,36,20
2022-23,19,"Washington",11-2,12.5,1-0,2-0,0-1,18,48,23
2022-23,20,"Oregon St",10-3,12.3,0-1,1-2,1-0,19,54,25
2022-23,21,"Mississippi",8-5,12.1,0-2,0-2,1-1,10,24,19
2022-23,22,"Louisville",8-5,11.8,0-0,0-2,4-0,21,64,24
2022-23,23,"Oklahoma",6-7,11.8,0-2,0-3,1-1,5,31,21
2022-23,24,"Illinois",8-5,11.1,0-1,1-1,2-0,22,69,22
2022-23,25,"Texas Tech",8-5,11.1,1-1,2-1,0-3,18,46,26
2022-23,26,"Baylor",6-7,10.8,0-2,2-1,0-1,10,26,18
2022-23,27,"Tulane",12-2,10.5,1-0,1-0,1-1,26,74,27
2022-23,28,"Wisconsin",7-6,10.0,0-1,0-2,2-1,11,40,29
2022-23,29,"UCLA",9-4,8.9,1-0,1-2,0-1,23,44,31
2022-23,30,"Iowa",8-5,8.9,0-2,1-1,1-0,25,59,40
2022-23,31,"Florida",6-7,8.7,1-3,0-2,2-0,24,47,28
2022-23,32,"Arkansas",7-6,8.7,0-2,1-1,1-1,20,46,33
2022-23,33,"Wake Forest",8-5,8.5,0-0,1-2,0-1,21,50,36
2022-23,34,"Maryland",8-5,8.5,0-3,0-0,1-1,25,52,34
2022-23,35,"Pittsburgh",9-4,8.4,0-1,0-1,1-0,25,53,38
2022-23,36,"Oklahoma St",7-6,8.3,1-1,1-2,1-1,8,36,30
2022-23,37,"UCF",9-5,8.0,0-0,0-1,1-1,14,48,32
2022-23,38,"NC State",8-5,7.9,0-0,2-2,1-1,16,39,39
2022-23,39,"South Carolina",8-5,7.9,1-1,1-1,1-2,31,58,37
2022-23,40,"Texas A&M",5-7,7.9,1-1,0-2,1-2,7,47,43
2022-23,41,"Kentucky",7-6,7.0,0-2,2-1,1-2,17,49,35
2022-23,42,"Iowa St",4-8,6.9,0-2,0-3,1-2,26,44,41
2022-23,43,"Cincinnati",9-4,6.7,0-0,0-1,0-3,23,44,44
2022-23,44,"North Carolina",9-5,5.8,0-0,0-3,2-1,36,54,52
2022-23,45,"Auburn",5-7,5.8,0-4,0-2,1-1,27,64,51
2022-23,46,"Syracuse",7-6,5.7,0-0,1-4,1-2,20,65,46
2022-23,47,"Michigan St",5-7,5.6,0-3,1-2,1-1,14,52,47
2022-23,48,"J Madison",8-3,5.3,0-0,0-1,0-0,34,96,49
2022-23,49,"Kansas",6-7,5.0,0-2,0-3,1-2,33,97,48
2022-23,50,"Memphis",7-6,4.9,0-0,0-1,0-2,50,76,55
2022-23,51,"Purdue",8-6,4.8,0-3,2-0,1-2,24,52,42
2022-23,52,"West Virginia",5-7,4.8,0-2,1-2,2-1,31,62,50
2022-23,53,"Washington St",7-6,4.5,0-1,0-4,1-0,41,87,45
2022-23,54,"Duke",9-4,4.3,0-0,0-0,2-1,54,116,59
2022-23,55,"Houston",8-5,4.2,0-0,0-1,0-1,33,62,54
2022-23,56,"SMU",7-6,4.1,0-0,0-1,0-3,23,56,53
2022-23,57,"Fresno St",10-4,3.8,0-0,0-2,0-0,55,88,61
2022-23,58,"Missouri",6-7,3.5,0-3,0-0,2-2,53,76,57
2022-23,59,"UTSA",11-3,3.4,0-1,0-0,0-0,54,71,56
2022-23,60,"Air Force",10-3,3.1,0-0,0-0,1-0,50,73,65
2022-23,61,"Boise St",10-4,3.0,0-0,0-1,0-0,46,82,58
2022-23,62,"W Kentucky",9-5,2.9,0-0,0-0,0-0,56,100,63
2022-23,63,"BYU",8-5,2.4,0-0,0-2,1-1,15,64,60
2022-23,64,"E Carolina",8-5,2.4,0-0,0-0,1-2,47,72,66
2022-23,65,"App State",6-6,1.8,0-0,0-0,1-0,47,66,62
2022-23,66,"Troy",12-2,1.7,0-0,0-1,0-0,63,94,67
2022-23,67,"Marshall",9-4,1.2,0-0,1-0,0-0,42,73,64
2022-23,68,"Nebraska",4-8,-0.4,0-1,0-3,1-1,34,84,69
2022-23,69,"UAB",7-6,-0.6,0-1,0-0,0-0,42,70,70
2022-23,70,"S Alabama",10-3,-0.9,0-0,0-0,0-1,61,110,68
2022-23,71,"Miami",5-7,-1.2,0-0,0-2,0-2,11,71,71
2022-23,72,"Navy",4-8,-2.6,0-0,0-1,1-0,72,118,73
2022-23,73,"Louisiana",6-7,-2.7,0-0,0-1,0-0,68,92,72
2022-23,74,"California",4-8,-2.9,0-0,0-5,0-1,67,85,74
2022-23,75,"Army",6-6,-3.0,0-0,0-0,0-1,65,100,76
2022-23,76,"Toledo",9-5,-3.0,0-1,0-0,0-0,56,82,77
2022-23,77,"Arizona St",3-9,-3.1,0-1,1-2,0-2,55,83,75
2022-23,78,"Indiana",4-8,-3.6,0-3,1-0,0-1,76,86,78
2022-23,79,"Arizona",5-7,-3.7,0-1,0-4,1-0,74,101,79
2022-23,80,"Stanford",3-9,-4.3,0-1,1-4,0-1,62,81,80
2022-23,81,"Georgia St",4-8,-4.3,0-0,0-0,0-1,74,105,81
2022-23,82,"Liberty",8-5,-4.6,0-0,0-0,1-1,61,86,82
2022-23,83,"Virginia",3-7,-4.7,0-0,0-2,0-1,54,87,83
2022-23,84,"Ohio",10-4,-5.2,0-1,0-0,0-0,82,113,85
2022-23,85,"Georgia Tech",5-7,-5.3,0-1,0-3,1-1,85,107,88
2022-23,86,"Tulsa",5-7,-5.3,0-0,0-1,0-1,69,96,86
2022-23,87,"N Texas",7-7,-5.3,0-0,0-0,0-0,80,112,89
2022-23,88,"Georgia So",6-7,-5.5,0-0,0-0,0-0,75,108,84
2022-23,89,"Virginia Tech",3-8,-6.0,0-0,0-0,0-2,63,93,92
2022-23,90,"Kent St",5-7,-6.1,0-1,0-2,0-0,76,108,95
2022-23,91,"San Diego St",7-6,-6.2,0-1,0-0,0-0,76,109,91
2022-23,92,"Vanderbilt",5-7,-6.2,0-3,0-1,1-2,78,113,93
2022-23,93,"Coastal Car",9-4,-6.5,0-0,0-0,0-0,65,94,87
2022-23,94,"Florida Atlantic",5-7,-6.6,0-0,0-0,0-1,82,99,94
2022-23,95,"Southern Miss",7-6,-6.8,0-0,0-0,1-0,78,106,96
2022-23,96,"San Jose St",7-5,-7.0,0-0,0-0,0-0,67,114,90
2022-23,97,"Rutgers",4-8,-7.0,0-3,0-1,0-2,57,97,97
2022-23,98,"Northwestern",1-11,-7.3,0-2,0-2,0-3,72,108,98
2022-23,99,"Buffalo",7-6,-8.3,0-0,0-0,0-1,87,118,100
2022-23,100,"Boston College",3-9,-8.5,0-0,1-3,1-1,56,105,99
2022-23,101,"Middle Tenn",8-5,-9.0,0-0,0-0,0-0,86,118,101
2022-23,102,"Old Dominion",3-9,-9.7,0-0,0-0,0-0,83,104,102
2022-23,103,"E Michigan",9-4,-9.7,0-0,0-0,0-0,101,120,107
2022-23,104,"C Michigan",4-8,-9.8,0-1,0-0,0-1,73,104,103
2022-23,105,"Miami OH",6-7,-10.0,0-0,0-0,0-0,90,109,104
2022-23,106,"Wyoming",7-6,-10.4,0-0,0-1,0-0,99,117,105
2022-23,107,"S Florida",1-11,-10.9,0-0,0-1,0-3,88,110,106
2022-23,108,"Ball St",5-7,-11.8,0-1,0-0,0-0,106,120,108
2022-23,109,"UNLV",5-7,-11.9,0-0,0-1,0-0,87,119,109
2022-23,110,"W Michigan",5-7,-12.4,0-0,0-0,0-1,91,118,110
2022-23,111,"N Illinois",3-9,-12.6,0-0,0-0,0-0,80,113,113
2022-23,112,"UTEP",5-7,-12.7,0-0,0-1,0-0,111,124,112
2022-23,113,"Temple",3-9,-12.9,0-0,0-0,0-1,113,126,115
2022-23,114,"Arkansas St",3-9,-13.0,0-1,0-0,0-0,89,120,114
2022-23,115,"Utah St",6-7,-13.1,0-1,0-0,0-0,83,121,111
2022-23,116,"Texas St",4-8,-14.0,0-0,0-0,0-1,110,124,116
2022-23,117,"Bowling Green",6-7,-15.0,0-0,0-1,0-1,109,121,117
2022-23,118,"UL Monroe",4-8,-15.1,0-2,0-0,0-0,114,124,118
2022-23,119,"UConn",6-7,-15.2,0-1,0-0,0-1,117,128,120
2022-23,120,"Rice",5-8,-15.6,0-0,0-1,0-0,99,124,119
2022-23,121,"New Mexico St",7-6,-15.7,0-0,0-1,0-1,121,130,121
2022-23,122,"Louisiana Tech",3-9,-16.7,0-0,0-1,0-0,110,122,122
2022-23,123,"Colorado",1-11,-17.7,0-1,0-6,0-1,87,123,123
2022-23,124,"Akron",2-10,-18.4,0-1,0-0,0-0,123,127,125
2022-23,125,"Colorado St",3-9,-18.7,0-1,0-0,0-0,103,126,124
2022-23,126,"Nevada",2-10,-19.3,0-0,0-0,0-1,106,126,126
2022-23,127,"New Mexico",2-10,-20.9,0-1,0-0,0-0,111,128,128
2022-23,128,"Charlotte",3-9,-21.3,0-0,0-0,0-2,115,128,127
2022-23,129,"Hawai'i",3-10,-22.3,0-1,0-0,0-0,125,131,129
2022-23,130,"UMass",1-11,-26.5,0-0,0-0,0-2,128,131,130
2022-23,131,"Florida Intl",4-8,-29.2,0-0,0-0,0-0,128,131,131
2023-24,1,"Michigan",15-0,30.3,3-0,1-0,1-0,1,13,1
2023-24,2,"Georgia",13-1,29.7,0-1,4-0,3-0,1,10,5
2023-24,3,"Oregon",12-2,27.1,0-0,3-2,1-0,3,15,3
2023-24,4,"Ohio St",11-2,25.9,2-1,0-1,2-0,2,12,2
2023-24,5,"Penn St",10-3,24.6,0-2,0-1,1-0,2,11,4
2023-24,6,"Alabama",12-2,24.3,2-2,3-0,2-0,1,11,7
2023-24,7,"Texas",12-2,23.9,1-1,2-1,3-0,3,12,6
2023-24,8,"Notre Dame",10-3,23.6,0-1,2-2,2-0,8,15,11
2023-24,9,"LSU",10-3,22.8,0-1,2-2,3-0,4,16,8
2023-24,10,"Oklahoma",10-3,21.6,1-0,1-2,2-0,1,17,9
2023-24,11,"Kansas St",9-4,19.5,0-1,1-1,4-1,11,25,12
2023-24,12,"Florida St",13-1,19.2,1-1,2-0,3-0,1,15,10
2023-24,13,"Washington",14-1,19.1,3-1,4-0,0-0,3,14,13
2023-24,14,"Missouri",11-2,17.5,1-2,2-0,2-0,14,51,16
2023-24,15,"Mississippi",11-2,17.3,2-2,1-0,1-0,11,18,15
2023-24,16,"Tennessee",9-4,16.9,0-2,1-1,1-1,9,21,17
2023-24,17,"Texas A&M",7-6,15.2,0-2,0-2,1-1,12,17,14
2023-24,18,"USC",8-5,14.0,0-2,2-2,0-1,4,21,21
2023-24,19,"Clemson",9-4,13.9,1-0,0-1,2-3,7,21,18
2023-24,20,"Arizona",10-3,12.8,1-0,2-2,1-0,20,75,23
2023-24,21,"SMU",11-3,12.6,0-1,0-0,0-1,17,51,19
2023-24,22,"Oregon St",8-5,12.5,0-2,1-2,1-0,17,30,20
2023-24,23,"Louisville",10-4,11.7,1-0,0-2,3-1,18,43,22
2023-24,24,"Kansas",9-4,9.8,1-1,0-1,1-1,24,55,27
2023-24,25,"Utah",8-5,9.6,0-1,1-3,2-0,16,29,25
2023-24,26,"Miami",7-6,9.5,0-0,2-2,0-2,16,41,24
2023-24,27,"Duke",8-5,9.4,0-1,1-2,2-1,19,49,29
2023-24,28,"Maryland",8-5,9.3,0-3,0-0,1-0,25,47,32
2023-24,29,"TCU",5-7,8.9,0-2,1-1,0-2,21,40,30
2023-24,30,"Auburn",6-7,8.4,0-3,0-2,0-1,18,36,28
2023-24,31,"North Carolina",8-5,8.1,0-0,0-1,2-1,16,33,26
2023-24,32,"UCLA",8-5,8.1,0-0,1-3,0-0,18,37,37
2023-24,33,"Kentucky",7-6,7.9,0-2,1-3,1-0,23,49,39
2023-24,34,"NC State",9-4,7.7,0-1,1-2,2-1,33,62,35
2023-24,35,"Florida",5-7,7.6,0-2,1-3,0-1,28,39,38
2023-24,36,"Troy",11-3,7.3,0-0,0-1,0-2,35,81,36
2023-24,37,"Iowa St",7-6,7.3,0-2,1-1,1-0,30,74,31
2023-24,38,"Texas Tech",7-6,7.1,0-2,1-1,1-0,22,43,42
2023-24,39,"J Madison",11-2,7.0,0-0,0-0,1-0,33,70,33
2023-24,40,"Wisconsin",7-6,6.9,0-2,0-0,0-0,19,45,41
2023-24,41,"West Virginia",9-4,6.8,0-2,0-0,3-0,36,58,44
2023-24,42,"UCF",6-7,6.6,0-1,0-2,0-1,22,53,34
2023-24,43,"South Carolina",5-7,6.4,0-1,0-4,1-2,31,52,43
2023-24,44,"Oklahoma St",10-4,5.7,1-1,3-0,0-1,33,91,48
2023-24,45,"Iowa",10-4,5.2,0-2,0-1,2-0,25,45,40
2023-24,46,"Washington St",5-7,5.0,0-1,1-2,1-1,29,63,46
2023-24,47,"Memphis",10-3,4.8,0-0,0-2,1-0,41,53,51
2023-24,48,"Virginia Tech",7-6,4.8,0-0,0-2,0-1,47,91,50
2023-24,49,"Rutgers",7-6,4.2,0-3,0-0,1-2,41,86,53
2023-24,50,"Boise St",8-6,4.2,0-0,0-1,0-1,44,75,47
2023-24,51,"Liberty",13-1,4.0,0-1,0-0,0-0,44,76,45
2023-24,52,"S Alabama",7-6,4.0,0-0,0-0,0-2,38,82,57
2023-24,53,"Georgia Tech",7-6,3.2,0-1,0-3,2-0,53,89,55
2023-24,54,"Tulane",11-3,3.1,0-0,0-2,0-0,25,54,49
2023-24,55,"UTSA",9-4,2.9,0-0,0-1,0-0,43,76,56
2023-24,56,"California",6-7,2.3,0-1,0-4,1-2,32,64,52
2023-24,57,"Arkansas",4-8,2.3,0-2,0-3,1-1,27,57,54
2023-24,58,"Air Force",9-4,1.8,0-0,0-0,1-0,31,62,61
2023-24,59,"Nebraska",5-7,1.1,0-1,0-0,0-2,49,76,60
2023-24,60,"Toledo",11-3,0.9,0-0,0-0,0-0,31,61,58
2023-24,61,"Mississippi St",5-7,0.9,0-2,1-2,0-2,31,64,62
2023-24,62,"San Jose St",7-6,0.4,0-0,0-2,0-0,54,90,59
2023-24,63,"Northwestern",8-5,-0.1,0-1,1-0,2-1,63,114,70
2023-24,64,"Illinois",5-7,-0.2,0-1,0-1,1-1,40,80,64
2023-24,65,"App State",9-5,-0.7,0-0,0-0,1-2,65,94,66
2023-24,66,"Minnesota",6-7,-0.9,0-2,0-0,0-2,33,67,65
2023-24,67,"Purdue",4-8,-1.1,0-2,0-0,0-1,54,75,67
2023-24,68,"UNLV",9-5,-1.2,0-1,0-1,0-0,61,106,69
2023-24,69,"Miami OH",11-3,-1.6,0-0,0-0,0-1,68,107,68
2023-24,70,"BYU",5-7,-1.8,0-2,0-1,1-2,47,79,72
2023-24,71,"Fresno St",9-4,-1.8,0-0,0-0,0-0,46,80,76
2023-24,72,"Pittsburgh",3-9,-2.1,0-1,1-1,0-2,33,73,71
2023-24,73,"Colorado",4-8,-2.1,0-1,0-4,1-1,55,99,73
2023-24,74,"Coastal Car",8-5,-2.2,0-0,0-0,0-2,48,80,78
2023-24,75,"Wyoming",9-4,-2.5,0-1,0-0,1-0,73,93,75
2023-24,76,"Wake Forest",4-8,-2.7,0-1,0-2,0-2,48,79,74
2023-24,77,"Ohio",10-3,-3.1,0-0,0-0,1-0,64,89,83
2023-24,78,"Houston",4-8,-3.2,0-1,0-1,0-2,59,80,77
2023-24,79,"Syracuse",6-7,-3.3,0-0,0-2,0-1,22,79,63
2023-24,80,"Jacksonville St",9-4,-3.6,0-0,0-0,0-0,78,125,79
2023-24,81,"Indiana",3-9,-3.8,0-3,0-1,1-1,71,99,80
2023-24,82,"Boston College",7-6,-3.9,0-0,1-2,0-1,76,107,87
2023-24,83,"Baylor",3-9,-3.9,0-1,0-2,0-3,29,84,82
2023-24,84,"Cincinnati",3-9,-4.3,0-1,0-1,0-1,35,85,85
2023-24,85,"W Kentucky",8-5,-4.4,0-1,0-0,0-1,61,86,84
2023-24,86,"Louisiana",6-7,-5.0,0-0,0-0,0-1,76,96,89
2023-24,87,"Michigan St",4-8,-5.4,0-3,0-1,0-1,48,89,88
2023-24,88,"Rice",6-7,-5.5,0-1,0-1,0-0,79,108,81
2023-24,89,"Bowling Green",7-6,-5.6,0-1,0-0,0-0,87,119,90
2023-24,90,"Florida Atlantic",4-8,-6.3,0-0,0-1,0-0,67,95,91
2023-24,91,"Texas St",8-5,-6.3,0-0,0-0,0-1,82,122,100
2023-24,92,"Virginia",3-9,-6.3,0-0,0-2,2-4,86,113,92
2023-24,93,"New Mexico St",10-5,-6.5,0-0,0-0,1-0,86,130,86
2023-24,94,"Army",6-6,-7.2,0-1,0-0,0-1,62,106,94
2023-24,95,"Arizona St",3-9,-7.3,0-1,0-4,1-0,74,118,95
2023-24,96,"S Florida",7-6,-7.3,0-1,0-0,0-0,87,115,109
2023-24,97,"Vanderbilt",2-10,-7.4,0-1,0-3,0-3,78,101,99
2023-24,98,"Georgia St",7-6,-7.7,0-1,0-0,0-2,75,112,103
2023-24,99,"Georgia So",6-7,-7.8,0-0,0-0,0-2,56,99,93
2023-24,100,"Marshall",6-7,-8.1,0-0,0-0,0-2,76,103,96
2023-24,101,"E Carolina",2-10,-8.1,0-1,0-1,0-0,83,105,97
2023-24,102,"N Illinois",7-6,-8.6,0-0,0-0,0-0,92,119,101
2023-24,103,"N Texas",5-7,-8.8,0-0,0-1,0-0,88,122,102
2023-24,104,"Old Dominion",6-7,-9.1,0-0,0-0,0-1,101,126,104
2023-24,105,"Navy",5-7,-9.3,0-1,0-1,0-0,82,107,106
2023-24,106,"Utah St",6-7,-9.6,0-0,0-0,0-1,81,117,98
2023-24,107,"Middle Tenn",4-8,-9.7,0-1,0-1,0-0,95,116,105
2023-24,108,"Arkansas St",6-7,-9.7,0-1,0-0,0-1,103,132,107
2023-24,109,"UAB",4-8,-10.5,0-1,0-0,0-0,85,112,111
2023-24,110,"San Diego St",4-8,-10.7,0-0,0-1,0-1,73,114,108
2023-24,111,"Stanford",3-9,-10.8,0-2,0-4,0-1,103,123,110
2023-24,112,"Colorado St",5-7,-11.2,0-0,0-0,0-0,103,124,112
2023-24,113,"Ball St",4-8,-13.4,0-1,0-0,0-1,106,128,114
2023-24,114,"Tulsa",4-8,-13.5,0-1,0-2,0-0,87,119,113
2023-24,115,"Buffalo",3-9,-13.8,0-0,0-0,0-1,92,119,115
2023-24,116,"C Michigan",5-7,-14.2,0-1,0-0,0-0,103,119,117
2023-24,117,"Louisiana Tech",3-9,-14.4,0-0,0-1,0-0,102,118,116
2023-24,118,"Sam Houston",3-9,-14.6,0-0,0-0,0-0,114,127,118
2023-24,119,"W Michigan",4-8,-14.9,0-0,0-0,0-0,110,127,119
2023-24,120,"Southern Miss",3-9,-15.0,0-0,0-1,0-1,91,127,122
2023-24,121,"UTEP",3-9,-15.0,0-0,0-1,0-0,113,129,120
2023-24,122,"UConn",3-9,-15.4,0-0,0-1,0-3,107,126,123
2023-24,123,"Charlotte",3-9,-15.7,0-0,0-1,0-2,110,126,124
2023-24,124,"New Mexico",4-8,-16.7,0-0,0-1,0-0,120,132,125
2023-24,125,"E Michigan",6-7,-16.9,0-0,0-0,0-0,95,125,121
2023-24,126,"Hawai'i",5-8,-17.5,0-1,0-0,0-0,124,131,126
2023-24,127,"Temple",3-9,-18.2,0-0,0-1,0-1,92,130,127
2023-24,128,"UL Monroe",2-10,-19.9,0-0,0-2,0-1,113,129,129
2023-24,129,"Florida Intl",4-8,-20.7,0-0,0-0,0-0,121,131,130
2023-24,130,"UMass",3-9,-20.7,0-1,0-0,0-1,128,133,128
2023-24,131,"Nevada",2-10,-20.7,0-0,0-2,0-0,124,133,131
2023-24,132,"Akron",2-10,-21.1,0-0,0-0,0-1,120,132,132
2023-24,133,"Kent St",1-11,-27.4,0-0,0-0,0-0,131,133,133
2024-25,1,"Ohio St",13-2,30.9,5-1,1-1,1-0,1,4,2
2024-25,2,"Notre Dame",14-1,27.9,3-0,3-0,0-0,2,13,3
2024-25,3,"Texas",13-3,26.9,0-3,5-0,2-0,1,5,1
2024-25,4,"Mississippi",10-3,26.0,1-0,1-2,2-0,3,7,5
2024-25,5,"Alabama",9-4,24.1,1-1,3-1,1-1,1,6,4
2024-25,6,"Georgia",11-3,24.1,3-3,2-0,1-0,1,6,6
2024-25,7,"Penn St",13-3,23.2,0-3,2-0,3-0,6,11,9
2024-25,8,"Oregon",13-1,22.2,2-1,1-0,2-0,4,21,8
2024-25,9,"Tennessee",10-3,22.2,1-2,1-0,1-1,4,14,7
2024-25,10,"Indiana",11-2,21.4,0-2,1-0,1-0,10,68,10
2024-25,11,"Miami",10-3,18.9,0-0,2-1,1-0,7,21,11
2024-25,12,"South Carolina",9-4,17.5,0-2,3-1,1-1,12,56,12
2024-25,13,"LSU",9-4,16.7,1-1,1-3,3-0,9,20,16
2024-25,14,"Louisville",9-4,16.4,0-1,1-2,0-0,12,31,14
2024-25,15,"Clemson",10-4,16.1,0-2,1-2,1-0,8,22,15
2024-25,16,"SMU",11-3,16.0,0-1,1-2,1-0,13,48,13
2024-25,17,"Texas A&M",8-5,15.6,0-2,3-2,1-1,11,20,17
2024-25,18,"Florida",8-5,15.4,1-3,1-2,1-0,18,44,19
2024-25,19,"USC",7-6,15.1,0-2,2-1,1-1,10,23,20
2024-25,20,"Arizona St",11-3,13.8,0-1,2-0,3-0,20,77,28
2024-25,21,"Michigan",8-5,13.6,2-3,1-0,1-1,10,41,27
2024-25,22,"Iowa",8-5,13.4,0-1,0-2,2-0,19,28,26
2024-25,23,"Missouri",10-3,13.3,0-1,1-2,3-0,10,29,24
2024-25,24,"Iowa St",11-3,13.1,0-0,2-1,3-1,14,37,18
2024-25,25,"BYU",11-2,12.9,0-0,1-1,4-1,22,63,29
2024-25,26,"Kansas St",9-4,12.7,0-0,0-3,3-0,14,27,25
2024-25,27,"Oklahoma",6-7,12.3,1-3,0-3,2-0,9,28,22
2024-25,28,"Colorado",9-4,12.3,0-0,0-1,2-3,20,79,21
2024-25,29,"Minnesota",8-5,11.7,0-1,1-2,2-0,29,58,33
2024-25,30,"Virginia Tech",6-7,10.4,0-0,0-2,0-1,23,50,30
2024-25,31,"TCU",9-4,10.4,0-0,0-1,2-1,24,54,37
2024-25,32,"Baylor",8-5,10.4,0-0,0-3,2-2,30,61,31
2024-25,33,"Kansas",5-7,10.2,0-0,2-1,1-4,24,49,34
2024-25,34,"Auburn",5-7,10.2,0-2,1-1,0-2,14,37,32
2024-25,35,"Tulane",9-5,10.1,0-0,0-1,0-2,17,49,23
2024-25,36,"Arkansas",7-6,10.0,1-2,0-3,1-0,23,50,35
2024-25,37,"Boise St",12-2,9.7,0-2,0-0,0-0,22,47,36
2024-25,38,"Illinois",10-3,8.4,0-2,2-0,2-1,37,59,46
2024-25,39,"Nebraska",7-6,8.4,0-2,0-2,1-1,27,55,40
2024-25,40,"Utah",5-7,8.0,0-0,0-3,1-2,11,47,39
2024-25,41,"UCF",4-8,7.9,0-0,0-4,1-2,16,46,41
2024-25,42,"Georgia Tech",7-6,7.8,0-2,1-1,0-1,36,48,38
2024-25,43,"Kentucky",4-8,7.6,1-3,0-3,0-1,21,48,42
2024-25,44,"UNLV",11-3,7.3,0-0,0-0,1-2,21,82,43
2024-25,45,"Vanderbilt",7-6,7.2,1-2,0-3,2-0,40,97,45
2024-25,46,"Texas Tech",8-5,6.5,0-0,2-0,0-4,36,83,44
2024-25,47,"Wisconsin",5-7,6.3,0-3,0-2,0-2,29,61,47
2024-25,48,"Washington",6-7,6.2,0-3,2-2,0-0,37,55,49
2024-25,49,"Rutgers",7-6,5.7,0-0,0-1,2-3,40,67,51
2024-25,50,"Syracuse",10-3,5.3,0-0,1-0,1-0,48,69,52
2024-25,51,"Boston College",7-6,4.9,0-0,0-3,0-2,24,66,48
2024-25,52,"Army",12-2,4.8,0-1,0-0,1-0,47,98,55
2024-25,53,"Cincinnati",5-7,4.8,0-0,1-1,0-3,37,74,50
2024-25,54,"Memphis",11-2,4.6,0-0,0-0,1-0,29,67,53
2024-25,55,"UCLA",5-7,3.7,0-3,1-2,1-1,48,82,60
2024-25,56,"Navy",10-3,3.6,0-1,0-0,1-1,55,101,63
2024-25,57,"West Virginia",6-7,3.3,0-1,0-1,1-2,28,59,56
2024-25,58,"Pittsburgh",7-6,3.2,0-0,0-3,0-0,34,75,54
2024-25,59,"Duke",9-4,2.6,0-1,0-2,1-0,55,79,57
2024-25,60,"California",6-7,2.5,0-0,0-2,1-0,39,68,58
2024-25,61,"Texas St",8-5,2.1,0-0,0-1,0-0,55,94,61
2024-25,62,"North Carolina",6-7,1.6,0-0,0-0,1-0,43,69,59
2024-25,63,"J Madison",9-4,1.0,0-0,0-0,0-0,42,91,65
2024-25,64,"Marshall",10-3,0.6,0-1,0-0,0-1,64,105,75
2024-25,65,"Mississippi St",2-10,0.4,0-4,0-4,0-1,50,86,66
2024-25,66,"Maryland",4-8,0.3,0-3,1-1,0-1,31,70,68
2024-25,67,"NC State",6-7,0.1,0-1,0-1,0-0,31,79,64
2024-25,68,"Ohio",11-3,-0.2,0-0,0-0,0-0,68,112,79
2024-25,69,"S Alabama",7-6,-0.6,0-0,0-1,0-0,59,101,69
2024-25,70,"Washington St",8-5,-0.7,0-0,0-0,0-1,42,73,67
2024-25,71,"Oklahoma St",3-9,-1.0,0-0,0-2,1-5,19,76,74
2024-25,72,"Houston",4-8,-1.1,0-0,0-2,3-3,56,91,72
2024-25,73,"Miami OH",9-5,-1.3,0-1,0-0,0-0,69,95,70
2024-25,74,"Florida St",2-10,-1.5,0-1,0-4,0-0,12,75,73
2024-25,75,"Virginia",5-7,-1.5,0-1,0-3,0-1,64,85,71
2024-25,76,"Louisiana",10-4,-1.6,0-0,0-0,0-2,61,79,62
2024-25,77,"Michigan St",5-7,-1.8,0-3,1-1,0-1,57,83,76
2024-25,78,"S Florida",7-6,-3.1,0-1,0-1,0-1,48,88,77
2024-25,79,"Jacksonville St",9-5,-3.1,0-0,0-1,0-0,77,120,86
2024-25,80,"Northwestern",4-8,-3.1,0-2,0-2,0-1,63,88,81
2024-25,81,"N Illinois",8-5,-3.3,1-0,0-0,0-0,58,92,84
2024-25,82,"Arizona",4-8,-3.4,0-0,0-2,1-3,32,82,80
2024-25,83,"UConn",9-4,-3.7,0-0,0-0,0-0,83,128,90
2024-25,84,"Bowling Green",7-6,-3.7,0-1,0-1,0-0,65,97,78
2024-25,85,"Old Dominion",5-7,-4.0,0-0,0-1,0-1,79,110,82
2024-25,86,"UTSA",7-6,-4.1,0-1,0-0,0-0,58,109,91
2024-25,87,"Toledo",8-5,-4.2,0-0,0-0,0-0,61,90,89
2024-25,88,"Wake Forest",4-8,-4.5,0-1,0-2,0-0,70,88,83
2024-25,89,"Georgia So",8-5,-5.0,0-1,0-0,0-1,81,104,85
2024-25,90,"Stanford",3-9,-5.1,0-1,1-2,0-2,66,99,87
2024-25,91,"E Carolina",8-5,-5.5,0-0,0-0,0-0,83,101,94
2024-25,92,"Fresno St",6-7,-5.6,0-0,0-1,0-0,66,92,88
2024-25,93,"N Texas",6-7,-7.1,0-0,0-0,0-1,85,104,97
2024-25,94,"Rice",4-8,-7.3,0-0,0-0,0-1,80,105,95
2024-25,95,"Liberty",8-4,-8.0,0-0,0-0,0-0,42,96,92
2024-25,96,"App State",5-6,-8.1,0-0,0-1,0-0,53,105,98
2024-25,97,"San Jose St",7-6,-8.2,0-0,0-0,0-1,91,112,99
2024-25,98,"Sam Houston",10-3,-8.3,0-0,0-0,0-0,90,117,101
2024-25,99,"Oregon St",5-7,-8.9,0-1,0-0,0-1,61,103,102
2024-25,100,"W Kentucky",8-6,-9.0,0-1,0-0,0-0,78,111,93
2024-25,101,"Troy",4-8,-9.2,0-0,0-1,0-0,90,109,103
2024-25,102,"Colorado St",8-5,-9.2,0-1,0-0,0-1,94,115,96
2024-25,103,"Buffalo",9-4,-10.1,0-0,0-1,0-0,103,123,108
2024-25,104,"Coastal Car",6-7,-10.2,0-0,0-0,0-0,72,105,100
2024-25,105,"W Michigan",6-7,-10.2,0-1,0-0,0-0,93,110,104
2024-25,106,"Air Force",5-7,-11.4,0-0,0-0,0-1,87,123,105
2024-25,107,"Utah St",4-8,-11.9,0-0,0-1,0-2,106,122,107
2024-25,108,"Nevada",3-10,-11.9,0-0,0-1,0-2,98,127,106
2024-25,109,"Wyoming",3-9,-12.5,0-0,0-2,0-1,91,123,110
2024-25,110,"Hawai'i",5-7,-12.5,0-0,0-0,0-1,97,112,109
2024-25,111,"Arkansas St",8-5,-12.6,0-0,0-2,0-0,95,115,114
2024-25,112,"UAB",3-9,-12.8,0-0,0-0,0-2,87,121,112
2024-25,113,"Charlotte",5-7,-12.9,0-1,0-0,0-1,102,124,111
2024-25,114,"Purdue",1-11,-13.1,0-5,0-0,0-2,51,116,116
2024-25,115,"Louisiana Tech",5-8,-13.5,0-0,0-0,0-1,113,126,113
2024-25,116,"UL Monroe",5-7,-13.9,0-1,0-0,0-1,99,133,115
2024-25,117,"E Michigan",5-7,-14.1,0-0,0-0,0-0,98,123,119
2024-25,118,"Florida Intl",4-8,-14.3,0-1,0-0,0-0,98,129,117
2024-25,119,"Georgia St",3-9,-14.4,0-0,0-0,0-0,111,125,118
2024-25,120,"Florida Atlantic",3-9,-14.4,0-0,0-0,0-0,98,124,120
2024-25,121,"C Michigan",4-8,-15.3,0-0,0-0,0-1,77,123,123
2024-25,122,"San Diego St",3-9,-15.5,0-0,0-0,0-1,98,123,122
2024-25,123,"New Mexico",5-7,-15.5,0-0,0-0,0-1,119,133,121
2024-25,124,"Akron",4-8,-16.4,0-1,0-1,0-0,123,129,124
2024-25,125,"UMass",2-10,-19.4,0-1,0-1,0-0,125,133,125
2024-25,126,"Ball St",3-9,-19.7,0-0,0-1,0-0,118,131,126
2024-25,127,"Temple",3-9,-20.6,0-0,0-0,0-2,123,133,127
2024-25,128,"UTEP",3-9,-22.8,0-1,0-0,0-1,124,131,128
2024-25,129,"Middle Tenn",3-9,-23.5,0-1,0-0,0-0,115,131,129
2024-25,130,"New Mexico St",3-9,-24.9,0-0,0-1,0-0,126,133,130
2024-25,131,"Southern Miss",1-11,-25.7,0-0,0-0,0-0,118,132,131
2024-25,132,"Tulsa",3-9,-25.8,0-0,0-0,0-0,99,133,133
2024-25,133,"Kennesaw St",2-10,-26.1,0-0,0-0,0-0,131,134,132
2024-25,134,"Kent St",0-12,-32.5,0-2,0-0,0-0,131,134,134
2025-26,1,"Indiana",15-0,36.4,4-0,3-0,0-0,1,31,2
2025-26,2,"Ohio St",12-2,32.2,0-2,5-0,0-0,1,2,1
2025-26,3,"Notre Dame",10-2,29.8,0-1,1-1,1-0,3,12,3
2025-26,4,"Oregon",13-2,28.6,1-2,4-0,1-0,2,9,4
2025-26,5,"Texas Tech",12-2,28.0,1-1,2-0,0-0,3,28,5
2025-26,6,"Miami",13-2,25.4,3-0,1-1,4-1,6,22,8
2025-26,7,"Utah",11-2,24.0,0-1,0-1,1-0,6,31,7
2025-26,8,"Georgia",12-2,23.6,2-2,2-0,3-0,1,9,9
2025-26,9,"Alabama",11-4,22.9,1-2,5-1,2-1,2,11,6
2025-26,10,"Mississippi",13-2,21.7,1-2,2-0,2-0,6,15,12
2025-26,11,"Texas A&M",11-2,21.4,1-1,2-1,3-0,9,25,10
2025-26,12,"Iowa",9-4,20.0,0-2,2-1,1-1,12,37,15
2025-26,13,"USC",9-4,19.9,0-2,2-1,1-1,6,21,11
2025-26,14,"Texas",10-3,19.6,0-2,4-0,0-1,1,17,16
2025-26,15,"Penn St",7-6,19.5,0-3,0-1,2-0,3,26,17
2025-26,16,"Vanderbilt",10-3,19.2,0-1,3-2,2-0,13,49,14
2025-26,17,"Oklahoma",10-3,19.1,1-2,4-1,2-0,11,21,13
2025-26,18,"Washington",9-4,17.9,0-2,1-1,0-0,18,40,20
2025-26,19,"BYU",12-2,17.4,1-2,0-0,4-0,16,43,18
2025-26,20,"Michigan",9-4,16.6,0-1,1-3,1-0,11,31,19
2025-26,21,"Tennessee",8-5,15.4,0-2,0-3,1-0,12,21,21
2025-26,22,"Missouri",8-5,14.7,0-1,0-3,2-1,17,32,22
2025-26,23,"SMU",9-4,13.9,1-0,0-0,3-1,20,48,25
2025-26,24,"Illinois",9-4,13.7,0-2,2-1,0-0,17,30,29
2025-26,25,"LSU",7-6,13.5,0-2,0-3,3-0,4,25,23
2025-26,26,"Florida St",5-7,13.3,1-1,0-0,0-4,6,44,28
2025-26,27,"Auburn",5-7,13.3,0-2,0-4,0-0,10,27,24
2025-26,28,"Clemson",7-6,12.9,0-0,0-3,3-1,6,35,27
2025-26,29,"Arizona",9-4,12.7,0-0,0-2,0-1,26,66,26
2025-26,30,"Louisville",9-4,12.0,1-0,0-1,2-2,19,41,31
2025-26,31,"Florida",4-8,11.7,0-3,1-3,1-1,10,35,32
2025-26,32,"S Florida",9-4,11.2,0-1,0-0,1-0,30,76,30
2025-26,33,"Pittsburgh",8-5,10.9,0-2,0-0,2-1,28,52,33
2025-26,34,"J Madison",12-2,10.8,0-1,0-0,0-1,33,70,35
2025-26,35,"South Carolina",4-8,10.5,0-2,0-5,0-1,17,42,34
2025-26,36,"TCU",9-4,10.3,0-0,2-1,0-1,20,46,38
2025-26,37,"Iowa St",8-4,10.3,0-0,1-1,2-0,28,42,36
2025-26,38,"Georgia Tech",9-4,10.1,0-1,0-1,1-1,29,41,40
2025-26,39,"Virginia",11-3,9.8,0-0,1-0,2-0,34,68,42
2025-26,40,"Nebraska",7-6,9.7,0-1,0-4,0-0,15,41,37
2025-26,41,"Kansas St",6-6,9.5,0-2,0-0,1-2,19,65,39
2025-26,42,"Arkansas",2-10,8.6,0-2,0-5,0-1,27,44,43
2025-26,43,"Arizona St",8-5,8.6,1-1,0-0,2-1,21,44,44
2025-26,44,"N Texas",12-2,8.3,0-0,0-0,0-1,40,99,41
2025-26,45,"NC State",8-5,7.9,0-2,0-0,3-1,45,64,49
2025-26,46,"Duke",9-5,7.5,0-0,0-1,2-2,39,71,48
2025-26,47,"Cincinnati",7-6,6.7,0-1,0-1,1-3,29,56,45
2025-26,48,"Houston",10-3,6.6,0-1,1-0,1-1,44,60,50
2025-26,49,"Kansas",5-7,6.3,0-2,0-1,0-2,28,50,47
2025-26,50,"Mississippi St",5-8,5.8,0-2,0-4,0-1,35,63,46
2025-26,51,"Northwestern",7-6,5.8,0-1,1-3,0-1,50,82,54
2025-26,52,"Baylor",5-7,5.6,0-1,1-0,0-3,29,52,51
2025-26,53,"Kentucky",5-7,5.5,0-2,0-3,2-2,41,56,52
2025-26,54,"Wisconsin",4-8,5.3,0-4,2-2,0-0,40,67,53
2025-26,55,"Toledo",8-5,5.2,0-0,0-0,0-1,49,80,55
2025-26,56,"E Carolina",9-4,4.9,0-0,0-1,1-0,53,92,59
2025-26,57,"Old Dominion",10-3,4.7,0-1,0-0,1-1,44,89,62
2025-26,58,"Rutgers",5-7,4.5,0-2,0-4,0-0,39,60,58
2025-26,59,"Minnesota",8-5,4.4,0-2,0-1,1-0,28,60,57
2025-26,60,"Boise St",9-5,4.3,0-1,0-1,0-1,35,66,56
2025-26,61,"Wake Forest",9-4,3.8,0-0,1-0,1-2,61,100,64
2025-26,62,"Tulane",11-3,3.6,0-2,0-0,0-0,46,67,63
2025-26,63,"Michigan St",4-8,3.5,0-1,0-4,0-1,39,68,61
2025-26,64,"Navy",11-2,2.2,0-1,0-0,1-0,49,75,66
2025-26,65,"Memphis",8-5,2.0,0-0,0-0,1-0,46,76,60
2025-26,66,"UCF",5-7,1.7,0-1,0-1,0-0,43,71,65
2025-26,67,"UTSA",7-6,1.7,0-0,0-1,0-1,66,83,69
2025-26,68,"Washington St",7-6,1.1,0-1,0-1,0-2,66,117,67
2025-26,69,"San Diego St",9-4,0.4,0-0,0-0,0-0,60,117,70
2025-26,70,"UCLA",3-9,0.0,0-3,1-2,0-1,40,93,71
2025-26,71,"Maryland",4-8,0.0,0-1,0-3,0-1,53,74,72
2025-26,72,"Virginia Tech",3-9,-1.0,0-1,0-1,0-5,47,79,73
2025-26,73,"UNLV",10-4,-1.4,0-0,0-0,0-0,68,86,68
2025-26,74,"West Virginia",4-8,-1.8,0-2,0-1,1-1,55,77,74
2025-26,75,"Colorado",3-9,-2.0,0-1,0-1,1-3,53,77,76
2025-26,76,"Army",7-6,-2.2,0-0,0-0,0-0,69,94,86
2025-26,77,"California",7-6,-2.3,0-0,1-0,1-1,50,81,77
2025-26,78,"Fresno St",9-4,-2.5,0-0,0-0,0-0,68,97,79
2025-26,79,"Boston College",2-10,-2.6,0-1,0-1,0-4,38,88,78
2025-26,80,"Texas St",7-6,-2.8,0-0,0-0,0-1,72,93,83
2025-26,81,"Purdue",2-10,-3.2,0-3,0-4,0-0,70,93,81
2025-26,82,"Stanford",4-8,-3.3,0-2,0-2,1-2,78,98,80
2025-26,83,"UConn",9-4,-3.7,0-0,0-0,0-0,67,83,75
2025-26,84,"Ohio",9-4,-3.7,0-1,0-0,0-0,67,86,85
2025-26,85,"New Mexico",9-4,-3.9,0-0,0-1,0-0,80,132,84
2025-26,86,"W Michigan",10-4,-3.9,0-0,0-1,0-0,82,121,91
2025-26,87,"Utah St",6-7,-4.3,0-0,0-2,0-0,78,119,82
2025-26,88,"Hawai'i",9-4,-4.7,0-0,0-0,0-1,81,111,87
2025-26,89,"North Carolina",4-8,-4.7,0-0,0-0,0-3,44,95,88
2025-26,90,"Syracuse",3-9,-6.0,0-2,0-2,1-2,43,90,90
2025-26,91,"W Kentucky",9-4,-6.4,0-0,0-1,0-0,78,107,93
2025-26,92,"Louisiana Tech",8-5,-6.7,0-0,0-1,0-0,69,111,92
2025-26,93,"Miami OH",7-7,-7.0,0-0,0-0,0-0,89,107,89
2025-26,94,"Air Force",4-8,-7.1,0-0,0-0,0-0,76,102,94
2025-26,95,"Troy",8-6,-8.4,0-0,0-0,0-2,83,102,96
2025-26,96,"Marshall",5-7,-8.4,0-1,0-0,0-1,86,116,97
2025-26,97,"Temple",5-7,-8.7,0-0,0-1,0-1,84,126,98
2025-26,98,"Kennesaw St",10-4,-9.4,0-1,0-0,0-0,93,133,95
2025-26,99,"Liberty",4-8,-10.1,0-0,0-0,0-1,71,105,100
2025-26,100,"Southern Miss",7-6,-10.4,0-0,0-0,0-0,86,117,99
2025-26,101,"Jacksonville St",9-5,-10.6,0-0,0-0,0-0,87,109,101
2025-26,102,"Oklahoma St",1-11,-11.0,0-2,0-0,0-2,60,118,104
2025-26,103,"Georgia So",7-6,-11.1,0-0,0-1,0-1,80,114,110
2025-26,104,"Oregon St",2-10,-11.3,0-2,0-0,0-0,69,106,106
2025-26,105,"C Michigan",7-6,-11.4,0-0,0-1,0-1,101,124,103
2025-26,106,"Wyoming",4-8,-11.5,0-1,0-0,0-0,93,109,107
2025-26,107,"S Alabama",4-8,-11.7,0-0,0-0,0-1,81,111,108
2025-26,108,"Louisiana",6-7,-11.7,0-0,0-1,0-1,76,112,105
2025-26,109,"Arkansas St",7-6,-11.8,0-0,0-0,0-1,99,122,109
2025-26,110,"Florida Intl",7-6,-12.3,0-0,0-1,0-0,99,127,102
2025-26,111,"Buffalo",5-7,-13.2,0-0,0-0,0-0,78,115,112
2025-26,112,"Missouri St",7-6,-13.3,0-0,0-2,0-0,109,132,111
2025-26,113,"Colorado St",2-10,-13.6,0-0,0-1,0-0,86,117,114
2025-26,114,"Florida Atlantic",4-8,-13.7,0-0,0-0,0-1,108,129,113
2025-26,115,"Delaware",7-6,-13.9,0-0,0-0,0-0,98,123,116
2025-26,116,"Tulsa",4-8,-14.5,0-0,0-0,0-0,116,130,119
2025-26,117,"San Jose St",3-9,-14.6,0-0,0-1,0-0,88,118,117
2025-26,118,"App State",5-8,-14.9,0-0,0-0,0-1,89,120,115
2025-26,119,"Bowling Green",4-8,-15.0,0-0,0-0,0-1,93,120,118
2025-26,120,"Nevada",3-9,-15.4,0-0,0-1,0-0,113,128,120
2025-26,121,"Coastal Car",6-7,-15.7,0-0,0-0,0-3,98,129,121
2025-26,122,"E Michigan",4-8,-16.4,0-0,0-0,0-0,121,131,123
2025-26,123,"UAB",4-8,-16.6,0-0,0-1,0-1,112,127,122
2025-26,124,"N Illinois",3-9,-17.0,0-0,0-0,0-0,113,127,124
2025-26,125,"New Mexico St",4-8,-18.1,0-0,0-1,0-0,123,130,126
2025-26,126,"Rice",5-8,-18.9,0-0,0-0,0-1,109,126,125
2025-26,127,"UTEP",2-10,-18.9,0-0,0-1,0-0,106,127,127
2025-26,128,"Middle Tenn",3-9,-19.7,0-0,0-0,0-0,123,133,128
2025-26,129,"Akron",5-7,-19.9,0-0,0-0,0-1,127,134,129
2025-26,130,"Georgia St",1-11,-20.2,0-1,0-1,0-1,108,131,130
2025-26,131,"UL Monroe",3-9,-21.1,0-1,0-0,0-0,101,132,131
2025-26,132,"Kent St",5-7,-21.3,0-1,0-1,0-1,130,136,132
2025-26,133,"Ball St",4-8,-22.2,0-0,0-0,0-1,128,135,133
2025-26,134,"Charlotte",1-11,-23.3,0-1,0-0,0-1,128,135,134
2025-26,135,"Sam Houston",2-10,-25.8,0-0,0-1,0-0,110,135,135
2025-26,136,"UMass",0-12,-34.1,0-0,0-2,0-0,134,136,136
