Season,Rank,Team,SeasonAvg,Last3,Last1,Home,Away,PrevYear
2006-07,1,Hawai'i,434.5,464.7,559,450.3,409.4,384.3
2006-07,2,New Mexico St,316.4,405.3,518,369.2,263.6,265.3
2006-07,3,BYU,302.5,404.7,375,264.7,334.9,315.1
2006-07,4,Purdue,273.2,302,264,215,323,241.7
2006-07,5,Texas Tech,271.2,349.3,445,348.4,216,372
2006-07,6,Louisville,269.4,339.3,332,265.8,272.4,293.6
2006-07,7,LSU,251.7,255,332,248.3,257.2,225.4
2006-07,8,Baylor,246.4,215.7,188,233.8,261.4,205
2006-07,9,Boston College,245,220,242,232.2,257.8,242.8
2006-07,10,Notre Dame,240.7,213.3,148,234.3,248.2,330.3
2006-07,11,USC,239.9,218.7,391,224.5,253.1,319.8
2006-07,12,Kentucky,235,316.7,309,261.5,208.5,169
2006-07,13,Oregon,229.2,207.7,166,180,264.3,301.4
2006-07,14,Ball St,228.6,172.7,268,290.8,176.8,189
2006-07,15,Minnesota,227,257.7,263,274.6,193,221.7
2006-07,16,Washington St,226,252.7,328,269,183,273.8
2006-07,17,Nebraska,224.1,228.7,126,304,155.6,227.3
2006-07,18,Ohio St,214.7,181.7,35,251.4,171.8,225.7
2006-07,19,Alabama,212.8,237,168,208.4,220,216.4
2006-07,20,Texas,209.3,236.3,308,229.8,188.8,237.2
2006-07,21,California,206.8,131,0,211.2,202.5,193.5
2006-07,22,Iowa,206.3,269.3,274,224.8,187.8,257.1
2006-07,23,Pittsburgh,205.8,301,328,233,173.2,210.2
2006-07,24,Michigan St,203.3,167.3,0,214.4,187.8,295.5
2006-07,25,Colorado St,202.7,167,0,225.5,189.7,286.3
2006-07,26,C Michigan,202.4,169.3,162,190.2,209.2,260.1
2006-07,27,Cincinnati,200.6,263,221,180.2,221,211.2
2006-07,28,Indiana,198.8,243.3,290,196.3,201.8,210.9
2006-07,29,UNLV,198.6,171,351,217.8,182.7,217.2
2006-07,30,Vanderbilt,197.1,284.3,109,140,244.7,280.4
2006-07,31,Tulane,197.1,115,78,283.6,135.3,222.7
2006-07,32,Miami,195.3,201.7,272,159.3,231.2,215.5
2006-07,33,Michigan,195.2,248,309,156.3,240.7,222.7
2006-07,34,Utah,193.5,284,240,252.2,151.6,294.5
2006-07,35,Florida,192.5,230.3,214,183.3,200.4,226.7
2006-07,36,Wisconsin,192.1,247.3,206,163.3,220.8,228.4
2006-07,37,Tennessee,191.2,168.7,0,227.1,149.2,198
2006-07,38,Boise St,190.9,274.3,267,207.8,178.9,219.7
2006-07,39,Oklahoma,188.8,191.7,233,230,157.9,177.6
2006-07,40,S Florida,187.8,215.3,130,153.8,212.1,147.5
2006-07,41,Duke,187.8,219.7,291,206.3,165.6,121.5
2006-07,42,E Carolina,187.2,161,263,208.8,168.7,256
2006-07,43,TCU,186.8,250,258,175.4,194.9,207.8
2006-07,44,Maryland,185.6,221,223,154.5,216.7,249.1
2006-07,45,Iowa St,185.1,180.7,153,157.3,218.4,232.9
2006-07,46,Mississippi St,185,168.7,162,194.8,173.2,129.1
2006-07,47,Louisiana Tech,181.2,217.7,296,180,181.8,219.1
2006-07,48,Houston,178.7,55.3,0,259.1,84.8,278.4
2006-07,49,Idaho,177.8,69.3,0,185.5,173.4,257.3
2006-07,50,NC State,177.7,180.7,186,205.7,144.2,181.5
2006-07,51,Oregon St,177.2,285.3,356,198.3,159.1,285.9
2006-07,52,Akron,175.8,135.3,132,204.8,155.1,277.6
2006-07,53,Oklahoma St,174.3,206.3,212,119,213.7,174.7
2006-07,54,Nevada,173.7,146,207,135.3,206.6,249.8
2006-07,55,Memphis,172.2,206.3,218,142,208.4,124.2
2006-07,56,Georgia Tech,172.1,165.7,326,192.3,154.7,195.3
2006-07,57,North Carolina,171.9,182,253,176.5,166.4,214.3
2006-07,58,Georgia,170.8,173,129,200.8,140.7,229
2006-07,59,UCF,170.5,275.7,278,152,192.6,234.2
2006-07,60,Arizona St,170.4,135,191,184.2,160.6,373.4
2006-07,61,Kansas,167,168,162,156.3,179.8,192.7
2006-07,62,Florida St,166.5,122.3,0,141.8,206.2,266.8
2006-07,63,Kansas St,166.2,232.7,131,153.1,184.4,201.4
2006-07,64,Clemson,165.1,139.3,272,116.4,221.8,230.8
2006-07,65,Virginia Tech,164.8,181.7,147,176.9,148,190.2
2006-07,66,UL Monroe,163.7,195.7,244,125.7,178,202.9
2006-07,67,Washington,163.2,172.7,271,98.8,227.5,222.8
2006-07,68,Tulsa,159.4,218.3,158,108.4,195.9,236.2
2006-07,69,Northwestern,159,238.7,269,190.8,132.5,306.8
2006-07,70,Auburn,158.8,94.3,111,160.9,155.6,217.2
2006-07,71,Virginia,157.3,136,66,188.3,126.2,223.7
2006-07,72,Temple,157.2,149,216,187.8,141.9,165.5
2006-07,73,Buffalo,152.5,160.7,225,194,122.9,170.5
2006-07,74,Florida Intl,151,120.7,225,176.8,132.6,227.2
2006-07,75,New Mexico,150.2,81.7,0,92.1,231.4,196.5
2006-07,76,Kent St,150.1,155.7,181,128.6,165.4,244.1
2006-07,77,N Illinois,148.6,175.3,80,143.6,152.1,234.4
2006-07,78,Rutgers,147.8,182,268,91.4,188,231.1
2006-07,79,E Michigan,145.3,153.7,67,56,189.9,223.3
2006-07,80,SMU,143.9,163,0,173.6,119.2,175.6
2006-07,81,Wyoming,143.8,99.7,197,156.7,130.8,245.7
2006-07,82,W Michigan,142.8,235.3,260,108.8,164.1,244.4
2006-07,83,Wake Forest,141.5,199,271,147.6,137.6,161.3
2006-07,84,UConn,140.3,152.3,89,160.5,116,142
2006-07,85,Fresno St,140.3,83.7,0,165.2,115.3,265.3
2006-07,86,Arizona,134.9,156.7,135,166.8,96.6,226.7
2006-07,87,Middle Tenn,133.3,126,259,41.8,179.1,198.5
2006-07,88,UAB,132.3,96.3,289,99,165.7,298.2
2006-07,89,West Virginia,132,184.3,131,93.8,170.2,111.5
2006-07,90,Missouri,129.4,341.7,359,106.7,152.2,224.5
2006-07,91,Bowling Green,128.7,64,0,117.2,136.9,283.9
2006-07,92,Utah St,127.6,125.7,197,158.4,105.6,200
2006-07,93,Stanford,127.3,136.7,204,134.6,122,234.5
2006-07,94,Louisiana,124.6,126.7,189,169.6,87.2,123.4
2006-07,95,Mississippi,121.3,135.7,142,123,119.2,203.9
2006-07,96,Penn St,121.2,0,0,82.5,159.8,208.8
2006-07,97,Army,119.7,119.7,151,123,117.9,170.9
2006-07,98,Arkansas,119.2,125.7,136,116.5,121.6,147.3
2006-07,99,N Texas,108.2,63.7,63,119.2,100.3,129.3
2006-07,100,Colorado,107.5,158.7,131,131.6,87.5,222.8
2006-07,101,Arkansas St,104.1,92.7,132,101.6,105.9,179.8
2006-07,102,Air Force,97.3,157.7,44,117,77.7,170.7
2006-07,103,Troy,80.9,17.7,0,125,58.9,162.3
2006-07,104,Miami OH,70.5,0,0,78.6,64.7,291.7
2006-07,105,Rice,60.8,0,0,47.8,66.7,103.3
2006-07,106,Navy,58.9,42.3,81,40.5,68.1,116.5
2006-07,107,UTEP,50.3,132.7,398,66.3,34.3,300.1
2006-07,108,Syracuse,47.1,47.7,0,74.3,19.8,150.7
2006-07,109,Illinois,44.7,98,65,38.2,52.6,196.5
2006-07,110,South Carolina,32.6,130.3,0,65.2,0,220.8
2006-07,111,San Diego St,9.3,0,0,0,17,231.6
2006-07,112,San Jose St,9.2,0,0,0,18.3,192
2006-07,113,Texas A&M,4.8,19.3,0,0,9.7,196.3
2006-07,114,UCLA,0,0,0,0,0,270.3
2006-07,114,Toledo,0,0,0,0,0,233.8
2006-07,114,Marshall,0,0,0,0,0,194.5
2006-07,114,Southern Miss,0,0,0,0,0,244.8
2006-07,114,Ohio,0,0,0,0,0,118.5
2006-07,114,Florida Atlantic,0,0,0,0,0,177.8
2007-08,1,Texas Tech,465,431,407,444,480,271.2
2007-08,2,Hawai'i,437.3,416,311,447.4,428.8,434.5
2007-08,3,Tulsa,343.5,401,324,304.3,372.9,159.4
2007-08,4,New Mexico St,333.5,336,323,387,289,316.4
2007-08,5,Boston College,333.2,307.7,249,338.3,328.7,245
2007-08,6,Nebraska,323.8,469.3,484,314.4,337,224.1
2007-08,7,Louisville,315.6,206,0,331.8,302.2,269.4
2007-08,8,Northwestern,312.8,292.7,310,320.3,303.8,159
2007-08,9,Missouri,312,241,136,314,310.8,129.4
2007-08,10,Ball St,285,294.3,292,242.4,311.6,228.6
2007-08,11,Purdue,281.9,390.3,546,286.8,277,273.2
2007-08,12,Kansas St,281.8,277.3,256,261.4,298.8,166.2
2007-08,13,Arizona,278.7,179.3,272,259.4,294.8,134.9
2007-08,14,Rice,277.4,419.3,541,362.8,206.2,60.8
2007-08,15,Houston,277.3,253,335,247,280,178.7
2007-08,16,W Michigan,273.3,318,276,310.6,242.2,142.8
2007-08,17,C Michigan,270.6,286.3,292,236.3,285.9,202.4
2007-08,18,N Texas,264.6,205,253,235.6,285.3,108.2
2007-08,19,Bowling Green,262.9,232.7,183,288.8,246.8,128.7
2007-08,20,Baylor,260.9,232.3,226,306.8,222.7,246.4
2007-08,21,Kansas,258.9,317.3,249,258.7,259.2,167
2007-08,22,BYU,258.8,166.7,231,288,256.1,302.5
2007-08,23,Oklahoma,258.2,210.3,242,293.6,222.9,188.8
2007-08,24,NC State,257.8,251.7,240,247.5,270.2,177.7
2007-08,25,Texas,255.4,223.7,174,243.5,265.6,209.3
2007-08,26,Nevada,253.8,264.3,137,312.4,212,173.7
2007-08,27,UTEP,251.7,200,292,212.8,284.2,50.3
2007-08,28,Memphis,249.8,213.7,0,317.2,182.3,172.2
2007-08,29,Kentucky,244.3,352,358,259.7,222.6,235
2007-08,30,Arizona St,241.8,265,305,222.1,273.4,170.4
2007-08,31,Florida St,241.8,222.7,276,268,225.4,166.5
2007-08,32,Oklahoma St,241.1,202.7,302,281,212.6,174.3
2007-08,33,California,240.7,264.3,305,235.3,245.3,206.8
2007-08,34,Toledo,240.5,245,256,236.8,244.8,0
2007-08,35,SMU,236.2,238.7,375,243.7,228.7,143.9
2007-08,36,Colorado,234.3,275,322,240.2,229.3,107.5
2007-08,37,Washington St,231.8,282.7,399,225,236.7,226
2007-08,38,New Mexico,231.4,254,354,252.8,210,150.2
2007-08,38,Troy,231.4,136.7,0,264,208.1,80.9
2007-08,40,Tennessee,227.4,337,365,160.3,294.4,191.2
2007-08,41,Alabama,221.4,205,256,252,190.8,212.8
2007-08,42,Minnesota,221.1,261.3,352,253.7,182,227
2007-08,43,USC,221.1,221.3,289,198.2,240.7,239.9
2007-08,44,Mississippi,217.1,167.7,115,252.2,175,121.3
2007-08,45,Clemson,216.8,110,104,276.3,157.2,165.1
2007-08,46,Oregon,215.3,143,180,204.7,227.7,229.2
2007-08,47,Ohio,210.7,180.7,118,206.8,213,0
2007-08,48,Colorado St,209.3,209,245,301,200.1,202.7
2007-08,49,Fresno St,208.6,267.7,285,186.2,224.6,140.3
2007-08,50,UAB,207.6,265.7,389,158.8,235.6,132.3
2007-08,51,Duke,207.1,158.3,215,171.8,232.3,187.8
2007-08,52,Florida,207,143.7,169,230.1,180,192.5
2007-08,52,Louisiana Tech,207,207.7,173,243,186.4,181.2
2007-08,54,Miami OH,206.4,230,254,161.5,244.9,70.5
2007-08,55,Michigan,204.9,240.7,373,159.1,269,195.2
2007-08,56,Indiana,204.7,213.3,220,200.8,208.5,198.8
2007-08,57,LSU,201.9,211.7,174,222,181.9,251.7
2007-08,58,N Illinois,200.5,247.7,262,225,186.6,148.6
2007-08,59,North Carolina,200.2,216.3,75,156.2,236.8,171.9
2007-08,60,Virginia Tech,200.2,224,171,190.8,208.1,164.8
2007-08,61,S Florida,197.6,215.3,236,273.4,143.4,187.8
2007-08,62,Wake Forest,197.2,210,268,161.7,227.6,141.5
2007-08,63,Michigan St,197.1,132.3,131,163,226.3,203.3
2007-08,64,Iowa St,197,199,182,171.5,227.6,185.1
2007-08,65,UNLV,195.3,125.7,142,177.7,212.8,198.6
2007-08,66,Virginia,194.2,176,96,191,196.9,157.3
2007-08,67,Wyoming,192.9,194,229,196.8,189,143.8
2007-08,68,Georgia Tech,192,219,218,182.3,201.7,172.1
2007-08,69,San Jose St,191.8,344,346,316.8,120.4,9.2
2007-08,70,Maryland,191.7,221.7,205,218.4,172.6,185.6
2007-08,71,Tulane,190,231,228,182.7,198.8,197.1
2007-08,72,Buffalo,189.7,255.7,335,189.4,189.9,152.5
2007-08,73,Temple,187.8,94.3,92,159.5,216,157.2
2007-08,74,Wisconsin,187.5,172.7,155,196.3,178.7,192.1
2007-08,75,E Carolina,186.9,175.7,154,224.5,154.7,187.2
2007-08,76,Middle Tenn,185.5,211.7,116,181,188.7,133.3
2007-08,77,UConn,184.9,166.7,98,183.7,186.2,140.3
2007-08,78,Akron,183.8,189.3,210,177.3,187.1,175.8
2007-08,79,Arkansas St,183.1,104.3,0,234,132.2,104.1
2007-08,80,Utah,181.8,179.7,238,175.3,187.4,193.5
2007-08,81,Idaho,180.5,136.3,191,237.8,132.7,177.8
2007-08,82,Army,179.3,148.3,117,174,182.3,119.7
2007-08,83,Georgia,178.7,162.7,175,156.5,200.8,170.8
2007-08,84,E Michigan,178,187,227,177,178.6,145.3
2007-08,85,UCF,176.9,161,88,201.4,152.3,170.5
2007-08,86,Texas A&M,176.4,203,0,223.3,129.5,4.8
2007-08,87,Boise St,175.1,167,270,89.2,261,190.9
2007-08,88,TCU,172.5,125,249,168.3,176.1,186.8
2007-08,89,Auburn,171.5,161,233,166.4,178.6,158.8
2007-08,90,Ohio St,169.6,138,208,191.7,147.5,214.7
2007-08,91,Stanford,163.3,203.7,196,147.3,195.5,127.3
2007-08,92,Illinois,162,220.3,301,120.4,191.7,44.7
2007-08,93,UL Monroe,158.3,174.7,99,198.8,135.1,163.7
2007-08,94,Cincinnati,157.8,107.7,0,224.4,110.3,200.6
2007-08,95,Kent St,157.3,139.7,184,204.8,130.1,150.1
2007-08,96,Vanderbilt,155.5,221.7,333,188.7,97.3,197.1
2007-08,96,Pittsburgh,155.5,99.3,0,213.5,85.8,205.8
2007-08,98,Iowa,153.8,235,249,158.2,149.3,206.3
2007-08,99,Mississippi St,149.6,217.3,39,150,149.3,185
2007-08,100,Utah St,146.5,153.7,118,123.4,163,127.6
2007-08,101,Notre Dame,144.7,212,196,154,131.6,240.7
2007-08,102,Washington,144.5,163,142,206.1,72.5,163.2
2007-08,103,Miami,144.1,169,198,107.7,195,195.3
2007-08,104,Arkansas,142.5,182.7,197,117.8,167.2,119.2
2007-08,105,W Kentucky,140.3,157.3,123,160,136.4,126
2007-08,106,Oregon St,138.1,117.7,108,87,174.6,177.2
2007-08,107,Rutgers,129.2,101,303,129.1,129.2,147.8
2007-08,108,Syracuse,128.5,132,0,109.1,155.6,47.1
2007-08,109,Louisiana,122.1,130.7,240,154,95.5,124.6
2007-08,110,Marshall,116,269,309,109.4,121.5,0
2007-08,111,West Virginia,112.3,94.3,176,133.3,94.3,132
2007-08,112,Air Force,90.7,77.7,113,60.4,112.3,97.3
2007-08,113,Navy,89.6,63,122,95.6,85.3,58.9
2007-08,114,San Diego St,85.5,0,0,76.4,93.2,9.3
2007-08,115,Florida Intl,50.8,76,228,45.6,54.4,151
2007-08,116,UCLA,45.3,72.7,154,72.5,22,0
2007-08,117,Florida Atlantic,13.5,0,0,0,21.9,0
2007-08,118,Southern Miss,12,0,0,28.8,0,0
2007-08,119,South Carolina,0,0,0,0,0,32.6
2007-08,119,Penn St,0,0,0,0,0,121.2
2008-09,1,Memphis,83.8,0,0,62.2,105.5,249.8
2008-09,2,Rice,67.3,0,0,43,88.1,277.4
2008-09,3,Kansas,66.1,0,0,68.7,63.5,258.9
2008-09,4,Ohio,65.6,0,0,91.3,51,210.7
2008-09,5,Missouri,64.8,0,0,103.8,40.4,312
2008-09,6,W Michigan,64.1,0,0,46.5,72.9,273.3
2008-09,7,Houston,62.4,0,0,0,93.6,277.3
2008-09,8,Temple,61.9,0,0,34,81.9,187.8
2008-09,9,California,61.6,0,0,37.7,89.5,240.7
2008-09,10,Tulsa,60.1,0,0,0,111.6,343.5
2008-09,11,E Michigan,57.1,0,0,32.8,71,178
2008-09,12,Buffalo,56.6,0,0,94.8,27.9,189.7
2008-09,13,Duke,55.5,0,0,101.8,0,207.1
2008-09,14,Illinois,54.4,0,0,29.4,75.2,162
2008-09,15,N Illinois,51.9,0,0,0,89,200.5
2008-09,16,Maryland,51.8,0,0,68.5,35.2,191.7
2008-09,17,E Carolina,51,0,0,48.6,52.3,186.9
2008-09,18,C Michigan,50.9,0,0,0,76.4,270.6
2008-09,19,Ball St,48.2,0,0,65.2,37.5,285
2008-09,20,Minnesota,44.3,0,0,49.7,38.8,221.1
2008-09,21,Akron,43.8,0,0,59.8,32.4,183.8
2008-09,22,Utah,43.3,0,0,43,43.6,181.8
2008-09,23,Nebraska,43.2,0,0,70.1,0,323.8
2008-09,24,Oklahoma St,43,0,0,53.3,32.7,241.1
2008-09,25,Arizona,42.7,0,0,79.3,0,278.7
2008-09,26,Rutgers,42.2,0,0,84.3,0,129.2
2008-09,27,Marshall,42.1,0,0,44.8,39.8,116
2008-09,28,Michigan,41.6,0,0,38.6,45.8,204.9
2008-09,29,Clemson,40.9,0,0,52.4,31.3,216.8
2008-09,30,Miami OH,40.8,0,0,48.8,34.2,206.4
2008-09,31,Middle Tenn,40.3,0,0,96.8,0,185.5
2008-09,32,USC,40.3,0,0,30.7,48.6,221.1
2008-09,33,Mississippi,39.6,0,0,37,42.2,217.1
2008-09,34,Tulane,39,0,0,39.3,38.7,190
2008-09,35,Pittsburgh,38.8,0,0,84.2,0,155.5
2008-09,36,UTEP,38.8,0,0,44.5,33.2,251.7
2008-09,37,Michigan St,38.5,0,0,25.7,53.5,197.1
2008-09,38,Washington St,37.9,0,0,22,49.3,231.8
2008-09,39,Penn St,37.8,0,0,75.5,0,0
2008-09,40,Bowling Green,37.6,0,0,52.2,27.1,262.9
2008-09,41,Wake Forest,37.5,0,0,38.1,36.7,197.2
2008-09,42,Nevada,37,0,0,52.8,25.7,253.8
2008-09,43,UL Monroe,36.9,0,0,0,58,158.3
2008-09,44,Idaho,34.7,0,0,66.8,8,180.5
2008-09,45,Wisconsin,33.7,0,0,67.3,0,187.5
2008-09,46,Oregon,33.6,0,0,40,28.1,215.3
2008-09,47,Arizona St,31.4,0,0,57.5,0,241.8
2008-09,48,Florida,31.3,0,0,67.8,0,207
2008-09,49,UAB,30.5,0,0,42.3,23.9,207.6
2008-09,50,Oklahoma,30.4,0,0,79,0,258.2
2008-09,51,SMU,29.6,0,0,0,54.3,236.2
2008-09,52,Arkansas,29.4,0,0,0,53.8,142.5
2008-09,53,Washington,29.2,0,0,29,29.4,144.5
2008-09,54,BYU,28.3,0,0,0,48.4,258.8
2008-09,55,S Florida,28.2,0,0,67.6,0,197.6
2008-09,56,Louisiana,27.6,0,0,0,47.3,122.1
2008-09,57,Kent St,27.4,0,0,0,43,157.3
2008-09,58,Texas Tech,27,0,0,0,49.5,465
2008-09,59,Texas A&M,26.2,0,0,24.3,28.8,176.4
2008-09,60,Baylor,25.9,0,0,47.5,0,260.9
2008-09,61,Louisiana Tech,24.6,0,0,35.2,17,207
2008-09,62,Georgia,24.1,0,0,57.8,0,178.7
2008-09,63,Toledo,23.7,0,0,0,47.3,240.5
2008-09,63,New Mexico,23.7,0,0,47.3,0,231.4
2008-09,65,Tennessee,23.5,0,0,40.3,0,227.4
2008-09,66,Mississippi St,23.4,0,0,0,42.8,149.6
2008-09,67,TCU,22.1,0,0,29,17.1,172.5
2008-09,68,Texas,21.7,0,0,0,47,255.4
2008-09,69,Northwestern,20.9,0,0,0,41.8,312.8
2008-09,70,N Texas,20.6,0,0,49.4,0,264.6
2008-09,71,Ohio St,20.5,0,0,18.3,22.7,169.6
2008-09,72,Stanford,20.2,0,0,0,34.6,163.3
2008-09,73,San Jose St,19.6,0,0,0,36,191.8
2008-09,74,Iowa St,19.5,0,0,42.8,0,197
2008-09,75,Oregon St,19.2,0,0,0,35.7,138.1
2008-09,76,Boston College,19.1,0,0,23.7,15.1,333.2
2008-09,77,Purdue,18.8,0,0,34.5,0,281.9
2008-09,78,North Carolina,18.4,0,0,0,36.8,200.2
2008-09,79,Cincinnati,18.4,0,0,0,29.9,157.8
2008-09,80,Navy,18.1,0,0,0,27.1,89.6
2008-09,81,Alabama,18.1,0,0,10.4,25.7,221.4
2008-09,82,Wyoming,17,0,0,31.2,0,192.9
2008-09,83,Fresno St,16.6,0,0,0,27,208.6
2008-09,84,Georgia Tech,16.5,0,0,0,30.3,192
2008-09,85,Southern Miss,15.8,0,0,34.3,0,12
2008-09,86,Arkansas St,14.5,0,0,0,22.9,183.1
2008-09,87,Virginia Tech,14.4,0,0,9.6,17.4,200.2
2008-09,88,Virginia,14.1,0,0,25.8,0,194.2
2008-09,89,Hawai'i,13.9,0,0,0,25.9,437.3
2008-09,90,Louisville,13.8,0,0,21.7,0,315.6
2008-09,91,UNLV,13.3,0,0,0,31.8,195.3
2008-09,92,NC State,12.7,0,0,0,25.3,257.8
2008-09,93,Vanderbilt,12.5,0,0,11.8,13,155.5
2008-09,94,Kentucky,12.3,0,0,0,24.5,244.3
2008-09,95,Troy,11.3,0,0,0,17,231.4
2008-09,96,Notre Dame,11.3,0,0,24.5,0,144.7
2008-09,97,Auburn,7.7,0,0,14.2,0,171.5
2008-09,98,UConn,7.2,0,0,0,12.3,184.9
2008-09,99,Army,6.7,0,0,14.8,0,179.3
2008-09,100,Miami,6.6,0,0,0,11.3,144.1
2008-09,101,West Virginia,6,0,0,0,12,112.3
2008-09,102,Air Force,1.3,0,0,0,2.1,90.7
2008-09,103,Boise St,0,0,0,0,0,175.1
2008-09,103,New Mexico St,0,0,0,0,0,333.5
2008-09,103,Utah St,0,0,0,0,0,146.5
2008-09,103,Florida St,0,0,0,0,0,241.8
2008-09,103,LSU,0,0,0,0,0,201.9
2008-09,103,Colorado St,0,0,0,0,0,209.3
2008-09,103,Florida Atlantic,0,0,0,0,0,13.5
2008-09,103,UCF,0,0,0,0,0,176.9
2008-09,103,UCLA,0,0,0,0,0,45.3
2008-09,103,San Diego St,0,0,0,0,0,85.5
2008-09,103,Florida Intl,0,0,0,0,0,50.8
2008-09,103,Iowa,0,0,0,0,0,153.8
2008-09,103,South Carolina,0,0,0,0,0,0
2008-09,103,W Kentucky,0,0,0,0,0,140.3
2008-09,103,Kansas St,0,0,0,0,0,281.8
2008-09,103,Indiana,0,0,0,0,0,204.7
2008-09,103,Colorado,0,0,0,0,0,234.3
2008-09,103,Syracuse,0,0,0,0,0,128.5
2009-10,1,Notre Dame,81,0,0,90.9,67.2,11.3
2009-10,2,Hawai'i,79.5,0,0,0,159,13.9
2009-10,3,Buffalo,79.4,0,0,86.6,73.3,56.6
2009-10,4,South Carolina,75.8,0,0,74.8,76.8,0
2009-10,5,Minnesota,73.8,0,0,75.3,72.3,44.3
2009-10,6,Northwestern,73.4,0,0,77.8,69,20.9
2009-10,7,Penn St,66,0,0,113.1,0,37.8
2009-10,8,Texas,65.8,0,0,94.7,44.1,21.7
2009-10,9,SMU,64.8,0,0,0,111,29.6
2009-10,10,Middle Tenn,63.8,0,0,45.3,79.7,40.3
2009-10,11,Tulsa,63.8,0,0,0,117,60.1
2009-10,12,Auburn,62.8,0,0,107.7,0,7.7
2009-10,13,Missouri,61.6,0,0,0,105.6,64.8
2009-10,14,Idaho,61.4,0,0,0,114,34.7
2009-10,15,Washington St,61.1,0,0,122.2,0,37.9
2009-10,16,Kansas,59.8,0,0,67.6,53.3,66.1
2009-10,17,North Carolina,59.5,0,0,57,61.7,18.4
2009-10,18,Syracuse,58.9,0,0,73.3,33.8,0
2009-10,19,Purdue,57.4,0,0,58.3,56.2,18.8
2009-10,20,California,56.7,0,0,59.6,54.6,61.6
2009-10,21,Alabama,56.5,0,0,84,32.9,18.1
2009-10,22,Utah,54.7,0,0,47.7,60.7,43.3
2009-10,23,Miami,54.7,0,0,54,55.1,6.6
2009-10,24,West Virginia,53,0,0,55.7,50.3,6
2009-10,25,Nebraska,51.8,0,0,84.1,19.4,43.2
2009-10,26,UNLV,51.6,0,0,94.7,0,13.3
2009-10,27,Oregon,51.3,0,0,78,20.2,33.6
2009-10,28,San Jose St,50.9,0,0,48.8,52.7,19.6
2009-10,29,Oklahoma St,50.2,0,0,86,0,43
2009-10,30,UTEP,50.1,0,0,69.8,30.3,38.8
2009-10,31,BYU,50,0,0,0,92.9,28.3
2009-10,32,Stanford,49.2,0,0,24.4,78.2,20.2
2009-10,33,Michigan St,47.4,0,0,35.8,59,38.5
2009-10,34,Florida St,46.9,0,0,112.6,0,0
2009-10,35,Duke,46.5,0,0,0,77.5,55.5
2009-10,36,UAB,46.3,0,0,89.4,15.6,30.5
2009-10,37,Michigan,45.9,0,0,72.1,0,41.6
2009-10,38,Rice,44.7,0,0,0,89.3,67.3
2009-10,39,N Illinois,44.3,0,0,36.8,49.7,51.9
2009-10,40,N Texas,44,0,0,31,57,20.6
2009-10,41,Nevada,42.4,0,0,24.3,57.9,37
2009-10,42,Wisconsin,42.2,0,0,56.2,32.1,33.7
2009-10,43,LSU,42.1,0,0,44.9,38.8,0
2009-10,44,Maryland,41.4,0,0,48,33.4,51.8
2009-10,45,Tulane,40.9,0,0,90,0,39
2009-10,46,Oklahoma,40.3,0,0,67.2,21,30.4
2009-10,47,Fresno St,39.7,0,0,46.8,36.1,16.6
2009-10,48,Mississippi St,39.5,0,0,37.2,42.2,23.4
2009-10,49,S Florida,38.5,0,0,0,60.4,28.2
2009-10,50,Kansas St,38,0,0,0,63.3,0
2009-10,51,Florida Atlantic,37.1,0,0,0,63.6,0
2009-10,52,Iowa,36.7,0,0,34.2,39.2,0
2009-10,53,E Michigan,36.4,0,0,36.6,36.3,57.1
2009-10,54,Ball St,35.9,0,0,28.2,42.3,48.2
2009-10,55,New Mexico,35.7,0,0,36.3,35,23.7
2009-10,56,Tennessee,35.6,0,0,46.3,18.6,23.5
2009-10,57,C Michigan,35.4,0,0,0,51.1,50.9
2009-10,58,Toledo,35.3,0,0,0,60.4,23.7
2009-10,59,Texas Tech,35,0,0,0,70,27
2009-10,60,Pittsburgh,34.6,0,0,40.5,28.7,38.8
2009-10,61,Virginia Tech,34.2,0,0,58.8,13,14.4
2009-10,62,UConn,33.2,0,0,24.8,39.1,7.2
2009-10,63,Cincinnati,33,0,0,0,56.6,18.4
2009-10,64,Clemson,32.3,0,0,26.5,37.3,40.9
2009-10,65,Wake Forest,31.8,0,0,58.3,0,37.5
2009-10,66,Troy,31.8,0,0,82.6,0,11.3
2009-10,67,Louisiana,31.6,0,0,37,27.2,27.6
2009-10,68,Georgia,30.3,0,0,40.2,23.1,24.1
2009-10,69,Boise St,29.1,0,0,32.8,25.9,0
2009-10,70,E Carolina,28.2,0,0,0,45.9,51
2009-10,71,Houston,28.2,0,0,0,45.8,62.4
2009-10,72,Texas A&M,27.8,0,0,51.6,0,26.2
2009-10,73,Louisiana Tech,27.7,0,0,0,43.6,24.6
2009-10,74,New Mexico St,27.7,0,0,66.4,0,0
2009-10,75,Ohio,27.3,0,0,37.2,21.1,65.6
2009-10,76,Baylor,26.2,0,0,23.8,28.2,25.9
2009-10,77,Georgia Tech,26.1,0,0,41.2,16.6,16.5
2009-10,78,Mississippi,25.8,0,0,0,47.3,39.6
2009-10,79,Arizona,25.6,0,0,40.4,15,42.7
2009-10,80,Temple,25,0,0,19,29.3,61.9
2009-10,81,W Michigan,23.9,0,0,0,37.6,64.1
2009-10,82,Memphis,23.6,0,0,26.8,21,83.8
2009-10,83,Iowa St,23.6,0,0,22.6,24.3,19.5
2009-10,84,Kent St,23.2,0,0,51,0,27.4
2009-10,85,Louisville,22.3,0,0,0,40.8,13.8
2009-10,86,Rutgers,22.1,0,0,48.6,0,42.2
2009-10,87,UCLA,22.1,0,0,31,14.4,0
2009-10,88,USC,21.4,0,0,46.3,0,40.3
2009-10,89,Washington,21.1,0,0,36.1,0,29.2
2009-10,90,Illinois,19.5,0,0,0,35.8,54.4
2009-10,91,Vanderbilt,19.3,0,0,24.8,14.7,12.5
2009-10,92,UL Monroe,17.9,0,0,0,28.1,36.9
2009-10,93,Florida Intl,17.8,0,0,0,30.4,0
2009-10,94,Colorado St,17.3,0,0,38,0,0
2009-10,95,Army,16.8,0,0,35.4,1.3,6.7
2009-10,96,Oregon St,16.5,0,0,0,28.3,19.2
2009-10,96,Air Force,16.5,0,0,0,28.3,1.3
2009-10,98,Wyoming,15.5,0,0,37.2,0,17
2009-10,99,Kentucky,14.8,0,0,29.7,0,12.3
2009-10,100,Navy,14.8,0,0,20.6,11.1,18.1
2009-10,101,TCU,14.8,0,0,0,25.3,22.1
2009-10,102,Akron,14.4,0,0,0,26.3,43.8
2009-10,103,W Kentucky,12.1,0,0,0,19,0
2009-10,104,Arkansas St,11.9,0,0,0,18.7,14.5
2009-10,105,Utah St,11,0,0,0,17.3,0
2009-10,106,Virginia,10.9,0,0,20,0,14.1
2009-10,107,Marshall,10.5,0,0,0,18,42.1
2009-10,108,Florida,8.8,0,0,19.2,0,31.3
2009-10,109,NC State,7.4,0,0,12.3,0,12.7
2009-10,110,Miami OH,0,0,0,0,0,40.8
2009-10,110,Ohio St,0,0,0,0,0,20.5
2009-10,110,San Diego St,0,0,0,0,0,0
2009-10,110,Arkansas,0,0,0,0,0,29.4
2009-10,110,Boston College,0,0,0,0,0,19.1
2009-10,110,Southern Miss,0,0,0,0,0,15.8
2009-10,110,Indiana,0,0,0,0,0,0
2009-10,110,Colorado,0,0,0,0,0,0
2009-10,110,Bowling Green,0,0,0,0,0,37.6
2009-10,110,Arizona St,0,0,0,0,0,31.4
2009-10,110,UCF,0,0,0,0,0,0
2010-11,1,Ohio St,0,0,0,0,0,0
2010-11,1,Tulane,0,0,0,0,0,40.9
2010-11,1,Wake Forest,0,0,0,0,0,31.8
2010-11,1,Miami OH,0,0,0,0,0,0
2010-11,1,Auburn,0,0,0,0,0,62.8
2010-11,1,Army,0,0,0,0,0,16.8
2010-11,1,UCLA,0,0,0,0,0,22.1
2010-11,1,E Michigan,0,0,0,0,0,36.4
2010-11,1,Florida,0,0,0,0,0,8.8
2010-11,1,E Carolina,0,0,0,0,0,28.2
2010-11,1,Washington St,0,0,0,0,0,61.1
2010-11,1,Navy,0,0,0,0,0,14.8
2010-11,1,Texas A&M,0,0,0,0,0,27.8
2010-11,1,San Diego St,0,0,0,0,0,0
2010-11,1,Louisiana Tech,0,0,0,0,0,27.7
2010-11,1,Missouri,0,0,0,0,0,61.6
2010-11,1,UNLV,0,0,0,0,0,51.6
2010-11,1,UConn,0,0,0,0,0,33.2
2010-11,1,Nevada,0,0,0,0,0,42.4
2010-11,1,Penn St,0,0,0,0,0,66
2010-11,1,N Texas,0,0,0,0,0,44
2010-11,1,Temple,0,0,0,0,0,25
2010-11,1,Northwestern,0,0,0,0,0,73.4
2010-11,1,Louisiana,0,0,0,0,0,31.6
2010-11,1,NC State,0,0,0,0,0,7.4
2010-11,1,Akron,0,0,0,0,0,14.4
2010-11,1,Arkansas,0,0,0,0,0,0
2010-11,1,S Florida,0,0,0,0,0,38.5
2010-11,1,Miami,0,0,0,0,0,54.7
2010-11,1,Toledo,0,0,0,0,0,35.3
2010-11,1,Tennessee,0,0,0,0,0,35.6
2010-11,1,Memphis,0,0,0,0,0,23.6
2010-11,1,USC,0,0,0,0,0,21.4
2010-11,1,Vanderbilt,0,0,0,0,0,19.3
2010-11,1,Oklahoma,0,0,0,0,0,40.3
2010-11,1,Washington,0,0,0,0,0,21.1
2010-11,1,SMU,0,0,0,0,0,64.8
2010-11,1,Nebraska,0,0,0,0,0,51.8
2010-11,1,BYU,0,0,0,0,0,50
2010-11,1,Florida Intl,0,0,0,0,0,17.8
2010-11,1,San Jose St,0,0,0,0,0,50.9
2010-11,1,Iowa,0,0,0,0,0,36.7
2010-11,1,Arkansas St,0,0,0,0,0,11.9
2010-11,1,Boston College,0,0,0,0,0,0
2010-11,1,Minnesota,0,0,0,0,0,73.8
2010-11,1,Idaho,0,0,0,0,0,61.4
2010-11,1,Maryland,0,0,0,0,0,41.4
2010-11,1,Marshall,0,0,0,0,0,10.5
2010-11,1,Wisconsin,0,0,0,0,0,42.2
2010-11,1,Southern Miss,0,0,0,0,0,0
2010-11,1,Virginia,0,0,0,0,0,10.9
2010-11,1,C Michigan,0,0,0,0,0,35.4
2010-11,1,Alabama,0,0,0,0,0,56.5
2010-11,1,Cincinnati,0,0,0,0,0,33
2010-11,1,Oregon,0,0,0,0,0,51.3
2010-11,1,N Illinois,0,0,0,0,0,44.3
2010-11,1,South Carolina,0,0,0,0,0,75.8
2010-11,1,Oklahoma St,0,0,0,0,0,50.2
2010-11,1,California,0,0,0,0,0,56.7
2010-11,1,Fresno St,0,0,0,0,0,39.7
2010-11,1,Texas,0,0,0,0,0,65.8
2010-11,1,Wyoming,0,0,0,0,0,15.5
2010-11,1,W Kentucky,0,0,0,0,0,12.1
2010-11,1,Rice,0,0,0,0,0,44.7
2010-11,1,Kansas St,0,0,0,0,0,38
2010-11,1,New Mexico,0,0,0,0,0,35.7
2010-11,1,West Virginia,0,0,0,0,0,53
2010-11,1,Kent St,0,0,0,0,0,23.2
2010-11,1,Purdue,0,0,0,0,0,57.4
2010-11,1,Middle Tenn,0,0,0,0,0,63.8
2010-11,1,Georgia Tech,0,0,0,0,0,26.1
2010-11,1,Indiana,0,0,0,0,0,0
2010-11,1,UL Monroe,0,0,0,0,0,17.9
2010-11,1,Duke,0,0,0,0,0,46.5
2010-11,1,Ohio,0,0,0,0,0,27.3
2010-11,1,Mississippi,0,0,0,0,0,25.8
2010-11,1,Houston,0,0,0,0,0,28.2
2010-11,1,Clemson,0,0,0,0,0,32.3
2010-11,1,Ball St,0,0,0,0,0,35.9
2010-11,1,Kentucky,0,0,0,0,0,14.8
2010-11,1,TCU,0,0,0,0,0,14.8
2010-11,1,Arizona,0,0,0,0,0,25.6
2010-11,1,Notre Dame,0,0,0,0,0,81
2010-11,1,Texas Tech,0,0,0,0,0,35
2010-11,1,Stanford,0,0,0,0,0,49.2
2010-11,1,UTEP,0,0,0,0,0,50.1
2010-11,1,Colorado,0,0,0,0,0,0
2010-11,1,Utah,0,0,0,0,0,54.7
2010-11,1,Syracuse,0,0,0,0,0,58.9
2010-11,1,Boise St,0,0,0,0,0,29.1
2010-11,1,Illinois,0,0,0,0,0,19.5
2010-11,1,New Mexico St,0,0,0,0,0,27.7
2010-11,1,Pittsburgh,0,0,0,0,0,34.6
2010-11,1,Michigan St,0,0,0,0,0,47.4
2010-11,1,Utah St,0,0,0,0,0,11
2010-11,1,North Carolina,0,0,0,0,0,59.5
2010-11,1,Buffalo,0,0,0,0,0,79.4
2010-11,1,Mississippi St,0,0,0,0,0,39.5
2010-11,1,Louisville,0,0,0,0,0,22.3
2010-11,1,Florida St,0,0,0,0,0,46.9
2010-11,1,Bowling Green,0,0,0,0,0,0
2010-11,1,LSU,0,0,0,0,0,42.1
2010-11,1,UAB,0,0,0,0,0,46.3
2010-11,1,Oregon St,0,0,0,0,0,16.5
2010-11,1,W Michigan,0,0,0,0,0,23.9
2010-11,1,Georgia,0,0,0,0,0,30.3
2010-11,1,Baylor,0,0,0,0,0,26.2
2010-11,1,Arizona St,0,0,0,0,0,0
2010-11,1,Hawai'i,0,0,0,0,0,79.5
2010-11,1,Kansas,0,0,0,0,0,59.8
2010-11,1,Colorado St,0,0,0,0,0,17.3
2010-11,1,Florida Atlantic,0,0,0,0,0,37.1
2010-11,1,Tulsa,0,0,0,0,0,63.8
2010-11,1,Iowa St,0,0,0,0,0,23.6
2010-11,1,Air Force,0,0,0,0,0,16.5
2010-11,1,Rutgers,0,0,0,0,0,22.1
2010-11,1,Michigan,0,0,0,0,0,45.9
2010-11,1,Troy,0,0,0,0,0,31.8
2010-11,1,Virginia Tech,0,0,0,0,0,34.2
2010-11,1,UCF,0,0,0,0,0,0
2011-12,1,Houston,441.5,459.7,532,403,474.6,0
2011-12,2,Oklahoma St,387.2,364,399,390.3,384.6,0
2011-12,3,Arizona,366.5,372.7,373,339.6,389,0
2011-12,4,Baylor,357.5,290.7,295,367.3,347.7,0
2011-12,5,W Michigan,349.9,401.7,439,346,351.9,0
2011-12,6,Oklahoma,349.4,222.3,161,372.5,329.6,0
2011-12,7,Texas Tech,344.7,294,398,286.8,393,0
2011-12,8,West Virginia,339.8,296,407,353,326.7,0
2011-12,9,Washington St,324.2,394.3,344,379.8,292.4,0
2011-12,10,Arizona St,318.1,382,395,322.5,313.7,0
2011-12,11,Boise St,309.4,323.7,298,293.5,323,0
2011-12,12,Miami OH,299.1,383,372,302.5,295.7,0
2011-12,13,Arkansas St,295.5,347.3,353,285.6,302.6,0
2011-12,14,Arkansas,295.4,265.3,216,296.4,294.7,0
2011-12,15,USC,294.2,306.7,423,320.4,257.4,0
2011-12,16,Oregon St,292.3,293.7,299,292.8,291.8,0
2011-12,17,Hawai'i,291.8,294.7,282,260.8,322.8,0
2011-12,18,Troy,291.3,336.7,311,299.8,285.3,0
2011-12,19,Texas A&M,291.1,277.7,329,309.7,269.3,0
2011-12,20,E Carolina,286.1,207,285,292.2,280,0
2011-12,21,Clemson,283.9,191,250,339.5,236.3,0
2011-12,22,C Michigan,283.8,303.7,233,333.3,255.6,0
2011-12,23,Louisiana,280.4,356,492,300,270.6,0
2011-12,24,Stanford,278.7,279,347,254.1,307.3,0
2011-12,25,Duke,278.6,279.3,285,260.7,300.2,0
2011-12,26,San Jose St,276.8,349.3,363,277.6,276.3,0
2011-12,27,Fresno St,275.8,294.3,336,244.2,298.3,0
2011-12,28,New Mexico St,273.1,176.3,252,315.2,237,0
2011-12,29,Washington,268.3,294.7,438,278.5,258.2,0
2011-12,30,Northwestern,265.7,231.7,226,301.8,239.9,0
2011-12,31,Southern Miss,264.9,243,165,290.6,248.9,0
2011-12,32,Toledo,264.7,252.7,216,298,240.9,0
2011-12,33,SMU,263.1,219,239,270.4,257.9,0
2011-12,34,Nevada,259.2,264.3,117,318.3,208.4,0
2011-12,35,Bowling Green,257.7,241,236,269.6,247.8,0
2011-12,36,Ohio,254.9,221.7,220,266.2,247.9,0
2011-12,37,Middle Tenn,254.3,200.3,91,250,258.7,0
2011-12,38,Michigan St,253.7,271,318,255.3,252.3,0
2011-12,39,Notre Dame,252.6,231.7,187,269.1,233.3,0
2011-12,40,North Carolina,252.5,287.3,317,262.8,242.2,0
2011-12,41,Wake Forest,248.8,242.3,224,258.5,239.2,0
2011-12,42,Tulsa,248.7,237,235,254,244.1,0
2011-12,43,San Diego St,246.3,282,413,271.3,221.2,0
2011-12,44,N Illinois,246.1,230,342,198.8,275.6,0
2011-12,45,Rutgers,243.8,272.3,196,224.7,263,0
2011-12,46,California,242.5,235,188,213.2,263.4,0
2011-12,47,NC State,242.5,274.3,264,231.8,251.3,0
2011-12,48,BYU,242.3,283.7,250,241,243.7,0
2011-12,48,Louisiana Tech,242.3,278.7,264,242.5,242.3,0
2011-12,50,Georgia,242.1,252.7,288,232.6,248,0
2011-12,51,Ball St,241,282,317,281.2,212.3,0
2011-12,52,UL Monroe,240.5,210.7,193,275.5,220.6,0
2011-12,53,Florida St,238.7,171.3,249,246.7,230.7,0
2011-12,54,Colorado,237.6,211,264,251.8,228.8,0
2011-12,55,UCF,237.5,241.7,211,203,266.2,0
2011-12,56,Tennessee,236.4,214,215,256.6,201,0
2011-12,57,Virginia,236.2,253.7,312,203,269.3,0
2011-12,58,UAB,234.6,278.7,190,211.4,251.1,0
2011-12,59,Miami,234.2,249,245,221.5,249.4,0
2011-12,60,Iowa,233.8,223.7,216,263.7,204,0
2011-12,61,TCU,233.1,174,206,203.7,262.5,0
2011-12,62,S Florida,228.9,202,226,264.8,185.8,0
2011-12,63,Wisconsin,225.8,233.7,296,220.2,230.6,0
2011-12,64,Missouri,224.5,176,176,198.2,243.3,0
2011-12,65,Virginia Tech,223.4,238.3,214,238,214.3,0
2011-12,66,Oregon,220.4,266.7,276,252.6,182.8,0
2011-12,67,Syracuse,219.5,241.7,225,218.2,221.2,0
2011-12,68,Alabama,217.3,193.7,234,249.5,185,0
2011-12,69,Maryland,217,190.3,166,242.8,186,0
2011-12,70,Florida Intl,214.9,177,163,226,205.4,0
2011-12,71,Iowa St,214.4,166,220,252.2,187.4,0
2011-12,72,Marshall,213.3,239,226,252.6,188.8,0
2011-12,73,Buffalo,213.2,157.3,157,252.6,180.3,0
2011-12,74,UTEP,212.9,234.3,249,206.2,218.5,0
2011-12,75,Cincinnati,210.4,158.7,80,204.8,214.4,0
2011-12,76,Louisville,210.3,229.3,274,213.8,207.7,0
2011-12,77,Tulane,209.6,136.3,102,257.8,175.1,0
2011-12,78,Pittsburgh,205.8,197,195,217.1,190,0
2011-12,79,UCLA,198.3,213,201,172.5,217.6,0
2011-12,80,Rice,196.8,139,163,246,161.6,0
2011-12,81,Wyoming,196.3,132,127,187.8,201.1,0
2011-12,82,Purdue,192,191.3,177,193.3,190.7,0
2011-12,83,UConn,191.6,205.7,252,190.7,192.8,0
2011-12,84,Indiana,190.3,154.3,147,178,200.5,0
2011-12,85,Texas,189.9,217.7,146,160.5,215.1,0
2011-12,86,N Texas,189.3,202.7,23,181.7,197,0
2011-12,87,Illinois,186.4,126,148,208.9,155,0
2011-12,88,Michigan,182.8,158.3,128,173,198.6,0
2011-12,89,Penn St,182.3,114.7,137,194,170.5,0
2011-12,90,Utah,179.3,183.3,193,163.6,190.4,0
2011-12,91,South Carolina,178.5,174.7,230,207.5,149.5,0
2011-12,92,Colorado St,177.8,172,143,170.8,183.7,0
2011-12,93,Idaho,177.5,167.7,178,214.2,146.8,0
2011-12,94,Memphis,177.4,193,174,181.8,173.7,0
2011-12,95,Vanderbilt,174.4,181.7,168,171.5,177.3,0
2011-12,96,Florida,173.8,127,132,207.7,139.8,0
2011-12,97,Mississippi St,173.5,108.7,129,131.8,203.3,0
2011-12,98,Utah St,172.9,131,96,177.6,169.6,0
2011-12,99,Kansas,169.3,104.3,72,189.2,152.7,0
2011-12,100,Nebraska,165,133.7,116,182.8,147.2,0
2011-12,101,Boston College,164.7,161.3,196,203.4,132.5,0
2011-12,102,W Kentucky,160.6,161.3,156,176.8,147.2,0
2011-12,103,New Mexico,160.2,193.7,145,211,117.8,0
2011-12,104,Akron,156.4,123.7,35,197.2,122.3,0
2011-12,105,Auburn,154.6,129,181,159.2,150,0
2011-12,106,Kansas St,153.5,138,173,145.2,161.8,0
2011-12,107,Mississippi,153.1,112,110,142,166.4,0
2011-12,108,Minnesota,152.7,86.7,85,142,165.6,0
2011-12,109,Kent St,150.1,182.7,260,183.2,122.5,0
2011-12,110,LSU,145.2,97,53,198.8,111.6,0
2011-12,111,Florida Atlantic,143.1,139,79,127.6,154.1,0
2011-12,112,Air Force,138.9,169.3,159,128,148,0
2011-12,113,Kentucky,138.4,112,15,170.2,100.2,0
2011-12,114,E Michigan,134.4,155,147,167,112.7,0
2011-12,115,Ohio St,127,160,162,137.4,114.8,0
2011-12,116,Georgia Tech,123.8,144.7,137,121.8,125.7,0
2011-12,117,Temple,117.8,120.3,169,106.3,129.2,0
2011-12,118,UNLV,92.8,69.7,48,138.3,66.9,0
2011-12,119,Navy,89.4,34.3,13,135.8,62.9,0
2011-12,120,Army,52.3,60.7,77,39.7,57,0
2012-13,1,Marshall,359.2,337.3,419,370.2,350,213.3
2012-13,2,Texas Tech,358.8,309,284,398.6,330.4,344.7
2012-13,3,Louisiana Tech,350,407.7,483,371,329,242.3
2012-13,4,Baylor,342.9,293.3,188,324,356.4,357.5
2012-13,5,Washington St,337.8,349,350,398,303.4,324.2
2012-13,6,Oklahoma,337.6,344.7,278,351,328,349.4
2012-13,7,San Jose St,336.4,355.7,395,388.8,299,276.8
2012-13,8,Oklahoma St,335.4,314,311,329.2,341.7,387.2
2012-13,9,Troy,331.5,381,281,373,290,291.3
2012-13,10,Houston,329.7,293,370,317.1,347.2,441.5
2012-13,11,Fresno St,327.9,353.7,362,397.8,278,275.8
2012-13,12,Texas A&M,323.7,323.3,307,346,311,291.1
2012-13,13,Clemson,321.8,318.3,346,306.5,337.2,283.9
2012-13,14,West Virginia,319.8,280,197,351.4,275.4,339.8
2012-13,15,NC State,316.5,373.7,383,243.2,368.9,242.5
2012-13,16,Indiana,312.9,345,348,339.2,291,190.3
2012-13,17,Tennessee,310.3,293,293,352.7,259.4,236.4
2012-13,18,Miami OH,305.3,344.3,218,294,311.7,299.1
2012-13,19,UAB,304.5,298,510,273,330.8,234.6
2012-13,20,Miami,303.1,349.3,398,336.6,275.2,234.2
2012-13,21,Oregon St,294.9,288,194,276.2,313.7,292.3
2012-13,22,Arizona,292.8,257.3,382,300.1,282.4,366.5
2012-13,23,North Carolina,292.7,324.7,305,302.7,280.8,252.5
2012-13,24,Arkansas,292.5,289.7,359,300.2,286.2,295.4
2012-13,25,Louisville,292.1,320.7,266,318.3,265.8,210.3
2012-13,26,UL Monroe,290.7,267.3,219,277,299.3,240.5
2012-13,27,Akron,289.8,303,265,283.8,294.8,156.4
2012-13,28,Syracuse,284.5,247.3,142,288,282.8,219.5
2012-13,29,Duke,284.3,330,360,300.2,268.3,278.6
2012-13,30,USC,282.3,211.3,107,303,264.6,294.2
2012-13,31,Tulane,279.9,283.3,346,299.4,252.6,209.6
2012-13,32,W Michigan,279.5,321.7,328,285.8,274.3,349.9
2012-13,33,Georgia,279.2,307.7,427,297.5,263.4,242.1
2012-13,34,Wyoming,277.9,348.7,260,250.6,300.7,196.3
2012-13,35,E Carolina,275.8,310.7,278,300.8,257.9,286.1
2012-13,36,UCLA,275.7,255.7,329,283.1,268.3,198.3
2012-13,37,Penn St,273.6,278.3,200,287.6,254,182.3
2012-13,38,Louisiana,266.3,284.7,324,291.6,248.3,280.4
2012-13,39,Boston College,262.1,166.3,123,294.6,235,164.7
2012-13,40,Florida St,261.8,204.3,291,308.4,228.6,238.7
2012-13,41,Utah St,261.6,228.7,229,268.4,256.7,172.9
2012-13,42,Arkansas St,260.8,273.3,213,257,263.4,295.5
2012-13,43,Arizona St,260.1,253.3,268,304.4,228.4,318.1
2012-13,44,Texas,260,256.3,241,264.2,256.4,189.9
2012-13,45,Virginia,259.5,260,187,301.2,209.6,236.2
2012-13,46,Toledo,249.2,255,173,248,250,264.7
2012-13,47,C Michigan,249.1,179,253,238,260.2,283.8
2012-13,48,South Carolina,247.8,310,341,295.8,199.7,178.5
2012-13,49,Pittsburgh,245.9,207.7,185,279.5,226.7,205.8
2012-13,50,Ohio,245,273.7,337,212.8,268,254.9
2012-13,51,Nevada,244.4,197.3,256,286,214.7,259.2
2012-13,52,Florida Atlantic,244.4,346.3,379,296.3,214.7,143.1
2012-13,53,Mississippi,243.3,257.7,163,281.7,204.8,153.1
2012-13,54,BYU,242.3,321,244,254.4,233.6,242.3
2012-13,55,Mississippi St,241.5,237,106,243.8,239.2,173.5
2012-13,56,UTSA,240.5,248.7,200,250,234.8,
2012-13,57,Ball St,239.5,195,217,288.2,209,241
2012-13,58,Cincinnati,239.5,264.7,332,199.6,272.7,210.4
2012-13,59,Florida Intl,238.4,214.3,226,237,239.8,214.9
2012-13,60,SMU,233.6,179.7,212,228.8,238.3,263.1
2012-13,61,TCU,233.3,171.3,201,263.2,211.9,233.1
2012-13,62,N Illinois,232.7,187,176,275.2,206.1,246.1
2012-13,63,Virginia Tech,230.8,189.7,193,212.6,243.9,223.4
2012-13,64,UConn,230.4,214,337,249.8,211,191.6
2012-13,65,Idaho,229.6,202,52,289.8,195.3,177.5
2012-13,66,Purdue,227.3,258.7,212,236.7,218,192
2012-13,67,N Texas,225.8,191.7,146,235,220.6,189.3
2012-13,68,Rice,225.6,266.3,295,236.2,219,196.8
2012-13,69,UCF,225.6,236.7,272,244.7,211.3,237.5
2012-13,70,New Mexico St,224.2,168.7,248,214.6,232.2,273.1
2012-13,71,UTEP,224,187.7,295,189.7,258.3,212.9
2012-13,72,Boise St,223.2,250.3,298,204,239.6,309.4
2012-13,73,Notre Dame,222.8,283.3,270,237.7,210,252.6
2012-13,74,Alabama,222.5,214,264,235.3,211.4,217.3
2012-13,75,Missouri,220.4,288.7,276,213.8,228.2,224.5
2012-13,76,UNLV,216.7,185,166,252.8,180.5,92.8
2012-13,77,Vanderbilt,213.9,195,108,217.8,211.1,174.4
2012-13,78,Middle Tenn,213.9,174.3,114,235.3,201.7,254.3
2012-13,79,Colorado St,213.7,145,254,179.2,242.5,177.8
2012-13,80,Oregon,213.3,171,166,223,203.7,220.4
2012-13,81,S Alabama,213.3,232.3,148,175.8,240,231.5
2012-13,82,S Florida,212.9,163,109,175.8,243.8,228.9
2012-13,83,Washington,212.1,228,242,213.6,211,268.3
2012-13,84,Iowa St,211.9,213,170,209,214.8,214.4
2012-13,85,Kansas St,210.6,207,151,212.7,208.5,153.5
2012-13,86,Michigan St,209.9,181.3,104,208.9,211.2,253.7
2012-13,87,Tulsa,209.8,219.7,93,219.8,201.1,248.7
2012-13,88,Nebraska,209.2,154,204,227.2,193.9,165
2012-13,89,California,206.7,148.7,132,200.7,214,242.5
2012-13,90,Bowling Green,202.1,247.3,159,251,177.6,257.7
2012-13,91,Wake Forest,201.4,169.7,186,255.2,136.8,248.8
2012-13,92,Stanford,200.1,157.3,157,218,182.3,278.7
2012-13,93,Michigan,199.3,233,214,239.3,165,182.8
2012-13,94,LSU,197.4,206.3,120,229.7,152.2,145.2
2012-13,95,Buffalo,193.3,230,168,180.4,204,213.2
2012-13,96,W Kentucky,192.9,173.7,199,224.8,170.1,160.6
2012-13,97,Colorado,192.9,190,306,172,210.3,237.6
2012-13,98,Hawai'i,192.4,169,181,228.4,162.3,291.8
2012-13,99,Texas St,191.3,232,82,174.4,205.3,93.5
2012-13,100,Rutgers,189,190,129,146.4,219.4,243.8
2012-13,101,Utah,187.9,165.3,128,224.4,157.5,179.3
2012-13,102,UMass,186.7,244.7,253,212,168.6,195
2012-13,103,Maryland,185.1,131,216,161.4,204.8,217
2012-13,104,Iowa,183.7,154.3,92,185.7,181.4,233.8
2012-13,105,Kentucky,182,160.7,245,205.8,153.4,138.4
2012-13,106,Ohio St,181.5,174.3,189,191.8,161,127
2012-13,107,E Michigan,173.5,142.3,133,203.2,148.8,134.4
2012-13,108,Northwestern,172.3,184.7,196,171.2,173.3,265.7
2012-13,109,San Diego St,170.5,132.7,144,191.3,149.7,246.3
2012-13,110,Minnesota,169.3,109.3,146,183.7,154.8,152.7
2012-13,111,Southern Miss,168.3,231.3,193,183.7,152.8,264.9
2012-13,112,Memphis,167.5,199.3,162,193,146.2,177.4
2012-13,113,Auburn,155.3,138.7,71,182.8,122.2,154.6
2012-13,114,Wisconsin,152.2,125,83,162.2,143.6,225.8
2012-13,114,Kent St,152.2,172.3,157,192.8,134.1,150.1
2012-13,116,Illinois,151,150.3,116,190.2,104,186.4
2012-13,117,Kansas,146.8,111.7,117,177.2,121.5,169.3
2012-13,118,Florida,145.7,162.3,175,128.5,162.8,173.8
2012-13,119,Temple,126.8,115.3,173,146.4,107.2,117.8
2012-13,120,Georgia Tech,121.2,104.3,75,130.5,113.1,123.8
2012-13,121,Navy,105.4,67.3,37,88,114.1,89.4
2012-13,122,Air Force,99.3,37,48,83,111,138.9
2012-13,123,New Mexico,68.8,120,205,50.6,81.7,160.2
2012-13,124,Army,63.8,63.7,48,65,61.8,52.3
2013-14,1,Fresno St,410.5,380,217,463.3,357.7,327.9
2013-14,2,Texas Tech,384.4,341.7,403,384.2,384.6,358.8
2013-14,3,Oregon St,368.5,293.7,259,345.4,385,294.9
2013-14,4,San Jose St,367.8,447.7,577,427.2,318.3,336.4
2013-14,5,Washington St,364.5,393.3,410,345.2,378.3,337.8
2013-14,6,Baylor,354.8,283,356,372,337.5,342.9
2013-14,7,SMU,343.6,225.3,235,399.6,297,233.6
2013-14,8,Texas A&M,341.1,267,382,383.6,281.6,323.7
2013-14,9,Clemson,331.9,328.7,378,319.4,342.3,321.8
2013-14,10,Troy,326.1,300,297,322,328.4,331.5
2013-14,11,Florida St,322.8,298,237,324.2,321.7,261.8
2013-14,12,Ball St,322.8,328,215,341.8,309.3,239.5
2013-14,13,E Carolina,318.2,284.3,287,289,339,275.8
2013-14,14,California,317.5,272.3,310,370.8,253.4,206.7
2013-14,15,Louisville,307.1,307.3,447,290.7,323.5,292.1
2013-14,16,Indiana,305.5,244.3,291,321.4,277.8,312.9
2013-14,17,Georgia,303.7,330.3,320,343.8,275,279.2
2013-14,18,Cincinnati,301.8,302,181,293,308.1,239.5
2013-14,19,Hawai'i,301.4,338.7,323,312.3,290.5,192.4
2013-14,20,Marshall,295.2,291.3,337,289.2,298.9,359.2
2013-14,21,Oregon,293.1,282,253,287.8,298.3,213.3
2013-14,22,Mississippi,285.3,236.3,256,334.5,236,243.3
2013-14,23,Wyoming,284.1,290,162,287.6,281.2,277.9
2013-14,24,Houston,282.7,242.7,238,324.3,268.8,329.7
2013-14,25,UCF,281.6,254,301,298.5,267.1,225.6
2013-14,26,Boise St,279.8,281.3,382,262.6,292.1,223.2
2013-14,27,Oklahoma St,277.3,339,377,295.8,264.1,335.4
2013-14,28,Illinois,276.1,284,307,273.5,279.2,151
2013-14,29,North Carolina,266.4,189,171,314.8,218,292.7
2013-14,30,W Kentucky,266.1,202,255,297.5,248.1,192.9
2013-14,31,West Virginia,264.6,297,356,315.8,222,319.8
2013-14,32,Colorado St,264.1,303.7,369,336.4,218.9,213.7
2013-14,33,S Alabama,262.3,219.3,171,220,297.5,213.3
2013-14,34,Miami,261.6,223.3,160,235.8,287.3,303.1
2013-14,35,Temple,259.6,330,328,254.4,264,126.8
2013-14,36,Penn St,259.2,256,339,247.9,275,273.6
2013-14,37,Arizona St,258.3,190.7,125,265.7,249.7,260.1
2013-14,38,Bowling Green,257.5,300.7,279,213.8,284.8,202.1
2013-14,39,Washington,256.2,157.3,129,257.3,255,212.1
2013-14,40,Notre Dame,254.8,251,319,207.3,295.6,222.8
2013-14,41,Alabama,253.8,283.7,387,230.3,277.3,222.5
2013-14,42,San Diego St,253.3,246,211,279.2,234.9,170.5
2013-14,43,UCLA,251.5,237,250,302.7,207.6,275.7
2013-14,44,South Carolina,251.1,237.3,321,225,277.2,247.8
2013-14,45,Duke,249.5,280.3,427,241.5,256.3,284.3
2013-14,46,Nevada,248.6,237.3,259,282.6,220.3,244.4
2013-14,47,Michigan,247.8,248.3,196,306.9,178.8,199.3
2013-14,48,Pittsburgh,247.5,243.7,232,245.5,249.5,245.9
2013-14,49,UNLV,247.1,202.3,196,264.3,229.8,216.7
2013-14,50,Missouri,246.5,249,206,235.5,255.9,220.4
2013-14,51,Maryland,246.3,211.3,197,266.6,231.9,185.1
2013-14,52,Ohio,245.6,236.3,328,255.5,235.7,245
2013-14,53,Colorado,245,275,273,261,234.3,192.9
2013-14,54,LSU,243.6,169,82,227.2,260,197.4
2013-14,55,Rutgers,242.8,210.3,156,241.7,243.8,189
2013-14,56,Southern Miss,242.6,276,370,257.6,231.9,168.3
2013-14,57,UTSA,242.4,247,284,274.3,210.5,240.5
2013-14,58,Mississippi St,241.6,262.7,294,230.2,253,241.5
2013-14,59,UL Monroe,240.5,222,272,260.5,229.1,290.7
2013-14,60,New Mexico St,240.1,235.3,190,253,224.6,224.2
2013-14,61,NC State,239.5,279,200,239.4,239.5,316.5
2013-14,62,Virginia Tech,237.2,208,176,227.4,244.1,230.8
2013-14,63,UConn,236.7,295,463,268.3,198.8,230.4
2013-14,63,Northwestern,236.7,277.3,414,251.5,219,172.3
2013-14,65,Georgia St,235.8,289,321,328.5,161.6,198.5
2013-14,66,BYU,232.1,186.3,293,229.8,233.7,242.3
2013-14,67,Utah,231.4,253.7,233,242.8,217.6,187.9
2013-14,68,N Texas,229.8,219.3,256,213,244.1,225.8
2013-14,69,Buffalo,228.3,207.7,196,184.3,250.3,193.3
2013-14,70,USC,227.1,241.7,345,210.1,244.1,282.3
2013-14,71,Utah St,226.8,176.7,121,200.2,243.4,261.6
2013-14,72,TCU,225.6,260.7,288,256.8,199.7,233.3
2013-14,73,Vanderbilt,223.8,206.7,154,276.3,171.2,213.9
2013-14,74,Idaho,222,239,250,229.8,217.6,229.6
2013-14,75,Purdue,221.8,290.3,485,212.7,232.8,227.3
2013-14,76,N Illinois,221.6,158,216,233.8,216.2,232.7
2013-14,77,Kansas St,220.1,259.7,271,238.1,194.8,210.6
2013-14,78,Iowa St,217.1,273,331,237.4,200.2,211.9
2013-14,79,Louisiana,216.3,201.3,157,270,189.4,266.3
2013-14,80,UAB,215.1,230.3,286,198.5,224.6,304.5
2013-14,81,Akron,213.3,199.3,259,204.6,220.5,289.8
2013-14,82,Texas,212.5,97.3,56,232.3,195.4,260
2013-14,83,Virginia,210.8,206.7,176,212.7,207.5,259.5
2013-14,84,Louisiana Tech,209.6,175.7,151,221.3,203,350
2013-14,85,Middle Tenn,208.5,238.3,218,275.6,160.6,213.9
2013-14,86,Michigan St,207.2,259.7,332,158.7,248.9,209.9
2013-14,87,W Michigan,207.1,219.3,163,168.5,229.1,279.5
2013-14,88,Toledo,206.9,207,158,226.2,190.8,249.2
2013-14,89,Arkansas St,205.3,138.3,129,204.6,205.9,260.8
2013-14,90,Arizona,202.4,209.3,275,178,219.9,292.8
2013-14,91,Ohio St,202.4,156,234,206.5,198.9,181.5
2013-14,92,Florida Atlantic,199.2,205.3,252,246.2,165.6,244.4
2013-14,93,Oklahoma,199.1,237.3,348,195.8,201.9,337.6
2013-14,94,Stanford,197.9,192.7,143,194.7,201.1,200.1
2013-14,95,Iowa,197.4,174,157,212,182.8,183.7
2013-14,96,C Michigan,197,163.3,92,202,194.1,249.1
2013-14,97,Wisconsin,195.3,194.3,117,210.2,180.3,152.2
2013-14,98,Wake Forest,194.5,114,155,205,185.8,201.4
2013-14,99,Kentucky,193.8,174.3,254,219.5,163,182
2013-14,100,Tulsa,191.4,131.7,114,198.2,184.7,209.8
2013-14,101,Tulane,187.4,196,286,210.6,170.9,279.9
2013-14,102,Nebraska,187.3,184.7,163,203.4,164.6,209.2
2013-14,103,Kent St,185.8,170,225,204,175.4,152.2
2013-14,104,Rice,178.2,167.7,84,182,175.4,225.6
2013-14,105,Florida,175.4,175.7,115,196,158.2,145.7
2013-14,106,E Michigan,175.2,97,151,128.5,201.9,173.5
2013-14,107,Memphis,171.7,165.7,185,184.8,156,167.5
2013-14,108,Auburn,170.8,148.7,217,177.7,162.8,155.3
2013-14,109,Tennessee,167.9,126.7,199,153.5,185.2,310.3
2013-14,110,Syracuse,166.8,205.7,188,174.4,161.3,284.5
2013-14,111,UTEP,163.3,128.3,122,144.2,176.9,224
2013-14,112,S Florida,163,189.7,141,159.7,167,212.9
2013-14,113,Texas St,153.7,170.3,192,143.6,162.2,191.3
2013-14,114,UMass,152.4,111,137,187.6,123,186.7
2013-14,115,Arkansas,150.6,161.7,178,147,153.7,292.5
2013-14,116,Minnesota,150.1,143.7,223,122.2,178,169.3
2013-14,117,Boston College,143.9,164.7,206,133.8,151.1,262.1
2013-14,118,Kansas,143.2,101.3,151,146.8,138.8,146.8
2013-14,119,Florida Intl,141.5,120.3,89,186.6,104,238.4
2013-14,120,Georgia Tech,132.5,190.3,147,130.4,134.3,121.2
2013-14,121,Miami OH,124.3,90.7,143,134.6,116.9,305.3
2013-14,122,New Mexico,113,153,62,108.7,117.3,68.8
2013-14,123,Air Force,107.9,127.7,125,102.5,114.4,99.3
2013-14,124,Army,75.9,90.7,50,60.8,84.6,63.8
2013-14,125,Navy,73.3,25,19,96.5,61.8,105.4
2014-15,1,Washington St,463.8,475.7,355,488.7,434,364.5
2014-15,2,W Kentucky,374.3,449.3,486,351.2,394.1,266.1
2014-15,3,E Carolina,371.8,387.3,427,411.2,343.6,318.2
2014-15,4,Baylor,358.5,435.7,603,368,351.7,354.8
2014-15,5,California,347.8,301,393,339.2,355,317.5
2014-15,6,Texas Tech,341.9,443.3,609,301.2,375.8,384.4
2014-15,7,TCU,323.8,334.7,246,369.2,278.3,225.6
2014-15,8,West Virginia,313.8,313.7,346,294.4,327.7,264.6
2014-15,9,UMass,311.8,253.3,168,322,301.5,152.4
2014-15,10,Colorado St,310.8,346,266,329,297.7,264.1
2014-15,11,Oregon,307.6,332.3,333,306.5,308.5,293.1
2014-15,12,Florida St,304.8,260.7,348,258,344.9,322.8
2014-15,13,Cincinnati,303.6,289,345,343.8,269.1,301.8
2014-15,14,Texas A&M,297.2,225,294,239.4,338.4,341.1
2014-15,15,USC,296.6,302.3,321,336.7,262.3,227.1
2014-15,16,Old Dominion,293.5,299.7,282,250.2,329.7,306.2
2014-15,17,Kansas St,291.5,316.3,338,270,313,220.1
2014-15,18,Marshall,286.9,335.3,281,337.5,243.6,295.2
2014-15,19,Notre Dame,285.5,222.3,186,264.2,303.7,254.8
2014-15,20,Colorado,284.6,227,317,301,268.2,245
2014-15,21,BYU,282.4,368.7,348,278.2,285.4,232.1
2014-15,22,Mississippi St,281.9,318,453,274.7,289.2,241.6
2014-15,23,Arizona,281.8,218.7,335,326.9,236.7,202.4
2014-15,24,South Carolina,281.7,268,284,290.5,272.8,251.1
2014-15,25,North Carolina,281.6,238.7,263,260.8,296.4,266.4
2014-15,26,Boise St,280.4,226.3,309,254.9,306,279.8
2014-15,27,UL Monroe,279.9,385,322,326.8,246.4,240.5
2014-15,28,Idaho,275.5,228,208,268.4,281.5,222
2014-15,29,Southern Miss,274.8,211.3,263,261.4,286,242.6
2014-15,30,Alabama,273.3,270.3,237,320,233.3,253.8
2014-15,31,Arizona St,271.1,246.3,240,278.2,266,258.3
2014-15,32,Oregon St,270.6,260.3,216,292.2,244.8,368.5
2014-15,33,W Michigan,270.6,262,297,337,237.4,207.1
2014-15,34,Miami OH,270.4,245.3,218,248.4,288.7,124.3
2014-15,35,UNLV,269.3,266,171,295.4,250.6,247.1
2014-15,36,Georgia St,266.8,254.7,356,334,210.8,235.8
2014-15,37,Mississippi,265.8,233.3,120,284.7,246.8,285.3
2014-15,38,Tulsa,264.7,176.3,199,284.2,245.2,191.4
2014-15,39,Arkansas St,259.8,354.7,403,220.4,287.9,205.3
2014-15,40,Bowling Green,259.5,224,369,262,258,257.5
2014-15,41,UCLA,258.3,208,136,261.2,255.9,251.5
2014-15,42,Michigan St,258.3,257.3,314,242,274.5,207.2
2014-15,43,Iowa St,257.3,243.7,152,267.2,245.4,217.1
2014-15,44,Buffalo,255,195.7,255,254,255.8,228.3
2014-15,45,San Jose St,252.9,166.3,133,288.5,232.6,367.8
2014-15,46,Miami,252.6,265,236,277,228.2,261.6
2014-15,47,Louisiana Tech,250.1,242.3,247,282.5,235.7,209.6
2014-15,48,Louisville,249.8,294.3,314,266.8,237.7,307.1
2014-15,49,New Mexico St,249.2,206.7,314,275.4,227.3,240.1
2014-15,50,C Michigan,248,317,485,225.4,264.1,197
2014-15,51,Ohio St,247.1,251.7,242,269.7,227.4,202.4
2014-15,52,Illinois,246.8,230.3,329,279,214.7,276.1
2014-15,53,Clemson,244.8,244.3,319,247.2,242.3,331.9
2014-15,54,Virginia,242.2,214,276,209,282,210.8
2014-15,55,Wyoming,240.1,243.7,372,184.2,286.7,284.1
2014-15,56,UCF,239.8,238.3,291,269.2,218.7,281.6
2014-15,57,Oklahoma St,239.6,291.7,321,271.2,217,277.3
2014-15,58,Memphis,236.2,244,306,214.2,251.9,171.7
2014-15,59,Iowa,235.9,239.3,177,251.7,220.2,197.4
2014-15,60,Akron,235.9,209.7,191,270.8,206.8,213.3
2014-15,61,Kent St,233.6,255.7,298,248.2,216.2,185.8
2014-15,62,Penn St,233.4,219.7,371,211.3,259.2,259.2
2014-15,63,Auburn,233.2,271.3,216,215,251.3,170.8
2014-15,64,Houston,232.6,261.7,274,235.7,229.5,282.7
2014-15,65,Rice,231.5,296.7,326,232.6,230.8,178.2
2014-15,66,Northwestern,225.5,227.7,218,235.7,213.4,236.7
2014-15,67,Tennessee,224.8,165.3,178,241.7,207.8,167.9
2014-15,68,Toledo,223.7,193.3,176,207,235.6,206.9
2014-15,69,Maryland,223.1,188.3,205,235,214.6,246.3
2014-15,70,Stanford,223,218.7,208,235.2,214.3,197.9
2014-15,71,Rutgers,222.3,223.3,184,233,214.7,242.8
2014-15,72,Fresno St,218.5,195.7,93,180.4,242.4,410.5
2014-15,73,Texas St,217.5,253,267,195.4,235.8,153.7
2014-15,74,Hawai'i,214.1,209.7,247,252.2,176,301.4
2014-15,75,Kentucky,213.8,161,176,222.5,203.4,193.8
2014-15,76,UAB,213.5,171.7,176,201.4,223.7,215.1
2014-15,77,Virginia Tech,213.3,167.3,124,249.2,177.5,237.2
2014-15,78,Ball St,212.1,240,286,235.5,196.5,322.8
2014-15,79,Middle Tenn,210.8,181.7,99,196.4,222.8,208.5
2014-15,80,Ohio,210.5,157,174,222.6,200.5,245.6
2014-15,81,Duke,210.2,263.3,235,213.3,207,249.5
2014-15,82,Nebraska,209.6,268.7,381,178.2,241,187.3
2014-15,83,Utah St,205.1,111.7,68,233.2,187.5,226.8
2014-15,84,NC State,204.8,149.7,300,228.8,180.7,239.5
2014-15,85,Kansas,203.5,188.3,139,257.4,158.7,143.2
2014-15,86,Oklahoma,203.5,87.3,103,200.5,206.1,199.1
2014-15,87,Temple,202.6,212.7,255,188,214.8,259.6
2014-15,88,Washington,201.6,257.3,268,170,228.7,256.2
2014-15,89,Texas,199.9,187.3,57,192.5,206.3,212.5
2014-15,90,Florida Atlantic,199.5,181.7,133,257.4,158.1,199.2
2014-15,90,App State,199.5,224.3,223,197,201.2,221
2014-15,92,Tulane,197.9,216,151,183.6,209.8,187.4
2014-15,93,S Florida,197.3,235.7,195,162.3,239.2,163
2014-15,94,S Alabama,197,208.7,279,176,215,262.3
2014-15,95,Pittsburgh,193.8,181.7,222,224,163.5,247.5
2014-15,96,Georgia,190.8,172.3,200,162.8,218.7,303.7
2014-15,97,N Illinois,190.6,200.7,225,211,181.6,221.6
2014-15,98,Troy,190.5,206.3,272,213.2,171.5,326.1
2014-15,99,Missouri,190,211.3,97,190.3,189.7,246.5
2014-15,100,Arkansas,187.9,148.3,160,198.6,180.3,150.6
2014-15,101,Purdue,186.5,192.7,123,187.2,185.6,221.8
2014-15,102,Louisiana,185.4,176.3,227,196.2,177.7,216.3
2014-15,103,Utah,184.9,223.7,189,223.6,157.3,231.4
2014-15,104,Syracuse,184.1,106.7,66,217.6,156.2,166.8
2014-15,105,Nevada,182.9,98.7,124,189.6,178.1,248.6
2014-15,106,Vanderbilt,178.2,184.3,149,187.4,162,223.8
2014-15,107,San Diego St,176.2,167,141,198.4,160.3,253.3
2014-15,108,UTSA,175.3,190.3,277,186,164.7,242.4
2014-15,109,UConn,171.8,103.3,67,166,178.8,236.7
2014-15,110,Michigan,170.2,155.3,251,170,170.4,247.8
2014-15,111,N Texas,170.1,164.3,287,156.4,181.5,229.8
2014-15,112,SMU,168.7,113.3,145,153.5,183.8,343.6
2014-15,113,Florida,166.6,133.3,171,216.4,125.2,175.4
2014-15,114,Wake Forest,165.9,190.7,251,170.2,162.3,194.5
2014-15,115,Florida Intl,164.4,139.7,56,185.2,133.3,141.5
2014-15,116,E Michigan,156.5,270.3,119,116.5,179.4,175.2
2014-15,117,Air Force,156.2,133.7,77,127.4,176.7,107.9
2014-15,118,LSU,155.7,115,151,172,139.3,243.6
2014-15,119,Indiana,144.2,137.3,119,110.8,172,305.5
2014-15,120,UTEP,142.9,147,126,119,163.4,163.3
2014-15,121,Minnesota,140.7,165.7,267,102.5,178.8,150.1
2014-15,122,Wisconsin,137.9,174.3,121,141,135.3,195.3
2014-15,123,Boston College,128.8,110,97,137.7,119.8,143.9
2014-15,124,Georgia Tech,123.1,107.7,125,137,114.4,132.5
2014-15,125,Georgia So,106,83.3,136,116.3,100.1,0
2014-15,126,New Mexico,89.1,116.7,141,111.3,66.8,113
2014-15,127,Navy,81.3,45.3,17,106.2,63.6,73.3
2014-15,128,Army,48.8,38.3,37,77.8,29.5,75.9
2015-16,1,Washington St,396,305,295,379,408.1,463.8
2015-16,2,Texas Tech,384.1,375.3,370,443.2,341.9,341.9
2015-16,3,W Kentucky,372.2,413.7,461,400,351.4,374.3
2015-16,4,California,368,468.7,467,395.6,348.3,347.8
2015-16,5,Bowling Green,366.8,240,246,409.4,343.1,259.5
2015-16,6,Cincinnati,361.6,268.3,202,381.6,347.3,303.6
2015-16,7,Oklahoma St,348.1,353.7,303,377.8,318.3,239.6
2015-16,8,TCU,342.8,249.3,371,315,362.7,323.8
2015-16,9,Mississippi,335.6,287.7,347,333.7,337.5,265.8
2015-16,10,Southern Miss,333.9,306.7,353,311.6,347.9,274.8
2015-16,11,Tulsa,333.2,339.7,374,323.3,341.7,264.7
2015-16,12,Georgia St,331.1,307.3,208,291.2,359.6,266.8
2015-16,13,Louisiana Tech,318.4,351,458,306,327.3,250.1
2015-16,14,Memphis,316.3,183.3,106,349.4,292.6,236.2
2015-16,15,Boise St,314.8,270.3,377,276.2,342.4,280.4
2015-16,16,Mississippi St,311.8,380.7,380,305.5,318,281.9
2015-16,17,Oklahoma,308.2,231.3,311,344.3,277.1,203.5
2015-16,18,Middle Tenn,307.4,304.3,327,321.6,297.3,210.8
2015-16,19,Arizona St,299.8,376,418,302.5,297.2,271.1
2015-16,20,C Michigan,298.5,296.7,145,304.4,294.3,248
2015-16,21,Clemson,290.1,304,405,295,286.5,244.8
2015-16,22,Indiana,289.3,374.7,389,279.8,298.7,144.2
2015-16,23,UCLA,289,255.3,319,289.7,288.4,258.3
2015-16,24,BYU,286.9,320.3,315,325.8,259.1,282.4
2015-16,25,E Carolina,285.5,316,317,245,319.2,371.8
2015-16,26,Miami,284.8,260,219,270.8,294.9,252.6
2015-16,27,Baylor,282.6,85.7,111,261,298,358.5
2015-16,28,W Michigan,278.4,317.3,331,308,257.3,270.6
2015-16,29,Idaho,276.5,302.7,309,289.6,265.5,275.5
2015-16,30,Arizona,271.3,323.7,329,245.8,289.4,281.8
2015-16,31,USC,269.7,194.3,221,269.6,269.9,296.6
2015-16,32,Nebraska,266.9,219.3,174,289.4,240.7,209.6
2015-16,33,Arkansas,265.5,274.3,315,251.2,275.7,187.9
2015-16,34,Oregon,259.3,335.3,233,267,251.7,307.6
2015-16,35,Notre Dame,258.8,280.7,284,238.8,275.9,285.5
2015-16,36,Florida St,257.5,280,397,306.3,208.7,304.8
2015-16,36,UMass,257.5,151,163,253.5,261.5,311.8
2015-16,38,North Carolina,254.2,220.7,243,299.8,221.6,281.6
2015-16,39,Texas A&M,253.7,268,307,250.2,257.2,297.2
2015-16,40,Toledo,253,257.7,285,244.2,261.8,223.7
2015-16,41,New Mexico St,252.2,294.7,308,306,213.7,249.2
2015-16,42,Buffalo,249,301,287,307.8,200,255
2015-16,43,West Virginia,246.3,338.3,532,219.5,273.2,313.8
2015-16,44,Louisville,242.7,252.3,227,265.8,226.1,249.8
2015-16,45,Houston,240.2,234.7,261,241,239.2,232.6
2015-16,46,Troy,240.1,261,320,224.8,248.9,190.5
2015-16,47,Michigan,237.7,280.3,278,212.6,267,170.2
2015-16,48,Colorado,237.5,239.3,258,221.6,248.9,284.6
2015-16,49,Florida Intl,237.5,159,95,284.3,210.7,164.4
2015-16,50,Duke,236.4,276.3,163,193,267.4,210.2
2015-16,51,Virginia,236,263.3,171,243.5,227,242.2
2015-16,52,Michigan St,234.2,216.3,210,212.6,255.9,258.3
2015-16,53,Illinois,233.5,253.7,241,243.2,225.3,246.8
2015-16,54,Purdue,232.5,297,336,243.5,219.4,186.5
2015-16,55,Washington,232,232.7,284,242,222,201.6
2015-16,56,Rice,231.7,197.3,126,183.4,272,231.5
2015-16,57,Alabama,228.5,275,335,243.2,217.5,273.3
2015-16,58,Old Dominion,228.4,267.3,287,237.3,217.6,293.5
2015-16,59,Wisconsin,228.3,175,217,236.1,219.2,137.9
2015-16,60,Marshall,227.5,211.3,218,194.4,251.1,286.9
2015-16,61,Iowa St,225.7,187.7,191,242.4,211.8,257.3
2015-16,62,Ohio,223.3,202.7,165,215.6,228.9,210.5
2015-16,63,E Michigan,221.7,187.3,217,239.8,203.5,156.5
2015-16,64,Virginia Tech,221,284.7,344,196.8,238.3,213.3
2015-16,65,UNLV,220.7,264.3,273,221.6,220,269.3
2015-16,66,Temple,217,227.7,236,191.7,236,202.6
2015-16,67,Texas St,216.9,227.3,227,229,206.8,217.5
2015-16,68,Colorado St,215.3,219.7,310,200.6,225.9,310.8
2015-16,69,Minnesota,214.8,178,223,224.9,203.2,140.7
2015-16,70,Penn St,214.5,238,281,205.1,225.3,233.4
2015-16,71,SMU,214.4,127.7,64,225.8,200.6,168.7
2015-16,72,Wake Forest,213.7,223.3,338,233,197.7,165.9
2015-16,73,Utah St,213.5,196.3,237,188.4,231.4,205.1
2015-16,74,Florida Atlantic,213.1,189.7,188,232.2,194,199.5
2015-16,75,Kansas,212,181.7,215,196,231.2,203.5
2015-16,76,Stanford,211.8,215.7,223,243.9,179.7,223
2015-16,77,Louisiana,209.5,228.3,196,200.2,217.2,185.4
2015-16,78,NC State,208,218.3,214,215.4,202.7,204.8
2015-16,79,Ball St,207.4,159.7,154,214,201.8,212.1
2015-16,80,Florida,207.1,151.3,155,223.4,190.7,166.6
2015-16,81,San Jose St,205,246.3,89,205.8,204.4,252.9
2015-16,82,Miami OH,203.7,208.7,160,214.8,194.5,270.4
2015-16,83,Rutgers,203.4,206.3,344,219.3,184.2,222.3
2015-16,84,Iowa,203.2,184,239,227.7,182.1,235.9
2015-16,85,Arkansas St,201.1,235,146,171.4,222.3,259.8
2015-16,86,S Alabama,200.9,112.7,151,207.8,195.2,197
2015-16,87,Kentucky,198.5,151.7,199,214.7,170,213.8
2015-16,88,Pittsburgh,195.4,170.3,137,216.2,180.6,193.8
2015-16,88,Tennessee,195.4,158.3,194,214.7,176.2,224.8
2015-16,90,UCF,194.8,183.3,116,186.8,201.5,239.8
2015-16,91,N Illinois,194.5,148.3,38,280.6,140.8,190.6
2015-16,92,UTSA,193.4,151.7,140,197.3,189.5,175.3
2015-16,93,Tulane,193,241,343,214,175.5,197.9
2015-16,93,South Carolina,193,211.3,221,214.7,167,281.7
2015-16,95,UL Monroe,192.7,185.3,239,190.5,193.8,279.9
2015-16,96,Ohio St,188.8,123.3,211,181.3,197.7,247.1
2015-16,97,App State,188.3,153,124,196,182.7,199.5
2015-16,98,S Florida,187.9,229,307,199,180,197.3
2015-16,99,UTEP,187.8,142.7,69,221,168.9,142.9
2015-16,100,Hawai'i,185.8,187.7,116,190.5,181,214.1
2015-16,101,UConn,184.2,124.7,86,239.4,144.7,171.8
2015-16,102,Akron,181.1,193.3,182,188.8,175.6,235.9
2015-16,103,LSU,180.4,222.7,261,166,194.8,155.7
2015-16,104,Utah,179.8,96.3,71,174.7,185.8,184.9
2015-16,105,Kansas St,178.4,168.7,163,165.8,191,291.5
2015-16,106,Georgia,177.9,189.3,161,179.8,176,190.8
2015-16,107,Maryland,177.6,202.3,255,186.4,170.3,223.1
2015-16,108,Wyoming,176.9,162,248,193.6,163,240.1
2015-16,109,Fresno St,174.8,219,182,176.4,173.5,218.5
2015-16,110,Auburn,168.4,161,150,165.5,171.3,233.2
2015-16,111,N Texas,165,105.3,76,177.8,157.7,170.1
2015-16,112,Nevada,164.7,119,74,166,163.7,182.9
2015-16,113,Charlotte,164.2,162.7,158,144.8,180.3,
2015-16,114,Oregon St,163.5,167.3,199,169.8,158.3,270.6
2015-16,115,Syracuse,160.6,106,86,153.2,169.6,184.1
2015-16,116,Vanderbilt,151.6,132.7,209,167.4,138.5,178.2
2015-16,117,Missouri,151.5,154,83,142.8,158.8,190
2015-16,118,Texas,145.9,125.7,151,178.8,113,199.9
2015-16,119,San Diego St,142.2,140,129,131.8,151.1,176.2
2015-16,120,Northwestern,137.4,111.7,129,156.2,118.7,225.5
2015-16,121,New Mexico,133,127.3,189,117.2,148.8,89.1
2015-16,122,Air Force,132.9,117,149,131.8,133.6,156.2
2015-16,123,Kent St,131.2,111.3,125,137.8,125.7,233.6
2015-16,124,Georgia Tech,125.9,79.3,82,108.7,146.6,123.1
2015-16,125,Boston College,104.3,119,9,124.4,84.2,128.8
2015-16,126,Navy,101.1,199.3,173,82.6,114.3,81.3
2015-16,127,Army,88.1,164.7,208,98.8,81,48.8
2015-16,128,Georgia So,60.3,67.7,82,48.8,68.4,106
2016-17,1,Texas Tech,447.5,394.7,586,492.8,409.8,384.1
2016-17,2,California,358.8,373,301,330.5,387.2,368
2016-17,3,Washington St,357.9,286,264,342.7,373.2,396
2016-17,4,Louisiana Tech,351.5,385.7,409,343,355.2,318.4
2016-17,5,W Kentucky,340.9,330,336,375.8,311,372.2
2016-17,6,Clemson,334.4,324.3,420,383,297.9,290.1
2016-17,7,Oklahoma St,329.8,243.7,338,373.2,286.5,348.1
2016-17,8,E Carolina,327.5,245,183,326.2,328.7,285.5
2016-17,9,Toledo,322.3,267,247,330,316.7,253
2016-17,10,Mississippi,321.5,310.3,320,357,279,335.6
2016-17,11,Oklahoma,318,251,296,301.5,332.1,308.2
2016-17,12,Middle Tenn,316.8,314.7,432,327.8,311.3,307.4
2016-17,13,Syracuse,310.7,275.3,440,286.8,330.7,160.6
2016-17,14,Houston,310.2,338,229,287.8,326.1,240.2
2016-17,15,Memphis,305.2,328.7,418,307.8,302.5,316.3
2016-17,16,E Michigan,304.3,279.7,300,276.6,324,221.7
2016-17,17,Southern Miss,302.6,290,346,380,247.3,333.9
2016-17,18,Purdue,298.9,237,225,323.3,269.6,232.5
2016-17,19,Boise St,298.3,243.3,305,252.8,337.3,314.8
2016-17,20,UCLA,295.6,222.7,176,305.7,285.5,289
2016-17,21,Louisville,290.5,215,153,267.3,310.4,242.7
2016-17,22,North Carolina,286.9,285.7,280,286,287.4,254.2
2016-17,23,Baylor,285.8,332,375,279,290.6,282.6
2016-17,24,Miami,284.5,321.3,282,276.2,290.4,284.8
2016-17,25,Missouri,283.2,294,268,320.8,238,151.5
2016-17,26,C Michigan,278.8,265.3,272,262.2,290.6,298.5
2016-17,27,USC,276.4,308.3,453,285.5,268.6,269.7
2016-17,28,Indiana,273.8,177.3,224,283.6,262.3,289.3
2016-17,29,Arkansas,269,310,278,252.3,285.7,265.5
2016-17,29,SMU,269,330.3,331,286.8,254.2,214.4
2016-17,31,Arizona St,266.5,319,372,271.8,262,299.8
2016-17,32,Oregon,264.7,270.3,213,313.2,224.3,259.3
2016-17,33,Washington,263.8,203.3,150,292,239.6,232
2016-17,34,Florida St,263.7,226.7,222,270.2,259,257.5
2016-17,35,Virginia Tech,262.6,272.3,243,285.2,248.5,221
2016-17,36,Penn St,260.7,341.3,254,251.9,269.6,214.5
2016-17,37,NC State,259.7,226,235,250.2,269.2,208
2016-17,38,Idaho,259.3,250,381,254.3,261.9,276.5
2016-17,39,Iowa St,259.1,309,371,297.2,213.4,225.7
2016-17,40,Georgia St,257.8,335.3,266,302.4,220.7,331.1
2016-17,41,Tulsa,257.6,250.3,320,253.8,260.3,333.2
2016-17,42,Troy,255.8,230,235,248.6,260.9,240.1
2016-17,43,Cincinnati,255.5,254.7,400,251.2,260.8,361.6
2016-17,44,Notre Dame,254.3,239.3,254,266,242.5,258.8
2016-17,45,TCU,253.9,154,146,276.7,231.2,342.8
2016-17,46,W Michigan,252.2,214.3,157,327.2,205.3,278.4
2016-17,47,Texas,252,233.7,218,274.7,229.3,145.9
2016-17,48,Northwestern,249.6,203.7,214,241.7,257.5,137.4
2016-17,49,Colorado,248.3,202.3,256,271.2,234,237.5
2016-17,50,UMass,246.9,315.3,342,229,261.8,257.5
2016-17,51,West Virginia,246.2,195.3,134,224.7,267.7,246.3
2016-17,52,Temple,246.2,251,396,192.5,292.1,217
2016-17,53,S Alabama,245.5,270,245,215.8,270.2,200.9
2016-17,54,New Mexico St,244.9,144.3,110,226.4,258.1,252.2
2016-17,55,Texas A&M,243.5,280.7,310,250.8,236.2,253.7
2016-17,56,Duke,240.9,266.3,316,217.6,260.3,236.4
2016-17,57,Akron,239.8,225.3,131,245,235.5,181.1
2016-17,58,Colorado St,237.8,275,445,223.8,247.9,215.3
2016-17,59,Virginia,237.1,188.7,139,257.4,220.2,236
2016-17,60,Marshall,235.4,230,143,247.7,220.6,227.5
2016-17,61,Tennessee,233.8,284.7,291,215.2,252.5,195.4
2016-17,62,Old Dominion,232.4,271,188,202.6,253.7,228.4
2016-17,63,Wyoming,230.7,234.3,207,247.2,216.6,176.9
2016-17,64,Hawai'i,229.4,277.7,295,209.6,241.8,185.8
2016-17,65,Miami OH,229,249.3,263,264.6,203.6,203.7
2016-17,66,Ball St,228.4,280.3,188,263.8,208.1,207.4
2016-17,67,Arkansas St,227,259,205,201.6,245.1,201.1
2016-17,68,Florida Intl,226.7,200.7,135,234.4,215.8,237.5
2016-17,69,Kansas,226,231,302,239,215.2,212
2016-17,70,Pittsburgh,225.6,252.3,269,221.5,229.7,195.4
2016-17,71,S Florida,225.5,202.7,261,226.2,224.8,187.9
2016-17,72,Michigan St,225.3,174.7,234,211.5,241.8,234.2
2016-17,73,N Illinois,222.3,215.3,258,194.5,238.1,194.5
2016-17,74,San Jose St,221.1,243,111,239.6,205.7,205
2016-17,75,Ohio,218.4,232.7,315,255.8,195,223.3
2016-17,76,South Carolina,217.1,236.7,390,220.3,213.8,193
2016-17,77,Bowling Green,216.9,142.7,146,218.2,215.8,366.8
2016-17,78,Utah St,215.8,164.3,103,228,205.7,213.5
2016-17,79,Florida,215.8,210.7,222,245.8,197,207.1
2016-17,80,N Texas,215.6,259.3,314,258.8,184.7,165
2016-17,81,Ohio St,213.9,112.3,127,231,194,188.8
2016-17,82,Alabama,213.5,116.7,155,290.3,155.9,228.5
2016-17,83,Michigan,212,147,163,238.5,169.6,237.7
2016-17,84,Nebraska,211.7,201.3,257,233.6,186.2,266.9
2016-17,85,Utah,209.9,203,214,221.4,201.7,179.8
2016-17,86,Nevada,209.9,198.7,193,216.4,204.5,164.7
2016-17,87,Fresno St,207.5,137.3,149,196.8,216.5,174.8
2016-17,88,UTSA,207.5,245.3,118,245,180.7,193.4
2016-17,89,UConn,206.4,106.7,124,182.3,235.2,184.2
2016-17,90,UCF,205.1,260.7,211,200.6,208.3,194.8
2016-17,91,Florida Atlantic,203.5,247.3,290,213,195.7,213.1
2016-17,92,Buffalo,202.6,222.3,334,214.6,192.7,249
2016-17,93,LSU,195.8,248.3,217,201.2,189.4,180.4
2016-17,94,Vanderbilt,195.3,282.3,158,198.6,192.9,151.6
2016-17,95,Rice,195,220.7,124,206.2,185.7,231.7
2016-17,96,Georgia,192.4,156,164,213.8,177.1,177.9
2016-17,97,Mississippi St,191.9,191,136,212.2,177.4,311.8
2016-17,98,Kentucky,190.8,239.7,175,203.7,178,198.5
2016-17,99,Texas St,190.8,152,120,142.2,231.3,216.9
2016-17,100,UL Monroe,190.5,120,31,197.8,186.4,192.7
2016-17,101,Charlotte,184.5,191,229,176,191.5,164.2
2016-17,102,UTEP,183,152.7,171,179.2,187.6,187.8
2016-17,103,Wisconsin,179.1,168,178,179.5,178.8,228.3
2016-17,104,App State,179,182.3,119,172.2,184.9,188.3
2016-17,105,Louisiana,178.9,112.3,95,194.6,167.7,209.5
2016-17,106,BYU,177.7,128.7,96,190.6,168.4,286.9
2016-17,107,Maryland,176.1,173.7,229,137.2,203.9,177.6
2016-17,108,Arizona,174,140,77,148.7,204.4,271.3
2016-17,108,Oregon St,174,199.3,101,178.2,169,163.5
2016-17,110,Auburn,171.3,102.3,154,185.4,151.6,168.4
2016-17,111,Illinois,169.7,205,377,176,162.2,233.5
2016-17,112,Wake Forest,164.6,168.7,243,133.7,195.5,213.7
2016-17,113,Minnesota,163,161.3,129,175.7,150.3,214.8
2016-17,114,Kansas St,161.3,151,195,124,188,178.4
2016-17,115,Stanford,158.7,171,154,150.3,165.9,211.8
2016-17,116,UNLV,157.5,162,121,172.4,145,220.7
2016-17,117,Georgia So,153,183.7,175,148.5,155.6,60.3
2016-17,118,Iowa,149.5,93,55,166,133,203.2
2016-17,119,Kent St,141,173.7,203,165.5,124.7,131.2
2016-17,120,Boston College,139.9,142.7,171,150.2,132.6,104.3
2016-17,121,Rutgers,138.4,97,203,142.7,133.2,203.4
2016-17,122,Georgia Tech,136.6,130.3,105,150.5,122.7,125.9
2016-17,123,San Diego St,133.2,132,128,158.2,117.6,142.2
2016-17,124,Air Force,129.3,95,207,87.6,159,132.9
2016-17,125,Navy,128.5,128.7,159,108,141.4,101.1
2016-17,126,Tulane,122.5,143.7,166,106.8,135.7,193
2016-17,127,New Mexico,100.2,93.3,77,90.4,107.1,133
2016-17,128,Army,70.5,33.7,53,81.3,66.5,88.1
2017-18,1,Oklahoma St,389.2,423.3,351,424,359.3,329.8
2017-18,2,Washington St,367.3,317.3,272,376.3,358.3,357.9
2017-18,3,Oklahoma,361.8,288.3,289,366.7,358.1,318
2017-18,4,UCLA,341.5,369.7,295,379.3,309,295.6
2017-18,5,Arkansas St,341.4,438.3,358,316.5,355.6,227
2017-18,6,W Kentucky,340.9,397,351,381.4,312,340.9
2017-18,7,New Mexico St,340.2,291,191,303.4,363.1,244.9
2017-18,8,Memphis,338.9,353,286,284.4,415.2,305.2
2017-18,9,UCF,330.5,369.7,242,378.3,282.7,205.1
2017-18,10,Texas Tech,324.1,300.7,416,327.6,321.6,447.5
2017-18,11,E Carolina,320.3,347.7,351,298.3,346.6,327.5
2017-18,12,Mississippi,313.8,284.7,247,324.8,300.6,321.5
2017-18,13,West Virginia,307.3,166.7,124,319,298.9,246.2
2017-18,14,Buffalo,300.5,350,294,379,235.2,202.6
2017-18,15,SMU,300.1,240,127,327.3,272.8,269
2017-18,16,USC,299,315,356,323.3,274.7,276.4
2017-18,17,N Texas,296.5,284.7,303,304.6,291.4,215.6
2017-18,18,Louisville,294.5,234.3,171,306.8,285.7,290.5
2017-18,19,UMass,292.3,281.7,392,298.8,286.8,246.9
2017-18,20,Missouri,290.9,317.3,269,253.8,328,283.2
2017-18,21,Penn St,290.2,312,342,288.4,292.2,260.7
2017-18,22,Baylor,288.5,309.7,314,277.2,298,285.8
2017-18,23,UL Monroe,288.5,310,262,267.4,303.6,190.5
2017-18,23,Colorado St,288.5,311.3,320,320.2,265.9,237.8
2017-18,25,Syracuse,282.5,287,280,304.5,256,310.7
2017-18,26,Wake Forest,280,279.3,400,293.4,270.4,164.6
2017-18,27,Nebraska,277.5,303.3,200,241.6,327.8,211.7
2017-18,28,NC State,277.3,283,318,291.2,267.4,260.4
2017-18,29,Toledo,277.3,243.7,124,346.2,234.3,322.3
2017-18,30,Nevada,276.4,324.3,294,280.2,273.2,209.9
2017-18,31,Georgia St,274.9,249.3,276,230.5,300.3,257.8
2017-18,32,Iowa St,273.1,252.7,314,278.6,269.1,259.1
2017-18,33,UConn,268.4,238.3,273,299.4,242.5,206.4
2017-18,34,California,264.3,227.7,242,271.6,258.2,358.8
2017-18,35,Boise St,262.6,306,369,258.4,266.9,298.3
2017-18,36,Troy,262.6,346,305,284.8,246.7,255.3
2017-18,37,Ohio St,262,149.7,114,287.3,236.7,213.9
2017-18,38,Houston,261.3,257,269,298.5,224.2,310.2
2017-18,39,Indiana,260.6,299.3,373,253,267,273.8
2017-18,40,Texas,258.8,208.7,167,290.5,231.7,252
2017-18,41,E Michigan,257.8,199,124,253.4,260.9,304.3
2017-18,42,C Michigan,255.9,297,346,203,282.4,279.3
2017-18,43,Arizona St,255.7,227.3,352,264.9,245,266.5
2017-18,44,Texas A&M,255.7,332.7,499,264.2,247.2,243.5
2017-18,45,S Florida,254.6,318.7,311,211.4,290.7,225.9
2017-18,46,Colorado,251.6,305.3,195,302,209.7,248.3
2017-18,47,Purdue,251.5,268.7,396,222,276.9,298.9
2017-18,48,Utah,251.3,213,165,242.3,260.2,209.9
2017-18,49,Middle Tenn,251.1,264,232,230.3,268.9,316.8
2017-18,50,Temple,249.9,237.7,254,259.2,243.3,246.2
2017-18,51,Virginia,247.6,238.3,145,249,246.2,237.1
2017-18,52,Miami OH,246.9,214.3,148,253.4,241.5,229
2017-18,53,Vanderbilt,245.1,313,283,215.2,281,195.3
2017-18,54,Miami,242.6,166.7,203,247.7,235.4,284.5
2017-18,55,Hawai'i,241.8,186,258,222.2,258.2,229.4
2017-18,56,Virginia Tech,240.9,210.3,270,236.6,244,262.6
2017-18,57,TCU,240.8,300,341,275.2,219.4,253.9
2017-18,58,Marshall,239.6,253,262,244.7,235.3,235.4
2017-18,59,Southern Miss,236.8,173.3,129,257.4,222,302.6
2017-18,60,S Alabama,235.5,280,331,236.2,234.8,245.5
2017-18,61,Northwestern,233.8,111.7,109,266.7,195.5,249.6
2017-18,62,Idaho,230.5,193,228,229.4,231.5,259.3
2017-18,63,Bowling Green,228.1,286.3,256,217.8,234,216.9
2017-18,64,Louisiana Tech,226.8,173.3,216,211.5,242,351.5
2017-18,65,Florida Intl,225.3,238.3,169,257.5,193,226.7
2017-18,66,Pittsburgh,224.7,215.3,193,233,214.8,225.6
2017-18,67,Fresno St,224.4,282,342,253.8,206,207.5
2017-18,68,Auburn,223.3,238.7,331,235.3,213,171.3
2017-18,69,Cincinnati,222.4,202.3,199,219.6,224.7,255.5
2017-18,70,Louisiana,219.6,221,207,245.8,204.7,178.9
2017-18,71,North Carolina,218.7,266.3,277,223.5,213,286.9
2017-18,72,Clemson,216.8,221,124,209.7,222.9,334.4
2017-18,73,South Carolina,216.7,204.7,239,224.5,208.8,217.1
2017-18,74,Utah St,216.4,234,254,181.4,241.4,215.8
2017-18,75,Washington,216.3,224.7,227,217.2,215.5,263.8
2017-18,76,Florida Atlantic,215.6,289,270,265,158,203.5
2017-18,77,Michigan St,215.2,151.7,213,224.7,204.2,225.3
2017-18,78,Kansas,213.9,187.7,172,246.7,174.6,226
2017-18,79,Texas St,212.1,188.3,147,268.2,165.3,190.8
2017-18,80,Akron,211.7,143,77,243.8,191.6,239.8
2017-18,81,Arkansas,207.8,204.3,313,211,204,269
2017-18,82,Duke,207.8,259.7,252,220.5,195,240.9
2017-18,83,App State,205.5,163,131,257.2,168.6,179
2017-18,84,LSU,201.1,220.3,229,260.6,158.6,195.8
2017-18,85,San Jose St,196.9,170.3,174,154,227.6,221.1
2017-18,86,N Illinois,195.2,142,234,175,209.6,221.5
2017-18,87,BYU,194.7,194.3,166,208.4,184.9,177.7
2017-18,88,Coastal Car,193.8,148,180,162.4,220,
2017-18,89,Alabama,193.4,176.7,120,231.8,155,215.6
2017-18,90,Florida St,192.9,188.3,238,212.8,178.7,263.7
2017-18,91,Oregon St,192.7,197,113,180.6,202.8,174
2017-18,92,Wisconsin,192.1,221.7,258,192.9,191.3,179.1
2017-18,93,Ohio,191,196,210,197,186.7,217.8
2017-18,94,Iowa,189.8,155.7,99,196.1,182.5,149.5
2017-18,95,UTSA,189.6,173.3,91,232.5,161,207.5
2017-18,96,Arizona,187.8,218.3,302,191.6,185.1,174
2017-18,97,Stanford,186.3,193.3,212,191.5,182.4,158.2
2017-18,98,Kentucky,184.8,173.7,273,186.8,182.7,190.8
2017-18,99,UNLV,183.9,232,160,214.2,158.7,157.5
2017-18,100,UAB,181.8,196.7,254,164.6,194.1,
2017-18,101,Florida,179,186.3,184,172.3,187,215.8
2017-18,102,Notre Dame,178.9,213.7,216,183.1,174,254.3
2017-18,103,Oregon,176.2,244.7,233,201.8,150.5,264.7
2017-18,104,Illinois,174.8,138.7,139,174,176,169.7
2017-18,105,Tulsa,173.1,134.3,55,138.2,208,257.6
2017-18,106,Georgia,172.8,205.7,210,198.6,156.6,192.4
2017-18,107,Ball St,171.6,134.3,98,138,199.7,228.4
2017-18,108,Michigan,171.2,191.3,203,162.7,178.6,212
2017-18,109,Tennessee,168.1,190.3,183,157.3,181,233.8
2017-18,110,Old Dominion,166.7,182.7,120,184.6,151.8,232.4
2017-18,111,Boston College,166.3,170.3,208,142.2,187,139.9
2017-18,112,W Michigan,164.8,162.7,180,155.6,172.5,252.2
2017-18,113,Wyoming,164.7,185,154,168.3,161,231.5
2017-18,114,Maryland,161.2,153.3,179,184,142.2,176.1
2017-18,115,Kansas St,160.5,146,79,152,169,161.3
2017-18,116,Mississippi St,158,162.3,127,180.5,135.5,192.4
2017-18,117,Tulane,157.7,228.7,314,187.2,133.2,122.5
2017-18,118,Rice,144.8,108,107,143,146.1,195.3
2017-18,119,San Diego St,140.3,142.7,25,176,104.5,133.2
2017-18,120,UTEP,136.2,166.3,107,184.4,101.7,183
2017-18,121,Charlotte,133.9,175,171,178.8,96.5,185.4
2017-18,122,Minnesota,126.1,62.7,40,142.6,103,163
2017-18,123,Kent St,124.3,174.7,85,235.3,60.9,141
2017-18,124,New Mexico,115.2,63.7,167,121.4,110,100.2
2017-18,125,Rutgers,112.3,81.3,98,130.6,97,138.4
2017-18,126,Georgia So,111.5,129.7,87,151.8,88.6,153
2017-18,127,Air Force,102.8,107.7,33,81.6,120.5,129.3
2017-18,128,Georgia Tech,81.5,86.7,38,69.4,93.6,133.3
2017-18,129,Navy,77.3,25.3,0,73.7,80.4,128.5
2017-18,130,Army,30.1,17.7,6,56,11.6,70.5
2018-19,1,Ohio St,364.3,382,251,376.3,352.3,262.8
2018-19,2,Washington St,361,311,299,359.3,362.7,367.3
2018-19,3,West Virginia,352.7,393.3,277,398.8,314.3,307.3
2018-19,4,Texas Tech,346.5,283.7,247,432.2,275.2,324.1
2018-19,5,Mississippi,334.4,327.3,152,324.5,346.2,313.8
2018-19,6,Oklahoma,322.9,350.3,308,319.7,326,361.8
2018-19,7,Alabama,320.2,289.7,295,332.7,310.9,187.9
2018-19,8,NC State,313.5,253.3,139,337.7,289.3,277.3
2018-19,9,Hawai'i,313.2,316,168,306.2,319.1,241.8
2018-19,10,Oklahoma St,309.8,284,333,317.5,302,389.2
2018-19,11,Colorado St,309.3,288.7,373,375.4,254.2,288.5
2018-19,12,Old Dominion,308.5,315.3,312,345.6,277.7,166.7
2018-19,13,Purdue,307.5,293.3,184,338.6,271.3,251.5
2018-19,14,UMass,298.8,336.7,287,340.6,264,292.3
2018-19,15,N Texas,294.5,272,193,337,264.1,296.5
2018-19,15,Utah St,294.5,297,359,386.2,229,216.4
2018-19,17,Boise St,292,219,125,262.3,326.7,262.6
2018-19,18,Baylor,288.3,285,384,228.8,330.7,288.5
2018-19,19,Houston,287.9,225.3,230,270,300.7,261.3
2018-19,20,E Carolina,282.1,178.3,73,345.7,205.8,320.3
2018-19,21,Clemson,278.8,264,347,275.8,281,216.8
2018-19,22,Stanford,278,228.7,105,314.2,252.1,186.3
2018-19,23,Missouri,269.8,285.7,373,272.8,266.8,290.9
2018-19,24,Fresno St,268.7,221,176,317.4,238.3,224.4
2018-19,25,Nevada,267,269.7,200,267.8,266.4,276.4
2018-19,26,Syracuse,266.7,260,303,318.4,229.7,282.5
2018-19,27,Florida St,265.5,230.7,154,280.3,247.8,192.9
2018-19,28,South Carolina,265.3,309,218,233.2,297.3,216.7
2018-19,29,Arkansas St,263.5,265.7,275,255,269.6,340.9
2018-19,30,Liberty,261.1,127.3,154,241.8,274,447
2018-19,31,SMU,259.2,313,319,252.8,264.5,300.1
2018-19,32,Texas,258.2,226.7,177,254.2,261.3,258.8
2018-19,33,UCF,258.1,211.7,120,292.4,210,330.5
2018-19,34,Indiana,257.8,261,345,257.9,257.8,260.6
2018-19,35,Temple,257.7,238.3,228,229.4,277.9,249.9
2018-19,36,Notre Dame,257.5,268,160,212.3,296.1,178.9
2018-19,37,Colorado,255.9,184.7,170,259.8,252.7,251.6
2018-19,38,Southern Miss,255,170.7,126,287,223,236.8
2018-19,39,New Mexico St,253.3,284,313,272.5,242.3,340.2
2018-19,40,Texas A&M,252.4,206.3,140,270,234.8,255.7
2018-19,41,Virginia Tech,251.6,243.3,219,253,250.2,240.9
2018-19,42,San Jose St,251.5,273.7,307,301.8,222.7,196.9
2018-19,43,Middle Tenn,249.5,317.7,330,244.2,252.8,251.1
2018-19,44,USC,249.1,288.7,349,267.7,230.5,299
2018-19,45,Iowa St,247.8,266.7,315,277.3,218.2,273.1
2018-19,46,Nebraska,247.6,231.7,260,241.2,255.4,277.5
2018-19,47,Oregon,246.3,182,166,283.8,208.8,176.2
2018-19,48,Arizona,245.9,312,282,231.8,262.8,187.8
2018-19,49,Oregon St,245.5,249,282,218.2,268.3,192.7
2018-19,50,Ball St,245.4,288,239,286,211.5,171.6
2018-19,51,Duke,245.3,247.7,440,244.2,246,207.8
2018-19,52,Florida Atlantic,244.5,286.7,305,299.4,198.8,215.6
2018-19,53,Northwestern,239.4,206,241,247.7,231.1,233.8
2018-19,54,Vanderbilt,239.3,281.3,286,236.5,242,245.1
2018-19,55,UL Monroe,238.5,265,201,238,238.9,288.8
2018-19,56,North Carolina,238.2,235,276,271,216.3,218.7
2018-19,57,UCLA,237.8,322.3,466,241.1,233,344.5
2018-19,58,Bowling Green,236.9,155.7,147,240,234.3,228.1
2018-19,59,Wake Forest,235.6,237,328,191.8,279.3,280
2018-19,60,LSU,234.9,349,394,228,241.8,201.1
2018-19,60,Louisiana Tech,234.9,282.3,285,224.5,240.1,226.8
2018-19,62,Florida Intl,233.4,239.3,223,223.2,243.7,225.3
2018-19,62,S Florida,233.4,154.3,268,227.8,239,254.6
2018-19,64,W Michigan,233.3,215.7,175,271.6,206,164.8
2018-19,65,Arizona St,232.7,192,129,269.3,201.3,255.7
2018-19,66,Auburn,229.5,240.7,378,224.8,234.2,223.3
2018-19,67,Memphis,229,187.3,171,239.5,220,338.9
2018-19,68,Buffalo,227.3,225.7,274,233.4,223.5,300.5
2018-19,69,Georgia,227.2,229,224,234,221.3,177
2018-19,70,Marshall,223.9,205.7,221,222,225.3,239.6
2018-19,71,Washington,223.1,243.7,315,210.2,231.1,216.3
2018-19,72,E Michigan,220.4,158.3,204,181.6,248.1,257.3
2018-19,73,BYU,218.6,251.7,358,222.6,215.7,194.7
2018-19,74,Penn St,218.1,228,246,237.4,195.5,290.2
2018-19,75,Troy,217.8,189.7,320,210.6,223,262.6
2018-19,76,Iowa,217.3,188,214,178.8,255.8,189.8
2018-19,77,Michigan St,217.2,163.7,172,227.3,205.5,215.2
2018-19,78,Kent St,217,202,209,248,199.3,124.3
2018-19,79,W Kentucky,215.9,178,92,219.5,213.9,340.9
2018-19,80,Michigan,215.7,246.3,249,199.7,234.3,171.2
2018-19,81,Louisville,215.4,148.7,79,226.3,202.2,294.5
2018-19,82,Toledo,214.4,192.3,264,213.3,215.5,277.3
2018-19,83,Virginia,213.3,246.7,208,175.8,240.1,247.6
2018-19,84,Boston College,212.5,217.3,251,203,224,166.3
2018-19,85,Miami OH,212.3,155,159,226.2,198.3,246.1
2018-19,86,Cincinnati,209.6,242.3,206,245,184.3,222.4
2018-19,87,Minnesota,208.8,151,132,208.9,208.7,126.1
2018-19,88,Georgia St,208.5,141,170,217.8,200.8,274.9
2018-19,89,Utah,207.8,193.3,302,229.4,194.4,251.3
2018-19,90,TCU,207.1,119.7,28,206.6,207.4,240.8
2018-19,91,Louisiana,202.8,157.3,174,248.8,174.1,219.6
2018-19,92,Ohio,202.8,167.3,206,183.4,216.6,189.9
2018-19,93,S Alabama,202.5,195,202,192.6,210.8,235.5
2018-19,94,UAB,199.9,201,373,207.8,195,181.8
2018-19,95,Akron,195.7,227.3,178,206.5,189.6,211.7
2018-19,96,Florida,194.2,195,170,179.6,206.3,179.5
2018-19,97,Tennessee,193.9,169.7,139,190.7,197.8,168.1
2018-19,98,Kansas,191.6,189,159,195.8,188.2,213.9
2018-19,99,UTEP,189.2,224.7,114,188,190.2,136.2
2018-19,100,App State,184.8,134.3,215,151.8,208.4,205.5
2018-19,101,Tulane,182.3,194.3,145,255,130.4,157.7
2018-19,102,Rice,182.1,141,96,202.4,167.6,144.8
2018-19,103,San Diego St,180.2,176.7,134,176.8,183.5,140.3
2018-19,104,California,178.9,159,164,158,199.8,264.3
2018-19,105,Arkansas,177.6,161.7,135,198.5,152.6,207.8
2018-19,106,Texas St,176.8,140,133,162.8,188.5,212.1
2018-19,107,Tulsa,175.4,205.7,271,174,176.5,173.1
2018-19,108,Coastal Car,175.2,191,293,144,201.2,193.8
2018-19,109,Charlotte,172.6,145.3,111,175.6,170.2,133.9
2018-19,110,UNLV,170.2,169,183,158.2,180.2,183.9
2018-19,111,Illinois,168.2,163,281,167,169.2,174.8
2018-19,112,UConn,166.2,166,100,155.4,175.2,268.4
2018-19,113,Kansas St,163,174,183,160.7,165.8,160.5
2018-19,114,Wisconsin,161.2,156,73,184.9,133.7,192.1
2018-19,115,New Mexico,160.1,107.7,34,135.8,180.3,115.2
2018-19,116,Miami,160,90.3,48,146.4,169.7,243.3
2018-19,117,UTSA,159.8,191.7,269,180.7,139,189.6
2018-19,118,N Illinois,155.4,211.7,179,129.6,169.7,194.2
2018-19,119,Mississippi St,155.1,150.3,152,185.8,124.3,158
2018-19,120,Kentucky,151.3,167.7,121,116,186.7,184.8
2018-19,121,Maryland,141.3,190,185,136,146.5,161.2
2018-19,122,Air Force,140.6,93,81,141.2,140.2,102.8
2018-19,123,Pittsburgh,139.7,91.7,136,140.2,139.4,224.7
2018-19,124,C Michigan,139.3,96,133,138.4,140,255.9
2018-19,125,Rutgers,132.2,71.3,109,145.6,113.4,112.3
2018-19,126,Wyoming,122.9,118,41,138.8,109.7,164.7
2018-19,127,Army,83.7,63.3,85,66.8,93.4,30.1
2018-19,128,Georgia So,83.2,57,33,112.2,62.4,111.5
2018-19,129,Georgia Tech,82.1,68.3,77,90.4,76.1,81.5
2018-19,130,Navy,66.8,100,81,64.8,67.9,77.3
2019-20,1,Washington St,433.5,421.7,351,514.4,375.7,361.3
2019-20,2,LSU,395.4,448,463,349,430.3,234.9
2019-20,3,San Jose St,348.4,376.7,290,318.2,373.5,251.5
2019-20,4,Alabama,344.9,337.3,327,328.7,361.2,320.2
2019-20,5,Hawai'i,339.7,364.3,493,355.7,323.7,313.2
2019-20,6,USC,335.8,418.3,334,340.5,331.7,249.1
2019-20,7,Troy,316,291.7,304,346.8,290.3,217.8
2019-20,8,Texas Tech,314.5,366.7,399,329,302.5,346.5
2019-20,9,Iowa St,314.1,261.3,227,354.3,273.8,247.8
2019-20,10,UCF,313.4,301,277,349.8,287.4,258.1
2019-20,11,Purdue,309.9,335,408,321.3,294,307.5
2019-20,12,SMU,309,245.3,305,317,302.1,259.2
2019-20,13,Arkansas St,308.3,363,393,287.2,323.4,264.8
2019-20,14,E Carolina,304.7,393.3,308,323.5,292.2,282.1
2019-20,15,Florida,303.3,341.7,305,344.8,279.6,194.2
2019-20,16,Colorado St,297,284.3,289,302.4,292.5,309.3
2019-20,17,North Carolina,296.3,352.7,296,267.8,316.6,238.2
2019-20,18,Indiana,290.8,262.7,227,251.6,318.9,257.8
2019-20,19,Memphis,290.7,321.7,479,260.3,316.7,229
2019-20,20,Texas,289.3,251.7,207,333.5,251.4,258.2
2019-20,21,Southern Miss,289.3,263,301,306.5,280.6,255
2019-20,22,Clemson,288.7,300.3,234,278.7,296.3,278.8
2019-20,23,BYU,288,306.7,274,262.2,306.4,218.6
2019-20,24,Oklahoma,287.8,226.3,225,311.2,273.1,322.9
2019-20,25,E Michigan,283.5,310.7,311,315.3,267.6,220.4
2019-20,26,Tulsa,281.3,308.7,331,291.7,271,175.4
2019-20,27,Liberty,280.5,250.7,270,259.5,292.6,261.1
2019-20,28,Wake Forest,279.6,293.3,175,320.8,238.3,235.6
2019-20,29,Florida Atlantic,274.5,262.7,333,246.2,298.9,244.5
2019-20,30,N Texas,274.3,232,268,309.2,245.2,294.5
2019-20,31,Louisiana Tech,272.5,222.3,163,305.6,248.9,234.9
2019-20,32,Utah St,269.7,265.3,317,279.2,262.9,294.5
2019-20,33,Virginia,265,305.7,323,244,283,213.3
2019-20,34,Arizona,264,165,228,251.8,274.2,245.9
2019-20,35,Florida St,263.5,257.7,246,287.5,239.5,265.5
2019-20,36,Ohio St,263.1,317.7,320,246.7,279.6,364.3
2019-20,37,Stanford,262.4,356.7,276,239.6,294.4,278
2019-20,38,Pittsburgh,260.9,267,361,262.8,259,139.7
2019-20,39,Minnesota,259.8,262,279,230.7,288.8,208.8
2019-20,40,UL Monroe,259.5,320.3,330,291.4,233,238.5
2019-20,41,Boise St,255.6,220.3,188,260.8,251.1,292
2019-20,42,W Kentucky,255.6,294.3,358,258.8,253.3,215.9
2019-20,43,UCLA,255.5,315,343,230.2,280.8,237.8
2019-20,44,Baylor,255.5,235.7,234,256,255,288.3
2019-20,45,Oregon,254,168.3,138,270,240.3,246.3
2019-20,46,Notre Dame,252.2,250.3,247,284.9,214,257.5
2019-20,47,Oregon St,251.8,313,243,232.6,267.8,245.5
2019-20,48,Michigan,250.8,301.3,233,251,250.7,215.7
2019-20,49,C Michigan,249.7,228,165,261.6,242.3,139.3
2019-20,50,West Virginia,247.6,233,158,318.6,188.5,352.7
2019-20,51,Nevada,244.9,302,401,281.6,218.7,267
2019-20,52,Michigan St,244.8,300.3,320,270.3,215,217.2
2019-20,53,Arizona St,244.3,235.7,195,299.3,189.2,232.7
2019-20,54,Miami,242.2,187.7,153,270.6,221.9,160
2019-20,55,Texas St,240,236.7,293,281,205.8,176.8
2019-20,56,Colorado,238.2,188.7,157,277.5,198.8,255.9
2019-20,57,Syracuse,236.5,206.3,261,257.2,219.2,266.7
2019-20,58,Louisville,235.3,219.7,312,208,254.9,215.4
2019-20,59,Temple,233.8,246,194,249.5,218,257.7
2019-20,60,Washington,232.8,224.3,223,241.8,223.8,223.1
2019-20,61,Louisiana,231.2,290,246,222.8,236.5,202.8
2019-20,62,Kansas,230.6,232.7,119,221,242.2,191.6
2019-20,63,W Michigan,230,233.3,193,184.8,262.3,233.3
2019-20,64,Iowa,228.9,206.7,213,259.4,193.3,217.3
2019-20,65,NC State,228.9,209,157,220.8,238.6,313.5
2019-20,66,Tennessee,226.1,257.7,238,225.6,226.8,193.9
2019-20,67,Ball St,225.4,264.3,317,240.6,212.7,245.4
2019-20,68,Middle Tenn,224.5,294.3,301,213.8,233.5,249.5
2019-20,69,Ohio,223.2,254.3,144,247.4,205.9,202.8
2019-20,70,Kent St,221.4,288,298,279.5,192.4,217
2019-20,71,UConn,221.3,251,250,278.4,173.7,166.2
2019-20,72,Florida Intl,221,237.3,312,175.2,266.8,233.4
2019-20,73,Texas A&M,220.8,155.7,95,254,187.7,252.4
2019-20,74,Missouri,220.8,190,185,228.2,212,269.8
2019-20,75,Utah,220.5,161.3,126,246.8,198,207.8
2019-20,76,Georgia,217.7,252,250,206.8,227,227.2
2019-20,77,Fresno St,217.6,192.7,164,251.6,189.3,268.7
2019-20,78,South Carolina,216.8,215,105,216.5,217.2,265.3
2019-20,79,Charlotte,213.6,176.7,198,234.6,198.6,172.6
2019-20,80,Nebraska,212.6,182,100,187.4,247.8,247.6
2019-20,81,Virginia Tech,212.2,191.3,110,204.6,218.5,251.6
2019-20,82,Penn St,211.3,114,133,201.2,221.3,218.1
2019-20,83,San Diego St,210.5,229.3,287,236.2,192.1,180.2
2019-20,84,N Illinois,210.2,134.7,93,126,258.3,155.4
2019-20,85,Houston,208.7,216.7,393,297.8,157.9,287.9
2019-20,86,New Mexico St,208.6,160.7,173,239,191.3,253.3
2019-20,87,Oklahoma St,208.6,195.7,184,188.8,222.7,309.8
2019-20,88,UAB,207.8,163,298,228.2,195,199.9
2019-20,89,UNLV,206.5,183.3,229,190,220.2,170.2
2019-20,90,Coastal Car,205.4,186,157,219.2,193.8,175.2
2019-20,91,App State,204.4,206.3,142,217.7,193,184.8
2019-20,92,Auburn,203.8,198,176,248.7,159,229.5
2019-20,93,Tulane,203.1,212.7,215,213.8,195.4,182.3
2019-20,94,Wisconsin,200,232.7,186,195.6,204.4,157.7
2019-20,95,Toledo,197,240.3,173,207.6,188.2,214.4
2019-20,96,TCU,196.4,177.3,144,210.2,184.8,207.1
2019-20,97,Akron,195.2,172.7,33,213,177.3,195.7
2019-20,98,California,193.6,262.3,272,160.4,217.3,179.3
2019-20,99,Arkansas,193.1,118,77,184.7,203.2,177.6
2019-20,100,Mississippi,189.9,205.3,245,203.2,174,334.4
2019-20,101,Marshall,188.8,123.3,194,179.7,197.8,223.9
2019-20,102,Illinois,185.3,191.7,285,171.6,201.3,168.2
2019-20,103,Georgia St,184.6,182,156,229.8,152.3,208.5
2019-20,104,UTEP,184,264.3,213,190.4,178.7,189.2
2019-20,105,Cincinnati,182.3,192.7,116,168.5,192.6,209.6
2019-20,106,New Mexico,181.8,124,107,186.8,177.7,160.1
2019-20,107,UTSA,180.3,271.3,280,209.8,155.7,159.8
2019-20,108,Miami OH,179.7,204,248,187,176.4,212.3
2019-20,109,Kansas St,178.3,142.3,124,191.2,165.5,163
2019-20,110,Old Dominion,178.1,261,173,181.4,175.3,308.5
2019-20,111,Mississippi St,177.3,137,221,155.8,198.8,155.1
2019-20,112,Boston College,176.3,91,87,221,144.4,212.5
2019-20,113,Vanderbilt,169.6,112,169,153.7,188.8,239.3
2019-20,114,Rice,166,181,115,170,162,182.1
2019-20,115,UMass,165.8,157.3,146,190.4,145.3,298.8
2019-20,116,S Florida,163.1,142.3,116,171.2,153.4,233.4
2019-20,117,Duke,162.5,158.7,156,151.2,172,245.3
2019-20,118,Maryland,162,95.3,152,147,174.5,141.3
2019-20,119,S Alabama,161.9,204.3,279,157.6,165.5,202.5
2019-20,120,Bowling Green,144.9,140.3,81,178.4,117,236.9
2019-20,121,Buffalo,143.8,126.7,77,148.2,140.7,227.3
2019-20,122,Wyoming,143.3,142,234,120.8,159.4,122.9
2019-20,123,Rutgers,139.3,125.7,199,176.1,87.8,132.2
2019-20,124,Georgia Tech,135.4,83.3,40,100.8,176.8,82.1
2019-20,125,Air Force,130.1,166.7,30,79,166.6,140.6
2019-20,126,Kentucky,121.8,68,73,130.7,109.2,151.3
2019-20,127,Northwestern,117,75.3,55,118,115.6,239.4
2019-20,128,Navy,94.6,68.7,98,113.6,81,66.8
2019-20,129,Army,85.2,66.7,25,93.5,80.4,83.7
2019-20,130,Georgia So,75.4,116.7,95,50.8,93,83.2
2020-21,1,Florida,378.6,384.3,271,357.2,393.9,303.3
2020-21,2,Arkansas St,361.6,432.3,511,414.3,326.5,308.3
2020-21,3,Alabama,358.2,393,464,345.6,366,344.9
2020-21,4,Clemson,358.1,305.7,400,341.4,372,288.7
2020-21,5,UCF,357.4,265.3,217,316.8,384.5,313.4
2020-21,6,Fresno St,356.3,419,350,318.5,375.3,217.6
2020-21,7,Mississippi,344.9,328,346,376.6,313.2,189.9
2020-21,8,BYU,337.1,328,441,331.3,344,288
2020-21,9,SMU,334.2,289.7,314,329.7,336.5,309
2020-21,10,Toledo,325.8,368,265,295.3,356.3,197
2020-21,11,Kent St,323.5,358.3,343,289.5,357.5,221.4
2020-21,12,USC,319.3,315.3,320,327.7,311,335.8
2020-21,13,Nevada,319.1,295,271,370.8,277.8,245.5
2020-21,14,LSU,312.2,309.3,435,324.8,303.8,395.4
2020-21,15,Memphis,311.8,261.7,284,352.4,271.2,290.7
2020-21,16,Purdue,309,312.7,334,279,369,309.9
2020-21,17,North Carolina,300.7,223,234,314.6,289.2,296.3
2020-21,18,San Jose St,298.4,345.7,278,329.3,279.8,348.4
2020-21,19,Oklahoma,298.1,238,249,305.3,293.3,287.8
2020-21,20,Mississippi St,296.3,221.3,148,254.8,330.8,177.3
2020-21,21,Stanford,286.7,324,428,327,278.6,262.4
2020-21,22,Troy,285.9,258.7,354,349.8,243.3,316
2020-21,23,Boston College,284.2,346.3,520,257.5,316.2,176.3
2020-21,24,W Michigan,283.8,257,273,260.7,307,230
2020-21,25,Wake Forest,282.3,353.3,407,237.3,309.2,279.6
2020-21,26,Texas,280.1,304,335,294.8,265.4,289.3
2020-21,27,Miami,277,299.7,356,251,298.7,242.2
2020-21,27,E Michigan,277,307.3,242,283.7,270.3,283.5
2020-21,29,West Virginia,275.6,233.7,280,260.5,287.6,247.6
2020-21,30,N Texas,274.3,266.7,267,275.4,273,274.3
2020-21,31,Ball St,270.5,246.3,217,231.7,293.8,225.4
2020-21,32,Missouri,266.8,266.3,241,299.7,217.5,220.8
2020-21,33,Houston,265.8,235,249,271,260.5,208.7
2020-21,34,Maryland,264,261,260,327,222,162
2020-21,35,Ohio St,262.5,231,194,296.7,242,263.1
2020-21,36,NC State,261.9,296.7,268,239.5,284.3,228.9
2020-21,37,Penn St,256,248.7,327,302.8,197.5,211.3
2020-21,38,Pittsburgh,254.8,276.7,196,273.6,236,260.9
2020-21,39,Washington St,254.8,264,281,321,232.7,433.5
2020-21,40,Tulsa,252.9,227,347,307,225.8,281.3
2020-21,41,Indiana,250.9,148.7,201,209,276,290.8
2020-21,42,Michigan,250.3,211,112,194.7,306,250.8
2020-21,43,Georgia,249.9,280.7,404,293,231.4,217.7
2020-21,44,Texas Tech,247.9,252.7,117,226.8,274.3,314.5
2020-21,45,S Alabama,247.2,260,182,230.2,267.6,161.9
2020-21,46,Oregon,246.1,188.3,226,280.5,232.4,254
2020-21,47,Virginia,244.8,252.3,267,256.6,230,265
2020-21,48,Louisville,244,257.3,199,292.7,185.6,235.3
2020-21,49,Boise St,241.9,227.7,221,243.3,240.8,255.6
2020-21,50,Iowa St,241.3,241.7,156,239.8,242.8,314.1
2020-21,51,N Illinois,240.5,244,221,228,253,210.2
2020-21,52,Arkansas,240.2,240.3,108,221.8,258.6,193.1
2020-21,53,Oklahoma St,239.1,307.3,305,226.8,249.3,208.6
2020-21,54,Michigan St,238.9,224,325,199.3,291.7,244.8
2020-21,55,Texas St,238.4,304.7,202,267.3,209.5,240
2020-21,56,Miami OH,238.3,238.3,308,288,213.5,179.7
2020-21,57,Cincinnati,237.4,271,206,244.5,223.3,182.3
2020-21,58,Notre Dame,237.3,246.7,236,218.8,255.8,252.2
2020-21,59,Texas A&M,234.1,236.3,232,223,241.5,220.8
2020-21,60,Hawai'i,231.4,208.7,136,279.8,171,339.7
2020-21,61,S Florida,230.9,281.3,404,297.7,190.8,163.1
2020-21,62,Middle Tenn,230.4,263.3,210,178.3,256.5,224.5
2020-21,63,Georgia St,230.3,321,257,215.4,245.2,184.6
2020-21,64,E Carolina,229.6,200.7,333,250.8,212.6,304.7
2020-21,65,UL Monroe,229,224.7,213,234.6,223.4,259.5
2020-21,66,Coastal Car,227.7,247,318,213.6,239.5,205.4
2020-21,67,Washington,226.5,255,254,226.5,,232.8
2020-21,68,Liberty,226.4,211,210,281,182.8,280.5
2020-21,69,Southern Miss,225.6,182.7,209,254.5,167.7,289.3
2020-21,70,UCLA,224.4,249.3,192,220.3,230,255.5
2020-21,71,Charlotte,222.8,191.7,219,202,233.3,213.6
2020-21,72,Duke,222.6,194.3,148,194,246.5,162.5
2020-21,73,Auburn,220.3,189.7,300,216.8,223.2,203.8
2020-21,74,Baylor,219.9,232.7,86,196.8,238.4,255.5
2020-21,74,Vanderbilt,219.9,220.3,239,232.6,204,169.6
2020-21,76,Utah,215.8,239.7,305,231.7,192,220.5
2020-21,77,Rice,215.2,200.3,188,215,215.3,166
2020-21,78,Arizona,213,173.3,213,217.7,206,264
2020-21,79,Oregon St,211.3,215.7,224,238.4,143.5,251.8
2020-21,80,UTEP,211.2,189.7,196,196,214.2,184
2020-21,81,Louisiana,208.2,138,146,239.8,190.1,231.2
2020-21,82,Temple,208,137.7,95,192,220,233.8
2020-21,83,Tennessee,204.7,252.3,189,178.8,230.6,226.1
2020-21,84,C Michigan,202.3,196,165,206,198.7,249.7
2020-21,85,Colorado,201.5,185,196,222,181,238.2
2020-21,86,Louisiana Tech,200.7,156.3,119,237,182.5,272.5
2020-21,87,Virginia Tech,200.6,230.7,212,187.5,216.4,212.2
2020-21,88,Colorado St,199.5,191.7,144,255,181,297
2020-21,89,Minnesota,199.1,208.3,180,209.3,191.5,259.8
2020-21,90,Georgia Tech,199.1,182.3,250,188.2,215.5,135.4
2020-21,91,Rutgers,198.4,129.3,122,201.4,194.8,139.3
2020-21,92,UAB,198.3,205.3,252,148.7,228,207.8
2020-21,93,Marshall,198.2,139,114,213.5,167.7,188.8
2020-21,94,New Mexico,198,146.7,196,92,215.7,181.8
2020-21,95,Northwestern,197.9,199,291,175.5,215.8,117
2020-21,96,Iowa,197.6,208,211,199.8,195.5,228.9
2020-21,97,TCU,196.3,177.3,161,221.2,159,196.4
2020-21,98,Arizona St,194.3,214.3,139,277,166.7,244.3
2020-21,99,UTSA,193.6,153.3,208,235.8,158.5,180.3
2020-21,100,California,192.8,216.3,183,167,218.5,193.6
2020-21,101,App State,192.2,145.3,136,194.2,190.5,204.4
2020-21,102,Buffalo,191,194.7,140,193.3,189.3,143.8
2020-21,103,Nebraska,190.1,206.3,255,146.7,216.2,212.6
2020-21,104,Florida St,187.9,180.7,198,182.8,193,263.5
2020-21,105,South Carolina,187.2,155.3,107,178.6,195.8,216.8
2020-21,106,UNLV,185.8,209,245,180,191.7,206.5
2020-21,107,Kansas St,185.7,112.7,174,211.6,159.8,178.3
2020-21,108,Wisconsin,181,153.3,144,199,167.5,200.1
2020-21,109,Tulane,176.7,166,168,194.2,164.1,203.1
2020-21,110,Syracuse,173.3,161.3,185,207.8,131.8,236.5
2020-21,111,W Kentucky,168.4,173,180,176.5,163.7,255.6
2020-21,112,Kansas,154.3,160,102,168.8,142.8,230.6
2020-21,113,Wyoming,153.3,84.7,64,88,186,143.3
2020-21,114,Illinois,152.9,142,120,200,124.6,185.3
2020-21,115,San Diego St,151.4,145.3,230,139.5,163.3,210.5
2020-21,116,Ohio,146,146,81,101.5,235,223.2
2020-21,117,Florida Atlantic,144.4,167.3,151,142.5,146,274.5
2020-21,118,Bowling Green,142.4,159.7,135,162,129.3,144.9
2020-21,119,Akron,139.7,113.3,112,118,161.3,195.2
2020-21,120,Utah St,135.8,170,123,155.5,96.5,269.7
2020-21,121,Florida Intl,133.3,132.3,147,125,141.5,221
2020-21,122,Kentucky,121.8,120.7,99,133.2,112.3,121.8
2020-21,123,UMass,120.3,133.7,172,,120.3,165.8
2020-21,124,Georgia So,107.8,113.7,126,95.7,119.8,75.4
2020-21,125,Navy,97.4,41.3,9,79.8,115,94.6
2020-21,126,Air Force,83.7,100,107,58.7,108.7,130.1
2020-21,127,Army,38.6,28.3,57,22,59.3,85.2
2020-21,128,UConn,,,,,,221.3
2020-21,128,Old Dominion,,,,,,178.1
2020-21,128,New Mexico St,,,,,,208.6
2021-22,1,W Kentucky,430.3,442.3,422,414,440.5,167.3
2021-22,2,Virginia,397,365.7,414,366.7,433.4,244.8
2021-22,3,Ohio St,380.9,472,573,371.6,391.8,262.5
2021-22,4,Mississippi St,368.8,347,290,335.8,401.7,296.3
2021-22,5,Purdue,355.4,412.3,534,332.7,374.9,309
2021-22,6,Alabama,343.4,323.7,369,368,324.9,358.2
2021-22,7,Nevada,339.2,258,121,388,304.3,319.1
2021-22,8,Pittsburgh,328.3,217.3,170,382.8,281.6,254.8
2021-22,9,Fresno St,314.3,311.3,286,319,311,356.3
2021-22,10,Arkansas St,313.5,331.3,277,310.2,316.2,361.6
2021-22,11,Miami,312.5,354.3,390,310.3,315,277.3
2021-22,12,Wake Forest,311.6,251,304,294.4,322.4,282.3
2021-22,13,SMU,303.2,251.3,298,347.6,266.2,334.2
2021-22,14,Memphis,301.8,261.7,336,284,323.2,311.8
2021-22,15,Maryland,301.1,255,275,309.7,292.5,264
2021-22,16,USC,298.3,279.3,265,303,291.8,319.3
2021-22,17,Utah St,295.2,303,273,268.4,312,135.8
2021-22,18,NC State,288.5,319.3,247,264.7,317.2,262.8
2021-22,19,Notre Dame,282.5,384,509,260.3,308.3,237.4
2021-22,20,Marshall,280.6,188.3,99,274.6,284.9,198.2
2021-22,21,Miami OH,277.1,286.7,228,289.3,271,238.3
2021-22,22,E Carolina,274,316.7,228,220,319,229.6
2021-22,23,Mississippi,272.8,248,184,287.2,258.3,344.9
2021-22,24,Houston,272.6,285.3,283,275.5,271.3,265.8
2021-22,25,Iowa St,269.3,258.7,204,279.2,262.1,241.3
2021-22,26,E Michigan,269,216.7,254,266.2,271,277
2021-22,27,C Michigan,267.2,201.7,193,265.2,268.6,202.3
2021-22,28,S Alabama,265.2,265.3,354,304.4,232.5,247.2
2021-22,29,New Mexico St,264.7,243.3,420,271.8,260.7,
2021-22,30,Florida Intl,264.2,168.7,231,300.4,234,133.3
2021-22,31,Texas Tech,264.2,199,252,260.8,266.6,248.6
2021-22,32,Nebraska,263.4,265.7,198,255.3,273,190.1
2021-22,33,Louisiana Tech,262.8,242.3,303,264.2,261.7,200.7
2021-22,34,Tennessee,260.7,281.7,378,236,295.2,204.7
2021-22,34,Boise St,260.7,213.7,228,273.7,247.7,241.9
2021-22,36,LSU,260.6,254.3,138,280.5,240.7,312.2
2021-22,37,Charlotte,260.5,323.3,277,294.8,231.8,222.8
2021-22,38,W Michigan,260.3,269,162,251.4,266.6,286.5
2021-22,39,North Carolina,259.2,216,205,267.8,250.5,300.7
2021-22,40,Coastal Car,259.1,270,315,269.8,248.3,227.7
2021-22,41,Hawai'i,258.6,304,323,231.6,277.9,231.4
2021-22,42,UTEP,258.3,291,303,276,245.7,211.2
2021-22,43,Oklahoma,256.8,196.7,242,274,239.7,298.1
2021-22,44,Penn St,255.2,256.3,198,233.3,277,256
2021-22,45,BYU,253.8,261,195,264.4,246.3,337.1
2021-22,46,Washington St,253.6,242,222,265.8,241.3,254.8
2021-22,47,Tulsa,253.4,275.3,285,251.4,254.9,252.8
2021-22,48,Georgia,251.6,298.3,224,268.4,242.3,249.9
2021-22,49,UTSA,250.5,228,271,249.8,251,193.6
2021-22,50,Liberty,249.7,268.7,295,276.8,230.3,226.4
2021-22,51,Kent St,249.2,290.7,337,300.5,226.4,323.5
2021-22,52,Michigan St,247.9,260,354,252.2,244.9,238.9
2021-22,53,Auburn,245.6,184,227,268.7,222.5,220.3
2021-22,54,Colorado St,244,305,215,226.8,258.3,199.5
2021-22,55,Florida Atlantic,243.7,263.7,328,283,211,144.4
2021-22,56,App State,242,237.3,358,266,227,192.2
2021-22,57,Toledo,239.9,221,212,281.2,210.4,325.8
2021-22,57,West Virginia,239.9,205.3,140,262,224.1,275.6
2021-22,59,Cincinnati,239.7,211.7,144,242.8,237,237.4
2021-22,60,Middle Tenn,237.7,275,276,178.3,267.4,230.4
2021-22,61,Florida,236.6,218.7,171,217,250.6,378.6
2021-22,62,TCU,235,182.3,216,261.7,203,196.3
2021-22,63,Duke,233.8,193,157,273.8,185.8,222.6
2021-22,64,Louisville,232.5,239.3,207,214.7,250.3,244.2
2021-22,65,Troy,230.6,248.7,287,228.2,232.7,285.9
2021-22,66,Michigan,228.7,225.7,237,176,281.4,250.3
2021-22,67,UCLA,226.2,256.7,164,226.3,226,224.4
2021-22,68,Oklahoma St,225.5,282.7,371,231.8,220,239.5
2021-22,69,Texas,225.4,244.7,172,253.7,197.2,280.1
2021-22,70,Washington,224.9,249.7,190,214.7,237.2,226.5
2021-22,71,Arizona,223.5,259.7,346,167.4,270.3,213
2021-22,72,Kentucky,223.3,280.3,233,279.3,167.2,121.5
2021-22,73,Oregon St,219.2,220.3,263,181,246.4,211.3
2021-22,74,Oregon,218.8,242.7,306,224,214.3,246.1
2021-22,75,Stanford,215.8,171,172,203.5,228.2,287.3
2021-22,76,Tulane,215.5,212,147,220.2,211.7,176.7
2021-22,76,California,215.5,195.3,177,198.6,229.7,192.8
2021-22,78,Missouri,215.3,156,238,219,211.7,266.8
2021-22,79,Old Dominion,214.5,247,176,263.4,179.6,
2021-22,80,Bowling Green,214.3,143.3,255,226.2,204.3,142.4
2021-22,81,Arkansas,214,239.3,98,218.5,209.5,240.2
2021-22,82,Texas A&M,212.3,223.7,242,227.7,193.8,234.1
2021-22,83,Louisiana,212,235,278,239.2,188.7,208.5
2021-22,83,Buffalo,212,197.3,188,199.4,222.5,191
2021-22,85,Utah,210.6,195.3,237,184,227.3,215.8
2021-22,86,Akron,210.4,197.7,175,185.8,230.8,139.7
2021-22,87,Ball St,209.3,213,293,199.2,216.4,270.5
2021-22,88,UNLV,208.2,223.7,127,197.8,216.8,185.8
2021-22,89,Florida St,207.8,242.7,203,214.2,200.2,187.9
2021-22,90,Rice,206.3,285.3,246,238,179.8,210.8
2021-22,91,San Jose St,202.4,228.7,260,193.8,209.5,298.4
2021-22,92,South Carolina,201.6,187.3,242,204.2,199,187.2
2021-22,93,Kansas St,201.4,160.7,259,198.8,204,185.7
2021-22,94,N Texas,198.3,192.3,228,160.2,225.6,274.3
2021-22,95,UL Monroe,197.5,183,161,238.8,163,229
2021-22,96,Baylor,196.4,158,40,219.3,176.7,219.9
2021-22,97,S Florida,195.1,213.7,222,196.4,194,230.9
2021-22,98,Arizona St,194.3,137,159,188,200.5,194.3
2021-22,99,UAB,192.7,183.7,189,186.6,197,198.3
2021-22,100,Georgia Tech,192.6,98,68,179.2,203.8,199.1
2021-22,101,UCF,191.9,172.3,148,198.3,185.5,357.4
2021-22,102,Northwestern,187.5,135.7,123,201.2,176,197.9
2021-22,103,Kansas,186.8,235.3,249,173.2,198.2,154.3
2021-22,104,Texas St,185.9,170.7,130,232,147.5,238.4
2021-22,105,Ohio,185.5,195.3,103,253,129.2,146
2021-22,106,Clemson,185.3,165.3,187,215.8,163.4,358.1
2021-22,107,Vanderbilt,185.1,205.7,206,157.7,218,219.9
2021-22,108,N Illinois,180.1,102,181,128.4,212.4,240.5
2021-22,109,Iowa,180.1,188,211,180,180.1,197.6
2021-22,110,Indiana,177,133.7,147,149.2,200.2,250.9
2021-22,111,Virginia Tech,173.4,143,137,183.7,163.2,200.6
2021-22,112,San Diego St,170.8,263.3,333,167.4,174.8,151.4
2021-22,113,Boston College,167.7,159,19,129.6,199.5,284.2
2021-22,114,Temple,165.6,126.3,98,173.4,159.2,209.4
2021-22,115,Minnesota,162,168,109,159.1,165.3,199.1
2021-22,116,Georgia St,161.6,165.7,205,167.7,156.4,230.3
2021-22,117,Wisconsin,160.2,151,137,158.3,162.3,181
2021-22,118,Wyoming,159.9,185,127,153.8,164.3,153.3
2021-22,119,UConn,159.3,148.7,156,165.8,155,
2021-22,120,Rutgers,159.1,143.7,165,186.2,139.7,198.8
2021-22,121,Illinois,156.2,190,242,169.6,137.4,152.9
2021-22,122,UMass,150,92,124,199.5,117,121.5
2021-22,123,Georgia So,148.2,154,107,152,145,107.8
2021-22,124,Southern Miss,145.2,94.7,122,133.2,155.2,225.6
2021-22,125,Syracuse,135.5,109.7,217,150.2,118,173.3
2021-22,126,Colorado,133.9,120.7,84,154.8,116.5,201.5
2021-22,127,New Mexico,107.8,45.7,85,139.4,81.5,198
2021-22,128,Air Force,99.3,91.7,252,85.8,109,83.7
2021-22,129,Army,97.9,101.7,95,81,110,38.6
2021-22,130,Navy,56.8,63.7,82,61.3,52.2,97.4
2022-23,1,Washington,369.3,355.7,287,368,370.5,224.9
2022-23,2,W Kentucky,357.9,410.7,522,341.8,368,430.3
2022-23,3,USC,335.4,352.3,462,298.3,372.6,298.3
2022-23,4,Arizona,326.5,289.7,200,324.8,328.6,223.5
2022-23,5,Georgia So,326.4,315,355,351.2,308.7,148.2
2022-23,6,SMU,322.7,286,218,315.4,327.9,303.2
2022-23,7,Houston,314,350,229,298.5,327.3,272.5
2022-23,8,Wake Forest,313.4,319.3,280,315.5,311.3,311.6
2022-23,9,Tennessee,312,252.3,251,371.3,252.7,260.6
2022-23,10,North Carolina,310.5,237.3,206,298.2,318.1,259.2
2022-23,11,Mississippi St,307.8,258,274,368.7,246.8,368.8
2022-23,12,Ohio St,298.3,312.7,348,310.3,279.2,380.9
2022-23,13,Georgia,291.4,335.7,335,252.4,313.1,251.6
2022-23,14,UTSA,289.9,308,198,300,281.3,250.5
2022-23,15,E Carolina,289.5,275,314,269.3,309.7,273.7
2022-23,16,Texas Tech,287.9,273,242,313,262.8,264.2
2022-23,17,Alabama,283,291,321,272,294,343.4
2022-23,18,Memphis,282.8,277.7,284,254,311.7,301.8
2022-23,19,Akron,282.7,263,254,257.5,297.1,210.4
2022-23,20,Oregon,280.2,273,205,248.2,303,218.8
2022-23,21,Purdue,277.3,275,169,248,295.6,355.4
2022-23,22,San Jose St,275.5,277,366,264.4,284.8,202.4
2022-23,23,Florida St,273.3,292.3,418,290,256.7,207.8
2022-23,24,Charlotte,273.1,256,268,281.4,266.2,261.5
2022-23,25,Temple,272.9,393.3,527,275.8,269.4,167.5
2022-23,26,Oklahoma St,272,262.7,229,288.2,255.8,225.5
2022-23,27,Louisiana Tech,271.9,202.3,247,263.3,276.9,263.7
2022-23,28,J Madison,269.6,288.3,287,253.8,285.4,
2022-23,29,Middle Tenn,269.2,321,236,311.8,247.9,237.7
2022-23,30,California,268,240.3,294,278.3,255.6,215.5
2022-23,31,LSU,265.4,356,369,275.5,256.7,260.6
2022-23,32,UCLA,265.3,269.3,310,283.9,239.2,226.2
2022-23,33,South Carolina,263.3,366.7,287,247.2,279.5,202.5
2022-23,34,S Alabama,262.9,274.7,377,262.6,263.1,264.9
2022-23,35,Fresno St,262.4,215.7,280,300,238.9,314.3
2022-23,36,N Texas,262.2,218.7,259,242.8,274.3,198.3
2022-23,37,Arizona St,261,236.7,376,231,286,194.3
2022-23,38,Maryland,260.2,321,266,286.1,230,301.1
2022-23,39,Iowa St,258.9,246.3,171,267.2,249,269.3
2022-23,40,Kansas,258.5,322,544,244.2,268.7,186.8
2022-23,41,Ohio,258.2,181,184,297,233.9,185.5
2022-23,42,Tulsa,256.5,264.7,316,247,264.3,255.6
2022-23,43,Washington St,255.9,229.3,137,302.7,209.2,253.5
2022-23,44,Oklahoma,254.6,321.3,243,297,218.3,256.5
2022-23,45,Penn St,252.5,242.7,279,257.7,246.5,255.2
2022-23,46,App State,248.8,240.3,253,250,247.6,242
2022-23,47,TCU,248.3,209.3,152,262.8,240.2,238.4
2022-23,48,Stanford,247.5,248,318,278.6,221.7,215.2
2022-23,49,Old Dominion,247.2,247.3,285,233.5,260.8,214.8
2022-23,50,Texas,241.4,225,369,225,260.5,225.4
2022-23,51,Utah,241.3,265.3,207,246.6,238,210.6
2022-23,52,Coastal Car,241,208,212,272.2,209.8,259.1
2022-23,53,Boston College,240.5,233,252,277.8,209.3,170
2022-23,54,Michigan St,240,261,229,244.3,234,247.9
2022-23,55,Cincinnati,238.5,147.3,83,238.4,238.6,239.7
2022-23,56,Mississippi,236.8,286,361,188.8,284.7,273.3
2022-23,57,UCF,236.1,221.7,198,235.7,236.4,191.6
2022-23,58,Miami,236,161,279,283.2,179.4,312.5
2022-23,59,Duke,234.3,284.7,173,271,208.1,233.8
2022-23,60,BYU,232.5,172.3,47,280,198.6,253.8
2022-23,61,Clemson,232.2,245.3,320,189.5,268.7,185.3
2022-23,62,Bowling Green,231.6,281.7,221,227.4,234.6,214.3
2022-23,63,Syracuse,231.1,324,330,200,262.2,136.3
2022-23,64,Buffalo,229.5,231.3,265,215.5,236.5,211.1
2022-23,65,Rice,229.2,252.3,303,236.8,223.7,206.3
2022-23,66,Ball St,228.6,169.7,142,260.4,202.2,209.3
2022-23,67,Arkansas St,226,200,221,208.2,240.8,313.5
2022-23,68,Troy,225.8,191.7,113,240.8,213,233.1
2022-23,69,Pittsburgh,225.7,231.3,248,237.2,214.2,328.3
2022-23,70,Toledo,225.6,190.7,183,251.2,209.6,239.3
2022-23,71,Baylor,224.6,212,188,237.8,215.1,196
2022-23,72,Tulane,224.2,263.3,234,242.7,202.5,215.5
2022-23,73,Florida Atlantic,223.7,237.7,284,195.8,247,243.7
2022-23,74,Nebraska,223.4,151.7,278,194.5,258,263
2022-23,75,Arkansas,221.3,222.3,287,190.5,252.2,214
2022-23,76,Louisiana,221,208,194,209.2,229.4,212
2022-23,77,West Virginia,220.2,165.3,77,268.4,180,239.9
2022-23,78,E Michigan,220,293,298,174.8,252.3,269
2022-23,79,Michigan,219.9,260.3,342,210.9,231.8,228.7
2022-23,80,Kansas St,219.4,207.3,210,200.8,235.3,201.4
2022-23,81,Indiana,219.3,118.7,206,258.2,172.6,177
2022-23,82,Virginia,218.2,197.3,152,237.8,193.8,397.5
2022-23,83,NC State,218.2,251.3,269,208,228.3,288.5
2022-23,84,UTEP,217.7,198,245,188,247.3,257.9
2022-23,85,Kent St,216.3,201.7,150,258.8,192,249.2
2022-23,86,Liberty,216.1,191.7,151,205,224,249.7
2022-23,87,Hawai'i,214.9,246,230,233.7,196.2,258.6
2022-23,88,Florida Intl,210.5,181.3,414,250.2,177.3,264.2
2022-23,89,Northwestern,210.1,150.3,167,240.2,185,187.5
2022-23,90,Florida,209.8,259.3,180,135.8,283.8,236.7
2022-23,91,Texas St,208.3,157.3,133,217,201,185.4
2022-23,92,Notre Dame,207.2,256,294,161.3,246.4,282.5
2022-23,93,Missouri,205.9,239.3,215,214,197.8,216
2022-23,94,Louisville,205.5,143.3,132,211.2,200.7,232.5
2022-23,95,Texas A&M,204.2,155.7,155,200,209.2,212.3
2022-23,96,C Michigan,204.1,93,68,176.4,227.2,268.5
2022-23,97,Georgia St,203.6,276,303,248.3,158.8,161.6
2022-23,98,Illinois,201.3,189,253,211.7,190.8,156.2
2022-23,99,UL Monroe,200.6,164,122,226.5,185.9,197.5
2022-23,100,Georgia Tech,200.5,212,215,193.3,204.7,193.3
2022-23,101,UAB,198.9,184.7,252,238.6,170.6,192.7
2022-23,102,Colorado St,198.5,220,230,215.4,184.3,243.8
2022-23,103,Utah St,198.3,228.3,135,242.8,166.6,295.7
2022-23,104,UNLV,197.7,223,209,188.6,205.3,208.2
2022-23,105,Kentucky,194.4,170.3,117,218,161.4,223.3
2022-23,106,Southern Miss,191.7,189.3,189,174,204.3,145.2
2022-23,107,S Florida,190.5,194,140,205.2,178.3,195.1
2022-23,108,Boise St,189.5,177.3,137,196.7,183.4,260.6
2022-23,109,Virginia Tech,189.4,163.7,148,169.5,202.7,173.4
2022-23,110,Oregon St,189.2,156.7,189,176.3,202,219.2
2022-23,111,Marshall,189,191.7,93,221.3,170.6,280.6
2022-23,112,San Diego St,187.7,259.7,309,186.8,188.5,167.8
2022-23,113,Vanderbilt,182.1,133,107,181,183,185.1
2022-23,114,N Illinois,181.8,156.7,172,196.4,169.7,180.1
2022-23,115,Wisconsin,180.9,130,116,206.5,155.3,160.2
2022-23,116,Nevada,174.8,214,276,189.2,162.8,338.3
2022-23,117,Colorado,172.9,123.3,123,215.8,130,133.9
2022-23,118,Auburn,169.1,86.3,77,200.4,114.3,245.6
2022-23,119,Minnesota,166.4,181.3,138,147.3,185.5,162
2022-23,120,Miami OH,163.3,188,162,215.5,137.3,277.3
2022-23,121,Iowa,160.7,170,139,162.8,158.5,180.1
2022-23,122,W Michigan,157.8,113.7,54,165.2,151.7,260.3
2022-23,123,Rutgers,144.5,147.7,72,189.4,107.2,159
2022-23,124,New Mexico St,142.2,165.3,167,139.3,143.9,265
2022-23,125,Wyoming,131.3,106.7,186,151.4,116.9,159.9
2022-23,126,UMass,118,169,145,109.5,122.9,149.7
2022-23,127,UConn,106.9,132.3,172,115.4,100.9,159.3
2022-23,128,New Mexico,99.6,100.7,62,98.8,100.3,107.8
2022-23,129,Army,92,31.7,28,89,94,97.9
2022-23,130,Navy,81.4,44.3,25,64.8,90.9,56.8
2022-23,131,Air Force,67.3,39,103,63.7,70.8,99.3
2023-24,1,Oregon,344.3,335.7,401,355.2,335,280.2
2023-24,2,Washington,343.7,336.3,255,351.4,336.9,369.3
2023-24,3,LSU,340.7,347.7,395,339,342.3,265.4
2023-24,4,USC,333,354,372,336.9,328.5,335.4
2023-24,5,Oklahoma,324.8,328.3,361,340,311.9,254.6
2023-24,6,Washington St,322.6,339,317,290.2,349.7,255.9
2023-24,7,TCU,312.1,359,344,337,282.2,248.3
2023-24,8,Arizona,309.7,402,354,286.4,326.3,326.5
2023-24,9,Georgia So,304.7,287.3,350,295.4,311.3,326.4
2023-24,10,N Texas,303.2,312.3,403,315.4,293,262.2
2023-24,11,Memphis,303.2,338.7,364,335.8,270.5,282.8
2023-24,12,Georgia,298,239.7,301,325,274.9,291.4
2023-24,13,North Carolina,296.9,220.7,199,337.7,256.2,310.5
2023-24,14,Colorado,294.7,217,225,337,252.3,172.9
2023-24,15,J Madison,293.2,287,248,317.2,276,269.6
2023-24,16,W Kentucky,292.7,374.3,398,332,264.6,357.9
2023-24,17,Colorado St,291.3,268.7,317,293,289.8,198.5
2023-24,18,Texas,289.1,336,318,233.3,330.9,241.4
2023-24,19,UAB,288.7,245.7,285,310.6,270.5,198.9
2023-24,20,Fresno St,286.3,255,380,278.6,291.9,262.4
2023-24,21,Temple,279.8,311,330,311.8,241.4,272.9
2023-24,22,Maryland,278.6,272,208,299.7,257.5,260.2
2023-24,23,Hawai'i,277.3,266.7,346,282.5,272,214.9
2023-24,24,Baylor,275.9,220.3,215,282.9,263.8,224.6
2023-24,25,App State,275.6,260.7,211,292.4,265.1,248.8
2023-24,26,Louisiana Tech,274.5,316,225,293.2,259,271.9
2023-24,27,Oklahoma St,274.4,335.7,436,271.5,276.9,272
2023-24,28,S Florida,271.7,282.7,246,280.6,265.3,190.5
2023-24,29,Texas A&M,270.6,272,372,251.2,290,204.2
2023-24,30,SMU,270.4,254.3,191,286.4,260.4,322.7
2023-24,30,Troy,270.4,250.7,241,266.7,273.6,225.8
2023-24,32,Texas St,269.8,295.3,152,293,253.1,208.3
2023-24,33,S Alabama,268.8,300.7,307,273.8,263.7,262.9
2023-24,34,Mississippi,265.8,287,394,300.8,230.7,236.8
2023-24,35,Illinois,264.6,356.7,348,289.9,229.2,201.3
2023-24,36,Missouri,264.1,190.3,128,295.8,232.3,205.9
2023-24,37,Middle Tenn,263.7,268.7,276,302.2,231.7,269.2
2023-24,38,Florida,261.6,212,86,219.6,296.7,209.8
2023-24,39,Ohio St,261.6,198.7,106,307.2,229,298.3
2023-24,40,South Carolina,261.2,223.3,112,278.3,240.6,263.3
2023-24,41,Coastal Car,260.6,244,199,251.6,267,241
2023-24,42,Utah St,257.8,198.3,188,308.6,221.6,198.3
2023-24,43,Iowa St,255.8,333,446,254,257,258.9
2023-24,44,Virginia,252.5,278.3,243,280.2,229.5,218.2
2023-24,45,Rice,252.3,168.7,112,268.7,236,229.2
2023-24,46,UCF,251.3,252,255,278.8,231.6,236.1
2023-24,47,Miami,250.4,266,181,257.7,243.2,236
2023-24,48,UTSA,249.8,289.3,251,271,231.7,289.9
2023-24,49,Florida St,249.6,111.7,146,259,243.8,273.3
2023-24,50,UNLV,247.8,245.7,291,241.5,253.1,197.7
2023-24,51,Oregon St,247.3,194.7,195,256.6,240.6,189.2
2023-24,52,Tennessee,244.6,249,151,253.2,236,312
2023-24,53,Houston,241.5,176.7,165,258,218.4,314
2023-24,54,Notre Dame,239.1,228.3,232,267.2,219,207.2
2023-24,55,Kansas,237.1,287,449,169.2,305,258.5
2023-24,56,Stanford,235.4,215.3,216,236.3,234.2,247.5
2023-24,57,Arkansas St,232.6,236.3,250,219,242.3,226
2023-24,58,Kansas St,231.3,210.3,178,253.3,209.2,219.4
2023-24,59,UCLA,230.8,231.3,230,249.8,217.1,265.3
2023-24,60,UTEP,228.9,266.3,221,188,263,217.7
2023-24,61,Louisville,228.2,164.7,141,214.3,240.1,205.5
2023-24,62,California,226.8,244.3,261,187.8,254.7,268
2023-24,63,Texas Tech,226.4,201,259,255.8,205.4,287.9
2023-24,64,UMass,224.1,214.7,230,262.6,192,118
2023-24,65,Florida Intl,223.6,248,249,235.4,213.8,210.5
2023-24,66,Marshall,222.7,210.3,258,206.4,234.3,189
2023-24,67,Vanderbilt,221.6,166,228,223,220.5,182.1
2023-24,68,Sam Houston,220.8,246.3,199,258,199.6,91
2023-24,69,Wisconsin,220.2,227.7,378,198,246.2,180.9
2023-24,70,San Jose St,219.9,212.7,215,180.2,248.3,275.5
2023-24,71,Boise St,218.2,190.3,117,230,210.8,189.5
2023-24,72,Alabama,217.5,189,116,230.5,206.3,283
2023-24,73,Louisiana,216.2,227.7,155,216.8,215.7,221
2023-24,74,W Michigan,214.9,212.7,123,230,206.3,157.8
2023-24,75,Penn St,214.1,244.7,343,174.7,253.5,252.5
2023-24,76,Michigan,213.7,169.3,140,244.4,186.8,219.9
2023-24,76,Clemson,213.7,194.3,264,191.8,235.5,232.2
2023-24,78,Georgia Tech,213.4,127.7,87,227,203.7,200.5
2023-24,79,Ohio,211.9,185.7,120,250.4,184.4,258.2
2023-24,80,Tulane,211.7,160.7,119,208.6,215.3,224.2
2023-24,81,New Mexico,211.3,195,202,221.8,202.5,99.6
2023-24,82,Purdue,211.2,222,275,236.6,175.6,277.3
2023-24,83,Pittsburgh,210.7,227,265,204.8,215.7,225.7
2023-24,84,Florida Atlantic,209.6,160.3,128,163.8,247.8,223.7
2023-24,85,Toledo,208.6,184.7,184,236.8,191,225.6
2023-24,86,Arizona St,208,154.3,82,216.3,193.5,261
2023-24,87,Northwestern,207.9,229.7,225,246.4,180.4,210.1
2023-24,88,Georgia St,206.6,225.7,257,154.8,243.6,203.6
2023-24,89,Liberty,205.9,157.7,126,235.3,166.7,216.1
2023-24,90,Kentucky,204.3,227.7,306,212.5,196.2,194.4
2023-24,91,New Mexico St,201.9,216.3,58,255.8,171.9,142.2
2023-24,92,Virginia Tech,201.5,188,91,253,157.3,189.4
2023-24,93,Indiana,200.8,237.3,226,156.2,238,219.3
2023-24,94,Tulsa,199.9,301,297,197.8,201.7,256.5
2023-24,95,West Virginia,196.6,235.7,228,169.8,215.7,220.2
2023-24,96,BYU,192.5,166.7,197,160,219.5,232.5
2023-24,97,Akron,191.4,187.3,146,181.5,197,282.7
2023-24,98,Michigan St,190.5,151,88,202.3,176.2,240
2023-24,99,UConn,189.4,211.7,174,165.4,209.3,106.9
2023-24,100,Cincinnati,188.2,155.3,111,189.8,186.2,238.5
2023-24,101,NC State,187.9,239.3,164,205.3,170.5,218.2
2023-24,102,Wake Forest,185.4,172.3,263,152.2,213,313.4
2023-24,103,Old Dominion,183.7,181,123,209.6,165.1,247.2
2023-24,104,C Michigan,182.9,197.7,231,186.5,180.9,204.1
2023-24,105,Boston College,182.8,141.3,102,188.7,176.8,240.5
2023-24,106,UL Monroe,181.7,131.7,86,202.8,164.2,200.6
2023-24,107,Southern Miss,181.1,144.7,132,197.6,167.3,191.7
2023-24,108,N Illinois,180.8,171.3,232,142.6,208.1,181.8
2023-24,109,Arkansas,179.6,140,98,150,215.2,221.3
2023-24,109,San Diego St,179.6,144.7,189,188.7,168.8,187.7
2023-24,111,Buffalo,178,167.3,174,186.8,170.7,229.5
2023-24,112,Mississippi St,177.7,151.7,207,159.7,209.3,307.8
2023-24,113,Nevada,177.6,180.3,183,165.2,188,174.8
2023-24,114,Duke,175.4,236.3,183,161.5,189.3,234.3
2023-24,115,Jacksonville St,174.7,196.7,236,134.4,203.4,87
2023-24,116,Bowling Green,173.4,252.7,221,168.3,176,231.6
2023-24,117,Charlotte,171.6,135.7,165,163.2,178.7,273.1
2023-24,118,Wyoming,165.8,222.7,184,172,159.7,131.3
2023-24,119,Miami OH,164.3,107.7,44,142,174.2,163.3
2023-24,120,Utah,163.6,151.3,73,129,198.2,241.3
2023-24,121,Kent St,163.1,199,245,194.3,145.3,216.3
2023-24,122,E Carolina,162.1,165,184,141.6,179.2,289.5
2023-24,123,Syracuse,152.2,138.7,139,206,113.7,231.1
2023-24,124,E Michigan,150.1,142.7,73,194,118.7,220
2023-24,125,Auburn,147.4,155,224,147.3,147.5,169.1
2023-24,126,Minnesota,143.4,94,26,149.3,136.5,166.4
2023-24,127,Ball St,136.5,98,91,95.6,170.7,228.6
2023-24,128,Nebraska,135.9,148,189,135.1,137,223.4
2023-24,129,Rutgers,134.9,126.3,84,147,122.8,144.5
2023-24,130,Iowa,118.6,91.3,60,158,79.3,160.7
2023-24,131,Navy,100.5,117.3,179,92.6,107,81.4
2023-24,132,Army,91.7,31.3,54,85.3,96,92
2023-24,133,Air Force,84.2,78.7,45,97.8,77.4,67.3
2024-25,1,Syracuse,366.2,434.3,453,367.3,365,151.4
2024-25,2,Miami,350.3,281.7,216,349,351.1,250.4
2024-25,3,Mississippi,336,301.3,438,293.8,378.2,265.8
2024-25,4,N Texas,328.8,279.7,393,337.2,322.7,303.2
2024-25,5,San Jose St,321.6,248.7,280,319.3,323.8,220.7
2024-25,6,TCU,314.2,257.3,257,315,313.6,312.1
2024-25,6,LSU,314.2,307,304,329.2,299.2,340.5
2024-25,8,Colorado,307.4,304,208,366,265.6,294.7
2024-25,9,USC,291.9,305,295,291.7,292.1,333
2024-25,10,Texas Tech,290.2,347.7,280,291,289.3,226.4
2024-25,11,UTSA,284.8,227.7,256,317.2,261.7,249.8
2024-25,12,Clemson,279.9,292.7,336,303.7,259.6,213.7
2024-25,13,Texas,278.7,269,283,292.4,265,289.1
2024-25,14,Georgia,277.1,222.3,234,337,239.6,298
2024-25,15,Oregon,271.8,272.7,299,260.8,281.1,344.3
2024-25,16,Maryland,270,195.3,122,294.5,240.6,278.6
2024-25,17,Texas St,267.9,285.7,307,306.2,229.7,269.8
2024-25,18,App State,267.6,244,290,248.3,280.5,275.6
2024-25,19,Memphis,267.3,270.3,294,229.5,305.2,303.2
2024-25,20,UAB,265.8,269,309,252.6,276.8,288.7
2024-25,21,Middle Tenn,265.7,265.3,256,264.4,266.8,263.7
2024-25,22,California,265.3,208,166,277.5,253,226.8
2024-25,23,Ohio St,265.1,308.3,289,257.3,276.8,261.6
2024-25,24,Washington St,264.7,265,363,237.4,284.1,322.6
2024-25,25,SMU,264.6,266.3,195,239.8,285.9,269.8
2024-25,26,Oklahoma St,263.8,217.7,77,257.2,269.3,274.4
2024-25,27,Hawai'i,263.6,342.7,484,282,245.2,277.3
2024-25,28,Arkansas,263.6,263.7,341,238.8,288.3,179.6
2024-25,29,Louisville,262.9,195,164,322,220.7,228.2
2024-25,30,Utah St,262.4,204.7,189,298.2,232.5,257.8
2024-25,31,Washington,260.3,252.3,374,264.4,257.4,343.7
2024-25,32,Baylor,259.9,319.7,445,269.2,253.3,275.9
2024-25,33,Pittsburgh,259.8,208.7,137,243.2,276.5,210.7
2024-25,34,W Kentucky,258,254.7,302,251,262.4,294.6
2024-25,35,Georgia St,257.4,285.7,226,291.4,229,206.3
2024-25,36,E Carolina,256.2,221.3,147,270.2,246.1,162.1
2024-25,37,Iowa St,254.8,207,270,245.7,262.7,255.8
2024-25,38,Arizona,254.7,212.3,126,253.2,256.6,309.7
2024-25,39,Indiana,251.6,210.7,215,255.1,246.6,200.8
2024-25,40,Toledo,250.9,266,336,225.2,269.3,208.6
2024-25,41,Auburn,246.9,302,301,266.7,212.3,147.4
2024-25,42,Bowling Green,246.5,300.7,433,220,265.4,173.4
2024-25,43,Ball St,243.5,291.7,333,260.5,233.7,136.5
2024-25,44,UCLA,242.3,273.7,289,219.7,264.8,230.8
2024-25,45,Rice,242.2,299.3,430,299.4,194.5,252.3
2024-25,46,S Alabama,242,231.3,271,252.4,234.6,268.8
2024-25,47,Duke,240.4,267.7,236,234.6,244.6,174.8
2024-25,48,Georgia So,240,224,212,240.6,239.6,304.7
2024-25,49,Louisiana,239.9,160.7,95,255.8,226.3,216.2
2024-25,50,E Michigan,239,207,91,289.2,197.2,150.1
2024-25,51,Mississippi St,238.5,191.3,291,253.8,220.2,177.7
2024-25,52,New Mexico,236,175,176,213.8,248.7,211.3
2024-25,53,Tulsa,233.1,278.3,287,259,211.5,199.9
2024-25,54,Fresno St,232.8,205.3,211,216.4,244.6,286.3
2024-25,55,Wake Forest,232.8,182,207,258.2,202.4,185.4
2024-25,56,S Florida,232.1,320.7,235,285.4,194,271.7
2024-25,57,Arizona St,229.5,292.3,296,179,267.4,208
2024-25,57,Alabama,229.5,204,192,252.3,206.7,217.5
2024-25,59,Penn St,227.9,147.3,135,210.5,245.3,214.1
2024-25,60,North Carolina,227.8,187,110,264.7,191,296.9
2024-25,61,NC State,225.5,206.3,230,232,219,188.1
2024-25,61,Georgia Tech,225.5,259.7,204,203,236.8,213.4
2024-25,63,Nebraska,223.3,239.7,236,238.7,207.8,135.9
2024-25,64,Cincinnati,223.2,142,160,231.2,216.5,188.2
2024-25,65,J Madison,222.8,184.7,182,204.4,236,293.9
2024-25,66,Virginia,222.8,152.7,178,231,216,252.5
2024-25,67,Boise St,222.5,219,304,213.5,230.1,218.2
2024-25,68,BYU,221.6,221.3,151,195.4,240.3,192.5
2024-25,69,Colorado St,220.9,335.3,321,220,221.8,291.3
2024-25,70,Akron,220.4,225.3,221,240.5,208.9,191.4
2024-25,71,Louisiana Tech,220.3,199.3,169,255.8,194.9,274.5
2024-25,72,Arkansas St,220,221,232,276,180,232.6
2024-25,73,Missouri,218,241,287,222.7,213.3,265.3
2024-25,74,Miami OH,217.4,188.7,184,232.5,206.1,164.3
2024-25,75,Florida Intl,217.4,260.3,319,214.4,219.8,223.6
2024-25,76,Temple,216,235,268,247,185,279.8
2024-25,77,Minnesota,215.3,200.7,236,205,225.5,143.4
2024-25,78,Kansas St,215.2,187.3,195,214.6,215.6,231.3
2024-25,79,Charlotte,213.9,289,215,187.8,235.7,171.6
2024-25,80,South Carolina,213.4,259,260,217.3,209.5,261.2
2024-25,81,Michigan St,213.4,188.3,150,184.5,248,190.5
2024-25,82,Nevada,212.5,264,292,203.5,221.5,177.6
2024-25,83,Rutgers,212.4,189.3,237,191.5,233.3,134.9
2024-25,84,Texas A&M,211.5,245,292,197.5,225.5,270.6
2024-25,85,Kansas,209.6,212.7,280,212.6,207.2,237.1
2024-25,86,Illinois,208.7,197.7,174,225,192.3,264.6
2024-25,87,Tulane,207.7,217,125,280.6,162.1,211.7
2024-25,88,West Virginia,207.2,237,328,193.3,221,196.6
2024-25,89,San Diego St,206.4,213,252,212.4,201.3,179.6
2024-25,90,Oregon St,206.3,215.3,226,211,200.6,247.3
2024-25,91,Florida,205.7,206,305,214.2,197.2,261.6
2024-25,92,Troy,205.5,244.7,187,179,227.7,271.2
2024-25,93,Tennessee,204.9,193.3,104,228.3,181.5,244.5
2024-25,94,Florida Atlantic,204.2,222.3,294,238,176,209.6
2024-25,95,Coastal Car,203.1,163.3,173,216.8,189.3,260.6
2024-25,96,UCF,201,202.3,206,225.5,171.6,251.3
2024-25,97,Wyoming,195.2,176.3,206,183.2,205.2,165.8
2024-25,98,Wisconsin,195.1,172.7,130,189.5,201.8,220.1
2024-25,99,Boston College,194.5,248.7,301,163.7,225.3,180.9
2024-25,100,Notre Dame,194.3,186,267,199.9,189.5,239.1
2024-25,101,Old Dominion,192.6,186.3,143,182,203.2,183.7
2024-25,102,UTEP,191,219.7,177,210.8,179.7,228.9
2024-25,103,Ohio,190.8,222.3,227,224.2,169.9,211.9
2024-25,104,Jacksonville St,190.4,213,364,177.7,203.1,174.7
2024-25,105,Virginia Tech,189.4,205.3,149,167.8,207.9,201.5
2024-25,106,Utah,187.7,160.3,111,168.4,203.8,163.6
2024-25,107,UConn,186.1,186.7,151,190,182.2,189.4
2024-25,108,Buffalo,185.6,196.7,137,215.6,164.1,178
2024-25,109,Vanderbilt,185.2,150,160,190.3,180,221.6
2024-25,110,Northwestern,180.4,215.7,329,172,187.3,207.9
2024-25,111,Stanford,179.7,238.7,252,204.2,159.3,235.4
2024-25,112,W Michigan,177,152,196,179.3,175.9,214.9
2024-25,113,UMass,176.5,164.7,206,172,179.5,224.1
2024-25,114,Florida St,174.9,129,140,196.2,149.4,249.6
2024-25,115,Kentucky,173.2,192,173,156.3,202.8,204.3
2024-25,116,Marshall,172,174.3,193,164.6,177.3,222.7
2024-25,117,UNLV,171.2,142,148,206.8,149,247.9
2024-25,118,Purdue,170.2,204.3,54,179.6,162.3,211.2
2024-25,119,Southern Miss,169.2,155.3,259,186.2,155,181.1
2024-25,120,Sam Houston,168.2,166.3,213,173.4,164.9,220.8
2024-25,121,Oklahoma,167.1,151,275,165.7,168.5,324.8
2024-25,122,N Illinois,160.5,163.3,207,150.4,167.7,180.8
2024-25,123,Liberty,160,100,80,172,150,205.9
2024-25,124,Houston,152.7,164.7,156,123.7,181.7,241.5
2024-25,125,Kent St,151.2,137.7,102,257.5,90.4,163.1
2024-25,126,New Mexico St,150.7,223,340,204,106.3,201.9
2024-25,127,C Michigan,143.9,127.3,92,164.8,126.5,182.9
2024-25,128,Kennesaw St,135.2,137,88,137.2,133.5,44
2024-25,129,UL Monroe,135,153,168,141.4,129.7,181.7
2024-25,130,Michigan,129.1,110.7,75,135.4,119,213.7
2024-25,131,Iowa,121.6,107.3,131,124.2,119,118.6
2024-25,132,Navy,119.7,121.3,92,111.8,123.6,100.5
2024-25,133,Air Force,91.5,89,128,99.4,84.8,84.2
2024-25,134,Army,82.4,49,65,104,63.9,91.7
2025-26,1,Florida Atlantic,338.7,389.3,299,354.2,325.8,204.2
2025-26,2,N Texas,316.4,303.3,250,286.8,341.7,328.8
2025-26,3,Baylor,315.5,300.3,309,336.7,290,259.9
2025-26,4,Mississippi,303.4,328.3,277,304.6,301.8,336
2025-26,5,USC,296,289,280,304.1,286.5,291.9
2025-26,6,Hawai'i,294,251.3,302,283.3,309,263.6
2025-26,7,Delaware,293.2,240,176,295,291.9,
2025-26,8,San Jose St,288.7,131.3,114,311,270.2,321.6
2025-26,9,Vanderbilt,288.2,384.7,347,312.5,263.8,185.2
2025-26,10,SMU,285,278.3,278,301.6,273.1,264.6
2025-26,11,TCU,284.2,285.7,258,302,271.4,314.2
2025-26,12,Middle Tenn,280.9,305.7,260,280,281.7,265.7
2025-26,13,Tennessee,279.1,208,121,296.3,261.8,205.1
2025-26,13,Missouri St,279.1,329,349,252.4,298.1,258
2025-26,15,S Florida,277.6,300.7,281,251.2,296.4,232.1
2025-26,16,Duke,277.4,263.7,327,295.8,265.9,240.4
2025-26,17,UConn,275.2,228.3,84,258.2,287.3,186.1
2025-26,18,California,274.9,319.3,343,264.6,282.3,265.3
2025-26,19,Texas Tech,273.2,245.3,137,290.5,258.3,289.9
2025-26,20,Pittsburgh,271.2,227,256,283.5,258.8,260.1
2025-26,21,Clemson,270.3,216,193,285.3,255.3,279.9
2025-26,22,Southern Miss,269.5,289,258,225.7,313.3,169.2
2025-26,23,UAB,267.3,235,166,278,258.3,265.8
2025-26,24,E Carolina,265.2,226,177,278.4,255.7,256.2
2025-26,25,Boston College,264,314,296,242,290.4,194.5
2025-26,26,Alabama,263.1,204.7,170,326.7,215.4,229.5
2025-26,27,Texas A&M,262.5,285.3,237,272.4,248.6,211.5
2025-26,28,W Kentucky,261.6,192.3,267,302.8,232.1,258
2025-26,29,Ohio St,259.8,261.3,287,254,264.9,263
2025-26,30,Rutgers,255.9,216,338,247.8,265.6,212.4
2025-26,31,Texas St,255.3,225.3,195,234.6,270.1,267.9
2025-26,32,Notre Dame,255.1,205.3,337,223,300,198.1
2025-26,33,Arkansas,254.3,224.7,185,237,275,263.6
2025-26,34,Maryland,253.8,324.3,459,253.7,254,270
2025-26,35,Oregon,253.6,281,285,263.3,244,271.8
2025-26,36,App State,253.5,199,192,249.8,256.1,267.6
2025-26,37,New Mexico St,252.5,300,311,253.2,251.8,150.7
2025-26,38,Arkansas St,252.4,302.3,288,255.8,250,220
2025-26,39,UNLV,252.3,226.3,184,298.2,223.6,171.2
2025-26,40,Georgia St,251,255,154,269.4,235.7,257.4
2025-26,41,Texas,250.7,264.3,221,279,226.4,278.8
2025-26,42,Miami,248.2,169.7,268,262.9,233.6,350.3
2025-26,43,UTSA,248,271,295,274.8,228.9,284.8
2025-26,44,Georgia Tech,247.7,236,270,229.2,260.9,225.5
2025-26,45,Kennesaw St,246.7,231.7,209,263.2,236.4,135.2
2025-26,46,Tulane,245.1,254.3,306,249,241.3,207.7
2025-26,47,Utah St,243.2,185,194,282.4,215.1,262.4
2025-26,48,Florida St,243,212.3,240,235.2,252.4,174.9
2025-26,49,Arizona,242.7,244.7,265,222,263.3,254.7
2025-26,50,Mississippi St,242.3,235.7,294,225.3,259.3,238.5
2025-26,51,Georgia So,241.8,242,171,251.4,234.9,240
2025-26,52,Boise St,239.9,294.3,253,244.3,236.1,222.5
2025-26,53,Washington,239.5,190.3,228,252.7,226.3,260.3
2025-26,54,E Michigan,238.9,255.3,327,233.8,243.2,239
2025-26,55,Buffalo,237.7,278.3,270,231.5,245.2,185.6
2025-26,56,Illinois,236.2,202.7,196,224.3,248,208.7
2025-26,57,NC State,235.3,191.3,221,241.8,228.7,225.5
2025-26,58,Wake Forest,235.1,319.7,303,237.3,232.8,232.8
2025-26,59,Toledo,233.2,197,167,279,200.4,252.2
2025-26,60,Indiana,232.9,197,177,265,208.9,251.6
2025-26,61,South Carolina,232.9,316.7,381,246.7,216.4,213.4
2025-26,62,Virginia,232.8,199,198,238.2,228.3,222.8
2025-26,63,Oregon St,232,255.7,240,226.3,238.8,206.3
2025-26,64,Memphis,230.8,181,154,265.2,206.3,267.3
2025-26,65,BYU,227.5,250.3,325,255.4,210.1,221.6
2025-26,66,Oklahoma,222.8,266,307,247.4,188.4,166.8
2025-26,67,Colorado St,222.7,300.7,323,212.3,235.2,220.9
2025-26,68,UCF,222.3,234.3,254,240.5,200.4,201
2025-26,69,Houston,222.3,199.3,236,205.8,234,152.7
2025-26,70,Stanford,222,211,226,246,198,179.7
2025-26,71,Purdue,221.5,166.3,238,234.5,205.8,170.2
2025-26,72,Tulsa,221.3,196.3,159,210.4,230.3,233.1
2025-26,73,Arizona St,220.9,238,375,241.2,200.7,229.5
2025-26,74,Cincinnati,220.3,226.3,97,217.2,223.5,223.2
2025-26,75,Georgia,219.4,148.3,219,233.2,207.6,277.1
2025-26,76,Michigan St,218.4,225,292,174,255.3,213.4
2025-26,77,Marshall,216.5,276.3,308,211.8,220.3,172
2025-26,78,Akron,216.3,276.7,176,251.8,186.7,220.4
2025-26,79,J Madison,216.2,218.3,323,215.2,217.1,222.8
2025-26,80,LSU,215.8,194,267,227.7,203.8,315.3
2025-26,81,Utah,214.3,274,310,187,233.7,187.7
2025-26,82,Troy,214.2,209.3,129,196.4,225.4,205.5
2025-26,83,Florida Intl,213.9,221,176,217,211.7,217.4
2025-26,84,Iowa St,213.7,155,113,232,198.5,254.8
2025-26,85,Nebraska,213.2,146,182,217.3,209,222.9
2025-26,86,Louisville,212.9,145,153,225.6,195.2,262.9
2025-26,87,Old Dominion,211.3,136,127,231.2,197.1,192.9
2025-26,88,Kansas,211,192.3,187,200.2,224,209.6
2025-26,89,UTEP,210.6,206.7,344,212.4,209.2,191
2025-26,90,Washington St,210.6,247,373,207.2,213,264.7
2025-26,91,New Mexico,208.9,106.7,88,203.6,212.7,236
2025-26,92,Colorado,202.8,212,172,205.6,198.8,307.4
2025-26,93,Florida,200.4,167.3,168,216.8,186.7,205.7
2025-26,94,Kentucky,196.5,184,100,211.3,178.8,173.2
2025-26,95,Syracuse,196.3,94.7,65,177,212.3,366.2
2025-26,96,Kent St,196,236.3,207,203.8,191.6,151.2
2025-26,97,Liberty,195.4,190.3,212,188.2,201.3,160
2025-26,98,Temple,194.5,161.7,144,187.8,200,216
2025-26,99,Auburn,190.5,245,259,189.8,191.2,246.9
2025-26,100,North Carolina,189.8,200,195,200,181.3,227.8
2025-26,101,Charlotte,187.8,139.7,143,221.6,159.7,213.9
2025-26,102,Kansas St,187.5,131.3,115,170.4,201.7,215.2
2025-26,103,Minnesota,186.9,167,147,214.3,159.5,215.3
2025-26,104,Michigan,186.8,159,199,199,176.3,129.1
2025-26,105,Miami OH,185.7,165.7,72,211.4,169.6,217.4
2025-26,106,West Virginia,185,232.7,143,198.2,174,207.2
2025-26,107,Penn St,184.4,217.3,262,196.2,172.7,227.9
2025-26,108,Sam Houston,184,219,163,187.6,181.4,168.2
2025-26,109,Wyoming,182.4,143.7,202,195.6,171.3,195.2
2025-26,110,S Alabama,181.7,168,156,187,177.3,242
2025-26,111,Northwestern,181,234.7,236,190,172,180.4
2025-26,112,UCLA,180.3,168,200,180.2,180.3,242.3
2025-26,113,Ohio,175.3,106,143,177.8,173.6,192.8
2025-26,114,Missouri,175.3,119,101,184,163,218
2025-26,115,Fresno St,174.8,179.7,214,166,181,232.8
2025-26,116,Coastal Car,172.1,220,311,151,187.1,203.1
2025-26,117,Oklahoma St,168.8,184,202,211,118.2,263.8
2025-26,118,Louisiana,167.4,168,231,147.6,181.6,239.9
2025-26,119,Louisiana Tech,167,106.3,114,227.8,123.6,219.5
2025-26,120,UL Monroe,163.8,186.3,311,164,163.7,135
2025-26,121,Jacksonville St,158.7,163.7,173,140.4,170.1,190.4
2025-26,122,C Michigan,158.3,181,178,213,130.9,143.9
2025-26,123,UMass,156.7,170,223,188.2,130.5,176.5
2025-26,124,Bowling Green,155.1,131.7,128,140.4,167.3,246.5
2025-26,125,Virginia Tech,153.5,134.7,78,151.2,156.4,189.4
2025-26,126,San Diego St,151.4,149.7,206,148,153.9,204.9
2025-26,127,Iowa,151.1,175,212,153.3,148.8,121.6
2025-26,128,Nevada,149.1,133.7,148,170.2,131.5,212.5
2025-26,129,Air Force,143.9,73.7,104,153.8,135.7,91.5
2025-26,130,Ball St,141,148.3,177,144.5,139,243.5
2025-26,131,W Michigan,137.2,110.3,120,161.2,122.1,177
2025-26,132,Wisconsin,136.4,124,182,139.6,132,195.1
2025-26,133,Navy,133.2,96.7,108,194.2,89.6,119.7
2025-26,134,N Illinois,97.9,73.3,27,66.6,124,160.5
2025-26,135,Rice,96.3,99.7,94,103.5,89,242.2
2025-26,136,Army,76.7,86.7,108,60.3,84.9,82.4
