Season,Rank,Team,SeasonAvg,Last3,Last1,Home,Away,PrevYear
2006-07,1,Hawai'i,43.4,46.7,42,45.9,39.4,48.2
2006-07,2,Baylor,40.1,38.7,45,38.2,42.4,36.1
2006-07,3,New Mexico St,39.3,45.7,57,45,33.6,45.3
2006-07,4,Texas Tech,37.8,49,55,43.6,33.6,48.6
2006-07,5,Purdue,36.5,37,36,29.5,42.4,38.9
2006-07,6,Boston College,35.8,31,30,35,36.7,34.5
2006-07,7,Oregon,35.7,40.7,34,29.4,40.1,39.5
2006-07,8,BYU,33,44,46,24,40.7,43.1
2006-07,9,Notre Dame,32.8,36.7,35,32.6,33,37.8
2006-07,10,Washington St,32.7,39.7,54,37,28.3,34.5
2006-07,11,UNLV,32.4,23.7,34,32.6,32.2,35.8
2006-07,12,Indiana,31.7,40.7,42,32,31.4,36.7
2006-07,13,USC,31.3,24.3,45,31.5,31.1,36.8
2006-07,14,Alabama,30.2,34,33,29.4,31.6,29.3
2006-07,15,NC State,30,31.3,28,33.8,25.4,27.9
2006-07,16,Duke,29.7,36.3,36,31.7,27.4,25.8
2006-07,17,Michigan St,29.6,27.3,0,32,26.2,34.5
2006-07,18,Iowa St,29.4,29,27,25.3,34.2,29.7
2006-07,19,Kentucky,29.3,34.3,29,29.3,29.3,28.4
2006-07,20,Minnesota,29.1,30,31,30,28.4,26.9
2006-07,21,Virginia,28.8,28.7,21,28,29.5,30.3
2006-07,22,North Carolina,28.5,26.7,31,29.8,26.8,32.3
2006-07,23,Ball St,28.2,21.7,31,34,23.3,30.7
2006-07,24,Florida Intl,28.2,27.7,51,35.4,23,36.1
2006-07,25,LSU,28.2,30.7,34,24.8,33.6,28.2
2006-07,26,Mississippi St,28.1,30,31,28.7,27.4,27.5
2006-07,27,Texas,28,34.7,40,28.7,27.3,25.8
2006-07,28,C Michigan,27.7,15.3,26,29.4,26.8,38.7
2006-07,29,Miami,27.7,21,19,27,28.3,28.2
2006-07,30,Iowa,27.4,31.3,25,31.7,23.2,34.5
2006-07,31,California,27.3,23,0,25,29.7,26.6
2006-07,32,Colorado St,27.3,23,0,31.8,24.7,33.3
2006-07,32,UConn,27.3,25.3,19,29.7,24.4,27.9
2006-07,34,Louisville,27.2,31,35,23.8,30,31.3
2006-07,35,Louisiana Tech,27.1,32.7,40,25.5,27.9,32.4
2006-07,36,Idaho,27,17,0,23.3,29.1,38.4
2006-07,36,Tulane,27,21.3,21,35.8,20.7,37.3
2006-07,38,Nebraska,26.8,35.7,27,28.8,25.1,37.1
2006-07,38,E Carolina,26.8,24.3,44,28.8,25.1,33.6
2006-07,40,Utah,26.8,37.7,34,31.6,23.4,34.4
2006-07,41,Vanderbilt,26.8,35,24,23.4,29.7,42.4
2006-07,42,Washington,26.6,35,27,22,31.2,29.4
2006-07,43,E Michigan,26.5,29.7,18,12.5,33.5,38.3
2006-07,44,Maryland,26.3,31,24,19.5,33.2,31.9
2006-07,45,Ohio St,26.2,26.3,14,29.1,22.7,25.2
2006-07,46,Memphis,26,32,26,25.5,26.6,19.5
2006-07,47,Georgia Tech,25.9,26.7,29,26,25.9,34.9
2006-07,48,Cincinnati,25.9,28.7,37,21,30.8,32.4
2006-07,49,Kansas St,25.8,34,24,23,29.8,28.9
2006-07,50,Northwestern,25.7,31.7,30,27.4,24.3,42.7
2006-07,51,Michigan,25.5,30.7,41,23.3,28,33.9
2006-07,52,Florida St,25.4,22,0,24.1,27.4,40.1
2006-07,53,TCU,25.3,29.7,29,24.6,25.7,31.4
2006-07,53,Buffalo,25.3,29.3,41,25.8,24.9,30.1
2006-07,55,S Florida,25,26.7,18,19.2,29.1,25.8
2006-07,56,Georgia,24.6,23.3,21,27.3,21.8,27.9
2006-07,57,Kansas,24.5,24.3,23,23.7,25.6,33.4
2006-07,58,W Michigan,24.5,41.3,45,20.4,27,33.9
2006-07,59,Pittsburgh,24.5,37.7,51,30.5,17.2,32.1
2006-07,60,Florida,24.3,34.3,37,19.2,28.7,32.1
2006-07,61,Nevada,24.2,23.3,32,19.3,28.3,33.8
2006-07,62,Temple,24.1,23,33,26,23.1,30
2006-07,63,UCF,23.8,29.3,25,22,26,30.3
2006-07,64,Fresno St,23.8,15.3,0,28.3,19.2,34
2006-07,65,Arizona,23.5,29.3,40,29.8,16,33.7
2006-07,66,Oklahoma,23.4,26,32,26.8,20.9,28
2006-07,67,Virginia Tech,23.3,22.3,27,22.7,24,23.2
2006-07,68,Wisconsin,23.1,28.3,34,19.3,26.8,25.9
2006-07,69,Utah St,22.8,23.7,31,25.6,20.9,27.9
2006-07,70,Wyoming,22.6,18.3,27,20.7,24.5,34.3
2006-07,71,Army,22.4,21.7,23,25.8,20.4,28.5
2006-07,72,Arizona St,22.2,17.3,26,19.4,24.1,41.1
2006-07,72,Akron,22.2,16,27,23.4,21.3,41.4
2006-07,74,Tennessee,22.2,21,0,27.3,16.2,32.3
2006-07,75,Clemson,21.9,21,39,15,30,31.2
2006-07,76,Boise St,21.8,28,30,23.6,20.6,29.9
2006-07,76,Bowling Green,21.8,12,0,20,23.1,37.3
2006-07,78,Oregon St,21.8,32.7,54,27,17.3,41.3
2006-07,79,Tulsa,21.7,26.3,27,11.4,29,31.2
2006-07,80,N Illinois,21.3,27.7,19,17.6,24,28.5
2006-07,81,Oklahoma St,21.3,31.3,30,13.2,27,29.9
2006-07,82,Louisiana,21.1,26.7,42,27.2,16,20.9
2006-07,83,UL Monroe,20.9,18.7,18,15.7,22.9,36.3
2006-07,84,Rutgers,20.8,18,28,14,25.7,29.9
2006-07,85,SMU,20.6,18.3,0,21.2,20.2,29.4
2006-07,86,Mississippi,20.3,20,23,20,20.6,34.1
2006-07,87,Houston,20.2,8,0,27.1,12.2,35.5
2006-07,87,Auburn,20.2,15.7,21,20.3,20.2,28.7
2006-07,89,New Mexico,19.9,13,0,12.9,29.8,28.5
2006-07,90,Middle Tenn,19.8,20,41,8.5,25.5,28.7
2006-07,91,Stanford,19.8,17,31,21.8,18.3,31.5
2006-07,92,N Texas,19.6,12.3,21,18.2,20.6,25
2006-07,93,Penn St,19.5,0,0,11,28,27.6
2006-07,94,Kent St,19.3,23,35,10.4,25.7,42.3
2006-07,95,UAB,19.1,13.7,41,14.2,24,36.5
2006-07,96,Arkansas,18.7,26,32,19,18.4,25.5
2006-07,97,Colorado,18.6,20,23,19.8,17.7,34.8
2006-07,98,Wake Forest,18.5,23.7,33,21.4,16.8,26.6
2006-07,99,Arkansas St,17.8,21.7,30,17.8,17.9,25.7
2006-07,100,Missouri,16.5,38,32,14,19,39
2006-07,101,Troy,16.1,7.7,0,20.3,14,26.7
2006-07,102,West Virginia,14.6,22.3,15,12.5,16.7,15.9
2006-07,103,Miami OH,13.7,0,0,14,13.4,40.5
2006-07,104,Air Force,11.6,17,11,14.8,8.3,18.6
2006-07,105,Illinois,10.9,27.3,18,10.7,11.2,33.7
2006-07,106,Rice,9.2,0,0,8.3,9.7,19.1
2006-07,107,Navy,8.8,7.3,8,10.3,8,12.1
2006-07,108,Syracuse,7.4,6.3,0,10,4.8,27.6
2006-07,109,UTEP,6.2,14.7,44,7.3,5,38.8
2006-07,110,San Diego St,2.5,0,0,0,4.5,33.4
2006-07,111,South Carolina,2.4,9.7,0,4.8,0,29.6
2006-07,112,San Jose St,1.4,0,0,0,2.8,32.4
2006-07,113,Texas A&M,1.1,4.3,0,0,2.2,29.7
2006-07,114,Marshall,0,0,0,0,0,36.6
2006-07,114,Southern Miss,0,0,0,0,0,34.3
2006-07,114,Ohio,0,0,0,0,0,24
2006-07,114,Florida Atlantic,0,0,0,0,0,27
2006-07,114,UCLA,0,0,0,0,0,32.3
2006-07,114,Toledo,0,0,0,0,0,32
2007-08,1,Texas Tech,59.3,63,69,57,60.9,37.8
2007-08,2,Hawai'i,50.8,53.3,57,45.4,55.3,43.4
2007-08,3,Boston College,47.5,47.3,47,44.8,49.7,35.8
2007-08,4,New Mexico St,46.8,53.3,53,51.4,43,39.3
2007-08,5,Baylor,46.4,43,40,50.8,42.7,40.1
2007-08,6,Northwestern,45.3,46,49,47.7,42.4,25.7
2007-08,7,NC State,42.7,47.7,45,40.7,45.2,30
2007-08,8,Kansas St,42.5,42.3,42,38,46.2,25.8
2007-08,9,Missouri,41.7,39.3,29,38.4,43.8,16.5
2007-08,10,Purdue,41.3,48,54,44.8,37.7,36.5
2007-08,11,N Texas,41,42,54,33.4,46.4,19.6
2007-08,12,Arizona,40.7,30.3,52,32.8,47.3,23.5
2007-08,13,Louisville,40.5,31.7,0,38.4,42.2,27.2
2007-08,14,Nebraska,40.1,50.3,58,35.9,46,26.8
2007-08,15,C Michigan,39.2,41,35,34,41.4,27.7
2007-08,16,Rice,38.9,58.3,67,52.6,27.5,9.2
2007-08,17,W Michigan,38.5,40.3,39,41.6,36,24.5
2007-08,18,Bowling Green,37.7,31,27,42.6,34.6,21.8
2007-08,19,Tulsa,37.5,47.7,47,30.7,42.6,21.7
2007-08,20,Ball St,37.2,34.7,49,30.8,41.1,28.2
2007-08,21,Colorado,36.5,36.3,40,37,36.1,18.6
2007-08,22,Alabama,36.5,29.7,32,37.3,35.7,30.2
2007-08,23,Louisiana Tech,36.1,34.7,29,40.3,33.7,27.1
2007-08,24,Florida St,35.8,37.7,50,33.8,37.1,25.4
2007-08,25,Memphis,35.8,29.7,0,48.8,22.7,26
2007-08,26,Troy,35.7,21.7,0,36,35.4,16.1
2007-08,27,UAB,35.4,43.3,50,26.8,40.3,19.1
2007-08,28,Toledo,35.3,34.3,40,32.2,39,0
2007-08,29,Kentucky,35,51.3,50,37.1,32,29.3
2007-08,30,Minnesota,34.9,37.7,37,38.5,30.6,29.1
2007-08,31,Houston,34.4,31.3,38,31,34.7,20.2
2007-08,31,Kansas,34.4,40.7,38,31.2,37.7,24.5
2007-08,33,Wyoming,34.3,35.3,34,33.3,35.3,22.6
2007-08,34,Iowa St,34.1,32,43,29,40.2,29.4
2007-08,35,California,34.1,34,27,33.2,34.9,27.3
2007-08,36,New Mexico,33.6,37.3,37,31.7,35.5,19.9
2007-08,37,Texas,33.5,31.3,32,34,33,28
2007-08,38,UTEP,33.5,27.3,37,27.4,38.5,6.2
2007-08,39,SMU,33.4,39,48,35.2,31.7,20.6
2007-08,40,Miami OH,33.4,42,50,26.8,39,13.7
2007-08,41,Mississippi,33,32.3,30,36.3,29,20.3
2007-08,42,Virginia,32.8,27,28,32.3,33.3,28.8
2007-08,43,Clemson,32.8,24.3,33,38,27.7,21.9
2007-08,43,BYU,32.8,25.3,35,39,32.3,33
2007-08,45,USC,32.6,26,38,29.8,35,31.3
2007-08,46,Tennessee,32.4,42.7,43,22.6,42.1,22.2
2007-08,47,Washington St,32.1,29,40,26.8,35.9,32.7
2007-08,48,Duke,31.9,32.7,31,32.4,31.6,29.7
2007-08,49,N Illinois,31.9,36.3,45,32,31.9,21.3
2007-08,50,Oregon,31.7,32.3,30,28,36,35.7
2007-08,51,UNLV,31.7,23.3,40,28.7,34.7,32.4
2007-08,52,Indiana,31.3,37,44,31,31.7,31.7
2007-08,53,Akron,31.2,33.3,38,27.5,33,22.2
2007-08,54,Idaho,31,25.3,27,39.4,24,27
2007-08,55,E Michigan,30.9,29.3,36,30,31.4,26.5
2007-08,56,Arizona St,30.5,39.3,50,27.9,34.6,22.2
2007-08,57,Wake Forest,30.2,33,38,24,35.4,18.5
2007-08,58,Nevada,29.8,28,31,32.6,27.7,24.2
2007-08,59,Michigan,29.7,39,39,24.6,36.8,25.5
2007-08,59,Oklahoma St,29.7,26,34,32.6,27.6,21.3
2007-08,61,Army,29.4,20.3,23,23.3,32.9,22.4
2007-08,62,Georgia Tech,29.3,30,32,27.8,30.7,25.9
2007-08,63,Oklahoma,28.6,25.3,33,27.9,29.4,23.4
2007-08,64,Ohio,28.5,25.3,18,25.3,30.4,0
2007-08,65,Michigan St,28.5,22.3,36,24.3,32.1,29.6
2007-08,66,Vanderbilt,28.5,39.3,58,31.6,23,26.8
2007-08,67,Buffalo,28.4,41,45,26,30.1,25.3
2007-08,68,Utah,28.2,28,27,26.7,29.6,26.8
2007-08,69,Stanford,27.9,35.3,33,25.8,32.3,19.8
2007-08,70,LSU,27.9,35.7,27,28.6,27.1,28.2
2007-08,71,North Carolina,27.8,34,24,22.2,32.5,28.5
2007-08,72,E Carolina,27.7,24,22,29,26.6,26.8
2007-08,73,UConn,27.7,29,29,24,31.3,27.3
2007-08,73,Arkansas St,27.7,17.7,0,34.2,21.2,17.8
2007-08,75,TCU,27.4,17.7,30,29.8,25.3,25.3
2007-08,76,Colorado St,27.4,25.3,22,30,27.1,27.3
2007-08,77,Auburn,27.3,31.7,43,25.3,30,20.2
2007-08,78,Mississippi St,27.2,35.7,20,28.6,26.1,28.1
2007-08,79,Tulane,27.1,27.7,38,25,29.6,27
2007-08,80,S Florida,27.1,32.3,47,34,22.1,25
2007-08,81,Virginia Tech,27.1,30,31,26,28,23.3
2007-08,82,Temple,26.9,17.3,25,22.5,31.3,24.1
2007-08,83,Texas A&M,26.8,22,0,32,21.7,1.1
2007-08,84,Notre Dame,26.7,34.7,32,30.6,21.2,32.8
2007-08,85,Fresno St,26.2,26.3,31,26.8,25.7,23.8
2007-08,86,San Jose St,26.1,41.7,47,38.8,18.9,1.4
2007-08,87,Iowa,25.8,33,38,24.2,27.5,27.4
2007-08,88,Oregon St,25.8,20,23,17.2,31.9,21.8
2007-08,89,Kent St,25.5,30.3,22,24,26.4,19.3
2007-08,90,UL Monroe,25.2,27,19,26.5,24.4,20.9
2007-08,91,Pittsburgh,24.7,12.7,0,33.3,14.4,24.5
2007-08,92,UCF,24.7,21.7,24,23.3,26.1,23.8
2007-08,93,Georgia,24.5,26,27,19.8,29.2,24.6
2007-08,94,Middle Tenn,24.3,26.3,28,25.8,23.3,19.8
2007-08,94,Wisconsin,24.3,22.7,25,24.5,24.2,23.1
2007-08,96,Maryland,24.3,29.7,29,23.6,24.7,26.3
2007-08,97,Boise St,24.2,27,44,11,37.3,21.8
2007-08,98,W Kentucky,23,26.3,23,23,23,27
2007-08,99,Ohio St,22.7,20.7,26,25,20.3,26.2
2007-08,100,Illinois,22.4,26.7,36,16.4,26.7,10.9
2007-08,101,Florida,22.4,20.7,34,21.3,23.7,24.3
2007-08,102,Washington,22.2,24.7,18,29.7,13.3,26.6
2007-08,103,Miami,21.8,33,42,14.9,31.4,27.7
2007-08,104,Utah St,20.9,19.7,15,17.6,23.3,22.8
2007-08,105,Arkansas,20.8,25,33,17,24.5,18.7
2007-08,106,Louisiana,20.5,19.3,38,25.4,16.3,21.1
2007-08,107,Cincinnati,19.8,11.3,0,27.2,14.4,25.9
2007-08,108,Syracuse,16.3,25.3,0,13.6,20.2,7.4
2007-08,109,San Diego St,15.3,0,0,14.2,16.2,2.5
2007-08,110,Marshall,15.2,33.3,36,13.6,16.5,0
2007-08,111,West Virginia,14.9,10.7,19,17.5,12.7,14.6
2007-08,112,Rutgers,14,8.7,26,12.6,16,20.8
2007-08,113,Air Force,12.8,12,20,7.4,16.7,11.6
2007-08,114,Navy,10.1,8.3,14,10.8,9.6,8.8
2007-08,115,Florida Intl,9.2,6.7,20,4,12.9,28.2
2007-08,116,UCLA,7.9,15.3,29,12.3,4.1,0
2007-08,117,Florida Atlantic,2.5,0,0,0,4,0
2007-08,118,Southern Miss,2.4,0,0,5.8,0,0
2007-08,119,Penn St,0,0,0,0,0,19.5
2007-08,119,South Carolina,0,0,0,0,0,2.4
2008-09,1,Memphis,11.4,0,0,6.5,16.3,35.8
2008-09,2,Houston,9.9,0,0,0,14.9,34.4
2008-09,3,Ohio,9.8,0,0,8.3,10.7,28.5
2008-09,4,Temple,9.7,0,0,5.6,12.6,26.9
2008-09,5,Rice,9.3,0,0,6.2,12,38.9
2008-09,6,W Michigan,9.2,0,0,7.5,10,38.5
2008-09,7,California,8.6,0,0,4.3,13.7,34.1
2008-09,8,E Michigan,8.5,0,0,5.8,10.1,30.9
2008-09,9,Washington St,7.8,0,0,6,9,32.1
2008-09,10,Duke,7.5,0,0,13.8,0,31.9
2008-09,11,Miami OH,7.5,0,0,8.4,6.7,33.4
2008-09,12,Kansas,7.4,0,0,6.3,8.5,34.4
2008-09,13,Bowling Green,7.3,0,0,9,6,37.7
2008-09,13,Tulane,7.3,0,0,6.2,8.3,27.1
2008-09,15,C Michigan,7.2,0,0,0,10.8,39.2
2008-09,16,UL Monroe,7.1,0,0,0,11.1,25.2
2008-09,17,Michigan,7,0,0,8,5.6,29.7
2008-09,18,UTEP,6.9,0,0,7.7,6.2,33.5
2008-09,19,Rutgers,6.8,0,0,13.7,0,14
2008-09,19,Akron,6.8,0,0,9,5.3,31.2
2008-09,21,Marshall,6.8,0,0,5.8,7.7,15.2
2008-09,22,Buffalo,6.6,0,0,9.7,4.3,28.4
2008-09,23,Pittsburgh,6.5,0,0,14.2,0,24.7
2008-09,24,Nevada,6.3,0,0,7,5.7,29.8
2008-09,24,Middle Tenn,6.3,0,0,15,0,24.3
2008-09,26,Missouri,6.2,0,0,7.2,5.6,41.7
2008-09,27,Maryland,6.2,0,0,7.5,4.8,24.3
2008-09,28,E Carolina,6.1,0,0,5.8,6.3,27.7
2008-09,29,Illinois,6.1,0,0,5,7,22.4
2008-09,30,Louisiana Tech,6.1,0,0,8,4.7,36.1
2008-09,31,Wake Forest,6.1,0,0,6.1,6,30.2
2008-09,32,Idaho,6,0,0,7.8,4.5,31
2008-09,33,UAB,5.9,0,0,7.8,4.9,35.4
2008-09,34,Oregon,5.8,0,0,4.7,6.9,31.7
2008-09,35,Clemson,5.6,0,0,5.6,5.7,32.8
2008-09,36,Washington,5.6,0,0,4.6,7,22.2
2008-09,37,N Illinois,5.3,0,0,0,9,31.9
2008-09,38,Minnesota,5.2,0,0,6.2,4.2,34.9
2008-09,38,TCU,5.2,0,0,7.2,3.7,27.4
2008-09,40,USC,5.2,0,0,5,5.3,32.6
2008-09,41,New Mexico,5.1,0,0,10.2,0,33.6
2008-09,42,Arizona,5,0,0,9.3,0,40.7
2008-09,43,Michigan St,4.9,0,0,2.3,8,28.5
2008-09,43,Ball St,4.9,0,0,5.6,4.5,37.2
2008-09,45,Louisiana,4.9,0,0,0,8.4,20.5
2008-09,45,Utah,4.9,0,0,5,4.9,28.2
2008-09,47,Nebraska,4.8,0,0,7.9,0,40.1
2008-09,48,Ohio St,4.8,0,0,4.7,5,22.7
2008-09,48,Penn St,4.8,0,0,9.7,0,0
2008-09,50,Mississippi,4.7,0,0,3.8,5.5,33
2008-09,51,Tulsa,4.6,0,0,0,8.6,37.5
2008-09,52,Purdue,4.5,0,0,8.3,0,41.3
2008-09,53,SMU,4.5,0,0,0,8.2,33.4
2008-09,54,Stanford,4.3,0,0,0,7.4,27.9
2008-09,55,Texas A&M,4.3,0,0,3.9,4.8,26.8
2008-09,56,Baylor,4.2,0,0,7.7,0,46.4
2008-09,56,Texas Tech,4.2,0,0,0,7.7,59.3
2008-09,58,Boston College,4.2,0,0,6,2.6,47.5
2008-09,59,Kent St,4.1,0,0,0,6.4,25.5
2008-09,60,Toledo,4.1,0,0,0,8.2,35.3
2008-09,61,Florida,4,0,0,8.7,0,22.4
2008-09,61,Oklahoma St,4,0,0,3.5,4.5,29.7
2008-09,61,Wyoming,4,0,0,7.3,0,34.3
2008-09,64,Louisville,3.9,0,0,6.1,0,40.5
2008-09,65,Alabama,3.8,0,0,3.3,4.3,36.5
2008-09,66,N Texas,3.8,0,0,9,0,41
2008-09,66,S Florida,3.8,0,0,9,0,27.1
2008-09,68,Mississippi St,3.6,0,0,0,6.7,27.2
2008-09,69,BYU,3.4,0,0,0,5.9,32.8
2008-09,70,Arizona St,3.3,0,0,6,0,30.5
2008-09,71,Cincinnati,3.2,0,0,0,5.3,19.8
2008-09,72,Virginia,3.2,0,0,5.8,0,32.8
2008-09,73,Oregon St,3.2,0,0,0,5.9,25.8
2008-09,74,Arkansas,3.1,0,0,0,5.7,20.8
2008-09,75,Wisconsin,3.1,0,0,6.2,0,24.3
2008-09,76,Hawai'i,3,0,0,0,5.6,50.8
2008-09,76,San Jose St,3,0,0,0,5.5,26.1
2008-09,78,Oklahoma,2.9,0,0,7.6,0,28.6
2008-09,79,Virginia Tech,2.8,0,0,2.8,2.9,27.1
2008-09,80,Georgia,2.8,0,0,6.6,0,24.5
2008-09,80,Northwestern,2.8,0,0,0,5.5,45.3
2008-09,80,Tennessee,2.8,0,0,4.7,0,32.4
2008-09,83,Kentucky,2.6,0,0,0,5.2,35
2008-09,84,Arkansas St,2.5,0,0,0,4,27.7
2008-09,85,UNLV,2.5,0,0,0,6,31.7
2008-09,86,Vanderbilt,2.5,0,0,2.7,2.3,28.5
2008-09,87,Auburn,2.5,0,0,4.5,0,27.3
2008-09,88,NC State,2.4,0,0,0,4.8,42.7
2008-09,89,Troy,2.3,0,0,0,3.5,35.7
2008-09,90,Texas,2.2,0,0,0,4.8,33.5
2008-09,91,North Carolina,1.9,0,0,0,3.8,27.8
2008-09,92,Iowa St,1.9,0,0,4.2,0,34.1
2008-09,92,Georgia Tech,1.9,0,0,0,3.5,29.3
2008-09,94,Fresno St,1.8,0,0,0,3,26.2
2008-09,95,UConn,1.8,0,0,0,3.1,27.7
2008-09,95,Miami,1.8,0,0,0,3.1,21.8
2008-09,97,Navy,1.8,0,0,0,2.6,10.1
2008-09,98,Southern Miss,1.7,0,0,3.7,0,2.4
2008-09,99,Notre Dame,1.6,0,0,3.5,0,26.7
2008-09,100,West Virginia,1.5,0,0,0,3,14.9
2008-09,101,Army,1.4,0,0,3,0,29.4
2008-09,102,Air Force,0.9,0,0,0,1.6,12.8
2008-09,103,Boise St,0,0,0,0,0,24.2
2008-09,103,New Mexico St,0,0,0,0,0,46.8
2008-09,103,Utah St,0,0,0,0,0,20.9
2008-09,103,Florida St,0,0,0,0,0,35.8
2008-09,103,LSU,0,0,0,0,0,27.9
2008-09,103,Colorado St,0,0,0,0,0,27.4
2008-09,103,Florida Atlantic,0,0,0,0,0,2.5
2008-09,103,UCF,0,0,0,0,0,24.7
2008-09,103,UCLA,0,0,0,0,0,7.9
2008-09,103,San Diego St,0,0,0,0,0,15.3
2008-09,103,Florida Intl,0,0,0,0,0,9.2
2008-09,103,Iowa,0,0,0,0,0,25.8
2008-09,103,South Carolina,0,0,0,0,0,0
2008-09,103,W Kentucky,0,0,0,0,0,23
2008-09,103,Kansas St,0,0,0,0,0,42.5
2008-09,103,Indiana,0,0,0,0,0,31.3
2008-09,103,Colorado,0,0,0,0,0,36.5
2008-09,103,Syracuse,0,0,0,0,0,16.3
2009-10,1,South Carolina,11.4,0,0,10.3,12.5,0
2009-10,2,Minnesota,10.9,0,0,10.5,11.3,5.2
2009-10,3,Washington St,10.1,0,0,20.2,0,7.8
2009-10,4,Northwestern,9.5,0,0,11.8,7.2,2.8
2009-10,5,San Jose St,9.4,0,0,6.8,11.5,3
2009-10,6,Buffalo,9,0,0,7.8,10,6.6
2009-10,7,Middle Tenn,8.9,0,0,4.5,12.7,6.3
2009-10,8,UTEP,8.8,0,0,12,5.5,6.9
2009-10,9,SMU,8.7,0,0,0,14.9,4.5
2009-10,9,Penn St,8.7,0,0,14.9,0,4.8
2009-10,11,Purdue,8.6,0,0,8.7,8.4,4.5
2009-10,12,Texas,8.5,0,0,11.5,6.3,2.2
2009-10,13,Tulsa,8.5,0,0,0,15.5,4.6
2009-10,14,Syracuse,8.4,0,0,9.6,6.3,0
2009-10,15,Notre Dame,8,0,0,7.7,8.4,1.6
2009-10,15,Utah,8,0,0,5,10.6,4.9
2009-10,17,New Mexico,7.8,0,0,8.8,6.7,5.1
2009-10,17,Rice,7.8,0,0,0,15.5,9.3
2009-10,19,North Carolina,7.6,0,0,5.2,9.7,1.9
2009-10,19,Kansas,7.6,0,0,8.2,7.2,7.4
2009-10,21,N Texas,7.6,0,0,5.8,9.3,3.8
2009-10,22,Duke,7.4,0,0,0,12.3,7.5
2009-10,23,Oregon,7.4,0,0,9.9,4.5,5.8
2009-10,24,California,7.3,0,0,5.4,8.7,8.6
2009-10,25,Nevada,7.2,0,0,4.8,9.3,6.3
2009-10,26,Mississippi St,7.2,0,0,6.7,7.8,3.6
2009-10,27,Michigan,7.1,0,0,11.1,0,7
2009-10,27,UNLV,7.1,0,0,13,0,2.5
2009-10,29,E Michigan,7.1,0,0,6.2,7.7,8.5
2009-10,30,Hawai'i,7,0,0,0,14,3
2009-10,30,Auburn,7,0,0,12,0,2.5
2009-10,32,Nebraska,6.9,0,0,9.4,4.3,4.8
2009-10,33,UAB,6.8,0,0,10.6,4.1,5.9
2009-10,34,Louisiana,6.6,0,0,7.2,6.2,4.9
2009-10,35,Florida Atlantic,6.6,0,0,0,11.3,0
2009-10,36,Idaho,6.5,0,0,0,12.1,6
2009-10,37,Kansas St,6.5,0,0,0,10.8,0
2009-10,37,Florida St,6.5,0,0,15.6,0,0
2009-10,39,LSU,6.5,0,0,8,4.7,0
2009-10,40,Alabama,6.3,0,0,8.7,4.3,3.8
2009-10,41,Ball St,6.3,0,0,6.8,5.8,4.9
2009-10,42,Missouri,6.3,0,0,0,10.7,6.2
2009-10,43,N Illinois,6.1,0,0,4.6,7.1,5.3
2009-10,43,Oklahoma St,6.1,0,0,10.4,0,4
2009-10,43,UConn,6.1,0,0,5.2,6.7,1.8
2009-10,46,C Michigan,6,0,0,0,8.7,7.2
2009-10,46,West Virginia,6,0,0,5.2,6.8,1.5
2009-10,48,Tennessee,5.9,0,0,7.3,3.8,2.8
2009-10,49,Iowa,5.8,0,0,5.3,6.2,0
2009-10,49,Toledo,5.8,0,0,0,9.9,4.1
2009-10,51,Fresno St,5.7,0,0,7.5,4.8,1.8
2009-10,52,Louisiana Tech,5.6,0,0,0,8.9,6.1
2009-10,53,Memphis,5.5,0,0,7,4.3,11.4
2009-10,54,BYU,5.5,0,0,0,10.3,3.4
2009-10,54,Stanford,5.5,0,0,2.1,9.5,4.3
2009-10,56,Michigan St,5.5,0,0,4.3,6.7,4.9
2009-10,57,Maryland,5.5,0,0,5,6,6.2
2009-10,57,Tulane,5.5,0,0,12,0,7.3
2009-10,59,E Carolina,5.4,0,0,0,8.8,6.1
2009-10,60,Wake Forest,5.3,0,0,9.7,0,6.1
2009-10,61,Oklahoma,5.3,0,0,7.4,3.7,2.9
2009-10,62,Texas Tech,5.2,0,0,0,10.3,4.2
2009-10,63,Vanderbilt,5.1,0,0,6.4,4,2.5
2009-10,64,Virginia Tech,5.1,0,0,7.7,2.9,2.8
2009-10,65,Iowa St,4.9,0,0,6.2,4,1.9
2009-10,65,Miami,4.9,0,0,5,4.9,1.8
2009-10,67,New Mexico St,4.8,0,0,11.4,0,0
2009-10,68,Baylor,4.7,0,0,5.4,4.2,4.2
2009-10,69,Arizona,4.7,0,0,6,3.7,5
2009-10,69,Pittsburgh,4.7,0,0,4.3,5,6.5
2009-10,71,Ohio,4.5,0,0,5.6,3.9,9.8
2009-10,72,Georgia,4.5,0,0,4.8,4.3,2.8
2009-10,73,Wisconsin,4.4,0,0,5,4,3.1
2009-10,74,Boise St,4.3,0,0,5,3.7,0
2009-10,75,Temple,4.3,0,0,3.4,4.9,9.7
2009-10,76,Wyoming,4.2,0,0,10,0,4
2009-10,77,Clemson,4.1,0,0,3.5,4.6,5.6
2009-10,78,Mississippi,4,0,0,0,7.3,4.7
2009-10,79,S Florida,3.9,0,0,0,6.1,3.8
2009-10,80,W Kentucky,3.8,0,0,0,6,0
2009-10,81,UCLA,3.6,0,0,4,3.3,0
2009-10,82,W Michigan,3.5,0,0,0,5.6,9.2
2009-10,83,Houston,3.5,0,0,0,5.8,9.9
2009-10,84,Illinois,3.4,0,0,0,6.2,6.1
2009-10,84,Rutgers,3.4,0,0,7.4,0,6.8
2009-10,84,Army,3.4,0,0,6.4,0.8,1.4
2009-10,87,Texas A&M,3.3,0,0,6.1,0,4.3
2009-10,88,Florida Intl,3.2,0,0,0,5.4,0
2009-10,89,Georgia Tech,3.2,0,0,5.2,1.9,1.9
2009-10,90,Cincinnati,3,0,0,0,5.1,3.2
2009-10,91,Kent St,2.9,0,0,6.4,0,4.1
2009-10,92,Marshall,2.8,0,0,0,4.7,6.8
2009-10,93,UL Monroe,2.7,0,0,0,4.3,7.1
2009-10,94,Louisville,2.6,0,0,0,4.8,3.9
2009-10,95,Oregon St,2.6,0,0,0,4.4,3.2
2009-10,96,NC State,2.5,0,0,4.2,0,2.4
2009-10,97,Troy,2.5,0,0,6.4,0,2.3
2009-10,98,Utah St,2.4,0,0,0,3.7,0
2009-10,99,Kentucky,2.3,0,0,4.7,0,2.6
2009-10,100,Navy,2.3,0,0,1.6,2.8,1.8
2009-10,101,Akron,2.2,0,0,0,4,6.8
2009-10,102,Washington,2.1,0,0,3.6,0,5.6
2009-10,103,Air Force,2,0,0,0,3.4,0.9
2009-10,104,Colorado St,1.9,0,0,4.2,0,0
2009-10,105,Arkansas St,1.8,0,0,0,2.9,2.5
2009-10,106,USC,1.8,0,0,3.8,0,5.2
2009-10,107,TCU,1.8,0,0,0,3,5.2
2009-10,108,Virginia,1.6,0,0,3,0,3.2
2009-10,109,Florida,1.5,0,0,3.2,0,4
2009-10,110,Boston College,0,0,0,0,0,4.2
2009-10,110,Southern Miss,0,0,0,0,0,1.7
2009-10,110,Indiana,0,0,0,0,0,0
2009-10,110,Colorado,0,0,0,0,0,0
2009-10,110,Bowling Green,0,0,0,0,0,7.3
2009-10,110,Arizona St,0,0,0,0,0,3.3
2009-10,110,UCF,0,0,0,0,0,0
2009-10,110,Miami OH,0,0,0,0,0,7.5
2009-10,110,Ohio St,0,0,0,0,0,4.8
2009-10,110,San Diego St,0,0,0,0,0,0
2009-10,110,Arkansas,0,0,0,0,0,3.1
2010-11,1,Boise St,0,0,0,0,0,4.3
2010-11,1,Illinois,0,0,0,0,0,3.4
2010-11,1,New Mexico St,0,0,0,0,0,4.8
2010-11,1,Pittsburgh,0,0,0,0,0,4.7
2010-11,1,Buffalo,0,0,0,0,0,9
2010-11,1,Michigan St,0,0,0,0,0,5.5
2010-11,1,Utah St,0,0,0,0,0,2.4
2010-11,1,North Carolina,0,0,0,0,0,7.6
2010-11,1,Bowling Green,0,0,0,0,0,0
2010-11,1,Mississippi St,0,0,0,0,0,7.2
2010-11,1,Louisville,0,0,0,0,0,2.6
2010-11,1,Florida St,0,0,0,0,0,6.5
2010-11,1,LSU,0,0,0,0,0,6.5
2010-11,1,UAB,0,0,0,0,0,6.8
2010-11,1,Oregon St,0,0,0,0,0,2.6
2010-11,1,W Michigan,0,0,0,0,0,3.5
2010-11,1,Georgia,0,0,0,0,0,4.5
2010-11,1,Baylor,0,0,0,0,0,4.7
2010-11,1,Arizona St,0,0,0,0,0,0
2010-11,1,Hawai'i,0,0,0,0,0,7
2010-11,1,Kansas,0,0,0,0,0,7.6
2010-11,1,Colorado St,0,0,0,0,0,1.9
2010-11,1,Florida Atlantic,0,0,0,0,0,6.6
2010-11,1,Tulsa,0,0,0,0,0,8.5
2010-11,1,Iowa St,0,0,0,0,0,4.9
2010-11,1,Air Force,0,0,0,0,0,2
2010-11,1,Rutgers,0,0,0,0,0,3.4
2010-11,1,UCF,0,0,0,0,0,0
2010-11,1,Michigan,0,0,0,0,0,7.1
2010-11,1,Troy,0,0,0,0,0,2.5
2010-11,1,Virginia Tech,0,0,0,0,0,5.1
2010-11,1,Miami OH,0,0,0,0,0,0
2010-11,1,Ohio St,0,0,0,0,0,0
2010-11,1,Tulane,0,0,0,0,0,5.5
2010-11,1,Wake Forest,0,0,0,0,0,5.3
2010-11,1,E Michigan,0,0,0,0,0,7.1
2010-11,1,Auburn,0,0,0,0,0,7
2010-11,1,Army,0,0,0,0,0,3.4
2010-11,1,UCLA,0,0,0,0,0,3.6
2010-11,1,Florida,0,0,0,0,0,1.5
2010-11,1,E Carolina,0,0,0,0,0,5.4
2010-11,1,Washington St,0,0,0,0,0,10.1
2010-11,1,Navy,0,0,0,0,0,2.3
2010-11,1,Texas A&M,0,0,0,0,0,3.3
2010-11,1,San Diego St,0,0,0,0,0,0
2010-11,1,Louisiana Tech,0,0,0,0,0,5.6
2010-11,1,Missouri,0,0,0,0,0,6.3
2010-11,1,UNLV,0,0,0,0,0,7.1
2010-11,1,UConn,0,0,0,0,0,6.1
2010-11,1,Nevada,0,0,0,0,0,7.2
2010-11,1,Penn St,0,0,0,0,0,8.7
2010-11,1,N Texas,0,0,0,0,0,7.6
2010-11,1,Temple,0,0,0,0,0,4.3
2010-11,1,Akron,0,0,0,0,0,2.2
2010-11,1,Northwestern,0,0,0,0,0,9.5
2010-11,1,Louisiana,0,0,0,0,0,6.6
2010-11,1,NC State,0,0,0,0,0,2.5
2010-11,1,Toledo,0,0,0,0,0,5.8
2010-11,1,Arkansas,0,0,0,0,0,0
2010-11,1,S Florida,0,0,0,0,0,3.9
2010-11,1,Miami,0,0,0,0,0,4.9
2010-11,1,Tennessee,0,0,0,0,0,5.9
2010-11,1,Memphis,0,0,0,0,0,5.5
2010-11,1,USC,0,0,0,0,0,1.8
2010-11,1,Vanderbilt,0,0,0,0,0,5.1
2010-11,1,Oklahoma,0,0,0,0,0,5.3
2010-11,1,Washington,0,0,0,0,0,2.1
2010-11,1,SMU,0,0,0,0,0,8.7
2010-11,1,Nebraska,0,0,0,0,0,6.9
2010-11,1,BYU,0,0,0,0,0,5.5
2010-11,1,Florida Intl,0,0,0,0,0,3.2
2010-11,1,San Jose St,0,0,0,0,0,9.4
2010-11,1,Iowa,0,0,0,0,0,5.8
2010-11,1,Arkansas St,0,0,0,0,0,1.8
2010-11,1,Boston College,0,0,0,0,0,0
2010-11,1,Marshall,0,0,0,0,0,2.8
2010-11,1,Minnesota,0,0,0,0,0,10.9
2010-11,1,Idaho,0,0,0,0,0,6.5
2010-11,1,Maryland,0,0,0,0,0,5.5
2010-11,1,C Michigan,0,0,0,0,0,6
2010-11,1,Wisconsin,0,0,0,0,0,4.4
2010-11,1,Southern Miss,0,0,0,0,0,0
2010-11,1,Virginia,0,0,0,0,0,1.6
2010-11,1,Alabama,0,0,0,0,0,6.3
2010-11,1,Cincinnati,0,0,0,0,0,3
2010-11,1,Oregon,0,0,0,0,0,7.4
2010-11,1,N Illinois,0,0,0,0,0,6.1
2010-11,1,South Carolina,0,0,0,0,0,11.4
2010-11,1,Oklahoma St,0,0,0,0,0,6.1
2010-11,1,California,0,0,0,0,0,7.3
2010-11,1,Fresno St,0,0,0,0,0,5.7
2010-11,1,Texas,0,0,0,0,0,8.5
2010-11,1,Wyoming,0,0,0,0,0,4.2
2010-11,1,W Kentucky,0,0,0,0,0,3.8
2010-11,1,Rice,0,0,0,0,0,7.8
2010-11,1,Kansas St,0,0,0,0,0,6.5
2010-11,1,New Mexico,0,0,0,0,0,7.8
2010-11,1,West Virginia,0,0,0,0,0,6
2010-11,1,Kent St,0,0,0,0,0,2.9
2010-11,1,Purdue,0,0,0,0,0,8.6
2010-11,1,Middle Tenn,0,0,0,0,0,8.9
2010-11,1,Georgia Tech,0,0,0,0,0,3.2
2010-11,1,Ohio,0,0,0,0,0,4.5
2010-11,1,Indiana,0,0,0,0,0,0
2010-11,1,UL Monroe,0,0,0,0,0,2.7
2010-11,1,Duke,0,0,0,0,0,7.4
2010-11,1,Ball St,0,0,0,0,0,6.3
2010-11,1,Mississippi,0,0,0,0,0,4
2010-11,1,Houston,0,0,0,0,0,3.5
2010-11,1,Clemson,0,0,0,0,0,4.1
2010-11,1,Kentucky,0,0,0,0,0,2.3
2010-11,1,TCU,0,0,0,0,0,1.8
2010-11,1,Arizona,0,0,0,0,0,4.7
2010-11,1,Notre Dame,0,0,0,0,0,8
2010-11,1,Texas Tech,0,0,0,0,0,5.2
2010-11,1,Stanford,0,0,0,0,0,5.5
2010-11,1,UTEP,0,0,0,0,0,8.8
2010-11,1,Colorado,0,0,0,0,0,0
2010-11,1,Utah,0,0,0,0,0,8
2010-11,1,Syracuse,0,0,0,0,0,8.4
2011-12,1,Texas Tech,51.1,51,56,49.8,52.2,0
2011-12,2,Arizona,48.6,51,48,46.2,50.7,0
2011-12,3,Houston,48.6,61.3,69,46.5,50.4,0
2011-12,4,Oklahoma St,45.8,45.3,42,43.8,47.4,0
2011-12,5,Oklahoma,44.8,40,25,46.7,43.3,0
2011-12,6,Hawai'i,44.8,45,47,42.2,47.5,0
2011-12,7,Troy,44.3,44.3,52,43,45.1,0
2011-12,8,W Michigan,44.1,49.3,58,35.5,48.4,0
2011-12,9,E Carolina,43.7,37.7,48,43,44.3,0
2011-12,10,Oregon St,42.5,40.3,44,38.6,45.7,0
2011-12,11,Middle Tenn,42.2,40.3,28,43.3,41,0
2011-12,12,West Virginia,41.8,37.7,46,42.7,41,0
2011-12,13,Duke,41.6,41.3,41,41.5,41.8,0
2011-12,14,Washington St,41.5,43.3,42,41.3,41.6,0
2011-12,15,Texas A&M,41.3,38.7,40,40.4,42.3,0
2011-12,16,Arizona St,41.1,49,47,38.5,43.7,0
2011-12,17,San Jose St,39.9,45,42,39.6,40.1,0
2011-12,18,UL Monroe,39.6,34.3,25,48,34.9,0
2011-12,19,C Michigan,39.2,43.7,37,41.8,37.7,0
2011-12,20,Arkansas St,39,45.3,58,33.8,42.7,0
2011-12,21,Ball St,38.3,44,53,38.8,38,0
2011-12,22,Miami OH,38.3,48,53,35.3,41.2,0
2011-12,23,Clemson,38.2,35.7,47,39.5,37,0
2011-12,24,NC State,37.5,39,33,37.8,37.3,0
2011-12,25,Maryland,37.3,32,23,42,31.6,0
2011-12,26,USC,37.3,34.7,42,38.7,35.2,0
2011-12,27,Iowa St,37,31.3,39,43.8,32.1,0
2011-12,28,Rutgers,36.8,33,24,35.5,38,0
2011-12,29,Louisiana Tech,36.7,41.3,43,36.5,36.8,0
2011-12,29,UAB,36.7,33.3,26,32.6,39.6,0
2011-12,31,Boise St,36.6,39,36,36.5,36.7,0
2011-12,32,Bowling Green,36.5,35,31,41,32.7,0
2011-12,33,BYU,36.4,38,40,37.2,35.7,0
2011-12,34,Notre Dame,36.4,37,35,36.6,36.2,0
2011-12,35,Tulane,36.3,38,29,43.4,31.3,0
2011-12,35,Arkansas,36.3,32.7,31,35.2,37.1,0
2011-12,37,Buffalo,36.1,33,39,40.2,32.7,0
2011-12,38,Fresno St,35.9,30.7,35,37,35.1,0
2011-12,39,Southern Miss,35.8,34.7,42,37.2,35,0
2011-12,40,S Florida,35.5,35.7,44,38.2,32.4,0
2011-12,41,SMU,35.4,30.3,26,32.6,37.4,0
2011-12,42,Louisiana,35.2,42,44,34.8,35.4,0
2011-12,43,San Diego St,35.1,39.3,49,36.8,33.3,0
2011-12,44,Wake Forest,35,39.3,48,33.7,36.3,0
2011-12,45,New Mexico St,34.7,33,40,38.5,31.4,0
2011-12,46,Syracuse,34.6,38.7,32,33.7,35.8,0
2011-12,47,Colorado,34.6,31.7,36,34.2,34.9,0
2011-12,48,Idaho,34.5,32,36,39.4,30.3,0
2011-12,49,Memphis,34.4,40.3,45,35.6,33.3,0
2011-12,50,Tennessee,34.1,35.3,38,33.7,34.8,0
2011-12,51,Virginia,33.9,34,41,34.5,33.3,0
2011-12,52,California,33.6,29.3,33,29.2,36.7,0
2011-12,53,Baylor,33.4,26,33,32,34.8,0
2011-12,54,Michigan St,32.8,33.7,51,30.2,35.1,0
2011-12,55,UTEP,32.8,39.7,44,30.8,34.5,0
2011-12,56,Northwestern,32.6,35,40,36.6,29.7,0
2011-12,57,Wyoming,32.5,26,30,32,32.7,0
2011-12,58,Toledo,32.4,31,27,35,30.6,0
2011-12,59,Tulsa,32.4,32.3,32,34.8,30.3,0
2011-12,60,Iowa,32.2,37.3,45,31.2,33.2,0
2011-12,61,Stanford,32.1,30.7,31,31.1,33.2,0
2011-12,62,Rice,32,30.7,40,33.6,30.9,0
2011-12,62,Pittsburgh,32,30,32,34.1,29,0
2011-12,64,Washington,31.8,32.3,37,29.7,33.8,0
2011-12,65,Nevada,31.5,33.3,28,35,28.4,0
2011-12,66,Akron,31.5,33.3,25,34,29.3,0
2011-12,67,Indiana,31.4,26.3,26,32.8,30.2,0
2011-12,68,Marshall,31.3,30.3,39,32.2,30.8,0
2011-12,69,Cincinnati,30.8,29.7,29,29.6,31.7,0
2011-12,70,UConn,30.7,34,40,29.3,32.4,0
2011-12,71,Georgia,30.6,37.3,32,26.8,33,0
2011-12,72,Ohio,30.5,28,26,30.8,30.4,0
2011-12,73,Purdue,30.5,28.7,21,32.7,28.3,0
2011-12,74,Florida Intl,30,30,32,30.7,29.4,0
2011-12,75,Kent St,29.9,27,40,28.6,31,0
2011-12,76,N Illinois,29.8,29.3,42,25.6,32.4,0
2011-12,77,Missouri,29.7,22.3,26,25.8,32.4,0
2011-12,77,Penn St,29.7,23.3,27,31,28.3,0
2011-12,79,UCF,29.6,31.3,18,23.2,35,0
2011-12,80,Florida Atlantic,29.3,28.7,28,26.2,31.4,0
2011-12,81,Kentucky,29.1,24.3,6,30.7,27.2,0
2011-12,82,Miami,29,36.3,40,28.3,29.8,0
2011-12,82,North Carolina,29,34.7,42,28.2,29.8,0
2011-12,82,Louisville,29,31.3,43,28.4,29.4,0
2011-12,82,Virginia Tech,29,32.3,28,30.8,27.9,0
2011-12,86,N Texas,28.9,27,7,27.2,30.7,0
2011-12,87,Illinois,28.7,30.3,33,28.1,29.4,0
2011-12,88,Florida St,28.4,25,31,30.5,26.3,0
2011-12,89,Alabama,28.2,27,34,29.3,27,0
2011-12,90,Oregon,28.1,33.3,24,29.1,26.8,0
2011-12,91,Texas,27.5,31,24,24.8,29.9,0
2011-12,92,TCU,27.5,24,29,25.5,29.5,0
2011-12,93,Boston College,27.5,22.7,17,31.8,23.8,0
2011-12,93,New Mexico,27.5,26.7,28,29.6,25.7,0
2011-12,93,Colorado St,27.5,21.3,26,26,28.7,0
2011-12,96,Mississippi St,26.7,21.3,20,25.4,27.6,0
2011-12,97,Mississippi,26.6,26,22,27.5,25.6,0
2011-12,98,Kansas,26.5,25.3,21,28,25.2,0
2011-12,99,Vanderbilt,26.3,27.3,34,26.3,26.2,0
2011-12,100,Utah,25.9,25.3,32,23,28,0
2011-12,101,South Carolina,24.9,16.7,17,26,23.8,0
2011-12,102,UCLA,24.7,30,29,20.5,27.9,0
2011-12,103,W Kentucky,24.5,23.7,18,23.6,25.3,0
2011-12,104,Florida,24.3,22.7,16,26,22.7,0
2011-12,105,Wisconsin,23.2,26.7,26,22.2,24,0
2011-12,106,Minnesota,23.1,17.7,15,21.2,25.4,0
2011-12,107,Utah St,22.8,17,19,21,24,0
2011-12,108,Auburn,22.7,22,23,21.2,24.2,0
2011-12,109,Kansas St,22.4,20.7,30,21,23.8,0
2011-12,110,Nebraska,22.3,20.3,16,22.7,22,0
2011-12,111,Michigan,21.8,19.3,22,18.8,26.8,0
2011-12,112,UNLV,20,18,12,24.5,17.4,0
2011-12,113,LSU,19.8,19.7,17,21.2,19,0
2011-12,114,Ohio St,18.8,22,23,19.7,17.8,0
2011-12,115,Air Force,16.4,15.7,22,17.6,15.3,0
2011-12,116,E Michigan,16.2,18.7,25,13,18.3,0
2011-12,117,Temple,14.8,9.7,12,15.8,13.8,0
2011-12,118,Georgia Tech,12.6,15,15,13.2,12,0
2011-12,119,Navy,11.6,8.3,3,15.3,9.6,0
2011-12,120,Army,8.6,11,6,5.7,9.8,0
2012-13,1,Washington St,53.4,53,53,58.3,50.6,41.5
2012-13,2,Marshall,51,46.3,55,53.2,49.2,31.3
2012-13,3,Houston,49.3,44.3,47,46.6,53,48.6
2012-13,4,Akron,47.6,46.3,46,45.4,49.5,31.5
2012-13,5,Indiana,45.8,53,53,50.6,41.8,31.4
2012-13,6,Texas Tech,45.6,43.3,47,46.8,44.7,51.1
2012-13,7,NC State,45.3,49,53,43.8,46.4,37.5
2012-13,8,Oklahoma,44.8,54,49,47.6,42.9,44.8
2012-13,9,Tulane,44.7,55.7,66,44.9,44.4,36.3
2012-13,10,Louisiana Tech,44.4,55.7,60,45.3,43.5,36.7
2012-13,11,Duke,43,49.3,50,41.3,44.7,41.6
2012-13,12,Fresno St,42.4,41.3,55,39.8,44.3,35.9
2012-13,12,Troy,42.4,42,48,45.5,39.3,44.3
2012-13,14,W Michigan,42.3,40.3,50,43,41.7,44.1
2012-13,15,Miami OH,41.7,44.7,40,37,44.4,38.3
2012-13,16,UL Monroe,41.5,40.7,40,35.8,45,39.6
2012-13,17,Arizona,41,37.7,47,38.1,45,48.6
2012-13,18,Tennessee,40.8,43.3,34,42.3,39,34.1
2012-13,19,UAB,40.6,44,56,35.4,45,36.7
2012-13,20,West Virginia,40.3,26.7,24,40.4,40.2,41.8
2012-13,21,Boston College,40,39.3,45,41.4,38.8,27.5
2012-13,22,SMU,39.6,27.3,28,38.8,40.3,35.4
2012-13,23,Texas A&M,39.4,38.7,35,46,35.6,41.3
2012-13,24,Virginia,39.2,40.3,36,40,38.2,33.9
2012-13,25,Arkansas,38.6,41.3,53,36.4,40.5,36.3
2012-13,26,Oregon St,38.3,38.7,29,39.2,37.5,42.5
2012-13,27,Oklahoma St,38.2,41.7,34,32.8,43.5,45.8
2012-13,28,BYU,38,48.3,44,38,38,36.4
2012-13,29,Penn St,37.9,35.3,37,38.7,36.8,29.7
2012-13,30,Idaho,37.9,34.7,26,43.3,34.9,34.5
2012-13,31,North Carolina,37.5,37.7,40,36.8,38.4,29
2012-13,32,Miami,37.5,30,27,39.8,35.5,29
2012-13,33,E Carolina,37.1,41.3,43,38.8,35.9,43.7
2012-13,33,UMass,37.1,41.7,46,41,34.3,37
2012-13,35,Clemson,36.7,39.3,50,34.8,38.5,38.2
2012-13,36,Syracuse,36.5,31,25,34.8,37.4,34.6
2012-13,36,UNLV,36.5,37.7,43,36,37,20
2012-13,38,Wake Forest,36.3,37.7,38,40.2,31.6,35
2012-13,39,Purdue,36.3,31.3,34,38,34.5,30.5
2012-13,40,Baylor,36.2,29.7,13,34.2,37.6,33.4
2012-13,40,San Jose St,36.2,38,43,39.2,34,39.9
2012-13,42,Ball St,35.8,28.3,35,43.8,30.8,38.3
2012-13,42,Michigan St,35.8,34.3,27,37,34.3,32.8
2012-13,44,Florida Atlantic,35.7,41.7,38,40.8,32.9,29.3
2012-13,45,USC,35.5,34.7,37,35.2,35.7,37.3
2012-13,46,UCLA,35.4,40.7,52,34.4,36.4,24.7
2012-13,47,Wyoming,35.3,33.7,36,35,35.5,32.5
2012-13,47,Missouri,35.3,34,38,35,35.6,29.7
2012-13,49,Iowa St,35.3,31,28,37.7,32.8,37
2012-13,50,S Alabama,34.9,35,31,28.2,39.7,35
2012-13,51,Louisville,34.7,45.3,32,36.3,33,29
2012-13,52,New Mexico St,34.5,27.3,29,32.4,36.3,34.7
2012-13,53,Colorado,34.5,31.7,52,35,34,34.6
2012-13,54,Washington,34.4,34,39,32.6,35.7,31.8
2012-13,55,S Florida,34.3,36.7,28,31.2,36.8,35.5
2012-13,56,Virginia Tech,34.3,37,40,32.4,35.6,29
2012-13,57,Hawai'i,34.1,26.3,23,33.6,34.5,44.8
2012-13,58,Bowling Green,34,36.3,35,31.8,35.1,36.5
2012-13,59,Toledo,33.8,35.7,39,31,35.7,32.4
2012-13,60,Tulsa,33.6,37.7,23,29.2,37.4,32.4
2012-13,61,Kentucky,33.5,34.7,47,34.3,32.4,29.1
2012-13,62,UTSA,33.4,36,31,33,33.6,
2012-13,63,Mississippi St,33,34,29,31.3,34.7,26.7
2012-13,63,Arkansas St,33,31,30,32.4,33.4,39
2012-13,65,Utah St,32.8,30.3,31,29.6,35.1,22.8
2012-13,66,Iowa,32.8,28.7,24,32.3,33.4,32.2
2012-13,67,Arizona St,32.8,27,20,32.8,32.7,41.1
2012-13,68,C Michigan,32.5,24.3,31,31.2,33.8,39.2
2012-13,69,Buffalo,32.4,31.7,31,30.8,33.7,36.1
2012-13,70,UConn,32.3,33.3,47,31.2,33.5,30.7
2012-13,71,TCU,32.1,23.3,29,36.8,28.7,27.5
2012-13,72,Ohio,31.8,31.3,23,29.2,33.7,30.5
2012-13,73,Mississippi,31.7,32,37,30.8,32.5,26.6
2012-13,74,N Texas,31.6,32,25,33.5,30.6,28.9
2012-13,75,UTEP,31.3,18.7,27,28.2,34.5,32.8
2012-13,76,California,31.2,29.3,31,30.8,31.6,33.6
2012-13,77,Nevada,31.1,26.3,32,36.4,27.3,31.5
2012-13,78,Florida St,31,31.7,38,31.6,30.6,28.4
2012-13,79,Rice,30.8,32,29,30.2,31.3,32
2012-13,80,Pittsburgh,30.8,32,32,33,29.6,32
2012-13,81,Florida Intl,30.8,26,31,31.7,29.8,30
2012-13,82,Texas,30.7,35.7,34,31.3,30.1,27.5
2012-13,83,Louisiana,30.5,26.3,35,30.2,30.7,35.2
2012-13,84,Texas St,30.5,34.7,19,28.2,32.3,22
2012-13,85,Boise St,30.3,29.7,39,27.7,32.6,36.6
2012-13,86,Colorado St,29.7,24.3,26,28.2,31,27.5
2012-13,87,Notre Dame,29.7,33,36,31.7,28,36.4
2012-13,88,N Illinois,29.5,34,41,31,28.6,29.8
2012-13,89,Northwestern,29.5,31.7,36,28.2,30.8,32.6
2012-13,90,UCF,29.4,30,33,29.8,29.1,29.6
2012-13,91,Utah,29.3,29.7,25,31.2,27.7,25.9
2012-13,92,Cincinnati,29.1,27.3,25,27.2,30.7,30.8
2012-13,93,Illinois,28.8,27,18,32.5,24.4,28.7
2012-13,94,South Carolina,28.7,34,36,26.3,31,24.9
2012-13,95,Stanford,28.5,21.7,20,27.4,29.6,32.1
2012-13,96,Oregon,28.3,28.3,24,30.2,26.5,28.1
2012-13,97,Georgia,28.3,28.3,33,24.3,31.7,30.6
2012-13,98,Nebraska,27.7,25,27,25.7,29.4,22.3
2012-13,99,Middle Tenn,27.5,30.7,26,28.8,26.9,42.2
2012-13,100,LSU,27.5,30,23,28.1,26.6,19.8
2012-13,100,Vanderbilt,27.5,26,27,26,28.6,26.3
2012-13,102,Rutgers,26.6,35.3,40,19.2,31.9,36.8
2012-13,103,Minnesota,26.3,25.7,19,27.8,24.8,23.1
2012-13,104,Southern Miss,26.1,26.7,27,26.8,25.3,35.8
2012-13,105,E Michigan,25.7,24,24,25.4,26,16.2
2012-13,106,W Kentucky,25.7,24,24,28.2,23.9,24.5
2012-13,107,Maryland,25.5,22.3,36,22.6,27.8,37.3
2012-13,108,Kansas,25.2,18.7,16,26.6,24,26.5
2012-13,109,Michigan,24.5,26.7,37,24.7,24.3,21.8
2012-13,110,Alabama,24.3,23.7,28,26,22.9,28.2
2012-13,111,San Diego St,24.2,23.7,29,24.8,23.5,35.1
2012-13,112,Kent St,24.2,30,33,26,23.3,29.9
2012-13,113,Kansas St,23.9,32.7,33,19,28.8,22.4
2012-13,114,Memphis,23.2,18.3,18,23.4,23,34.4
2012-13,115,Ohio St,23.2,19.3,18,24.1,21.3,18.8
2012-13,116,Florida,22.2,26.7,29,21,23.3,24.3
2012-13,117,Auburn,21.7,18,15,22.7,20.6,22.7
2012-13,118,Temple,21,19.7,23,22,20,14.8
2012-13,119,Wisconsin,20.6,17.3,17,20.3,20.9,23.2
2012-13,120,Georgia Tech,13.8,15.7,10,14.5,13.3,12.6
2012-13,121,Navy,13.2,12.3,12,12.3,13.6,11.6
2012-13,122,New Mexico,12,12.7,21,9.4,13.9,27.5
2012-13,123,Air Force,11.7,7.3,12,6.4,15.4,16.4
2012-13,124,Army,9.1,10.3,5,8.1,10.8,8.6
2013-14,1,Washington St,59,59.7,58,55.8,61.3,53.4
2013-14,2,Texas Tech,55.6,49,41,59.8,52.6,45.6
2013-14,3,Fresno St,53.4,53,55,55.5,51.3,42.4
2013-14,4,SMU,51.9,44,39,55.4,49,39.6
2013-14,5,California,51.8,46.7,35,56.2,46.6,31.2
2013-14,6,Oregon St,48.4,43.3,34,51,46.6,38.3
2013-14,7,Virginia,43.3,42.7,40,43.9,42.3,39.2
2013-14,8,Hawai'i,43.3,40.3,34,44.7,41.8,34.1
2013-14,9,E Carolina,42.6,43,46,37.2,46.4,37.1
2013-14,10,San Jose St,42.2,49,46,47.8,37.5,36.2
2013-14,11,Troy,41,38,27,37.3,43.1,42.4
2013-14,12,Southern Miss,40.4,41,39,42.6,38.9,26.1
2013-14,13,UL Monroe,40.1,31.3,29,41.5,39.3,41.5
2013-14,14,Indiana,40,41,40,38.1,43.3,45.8
2013-14,14,Houston,40,44,49,39.7,40.1,49.3
2013-14,16,West Virginia,39.9,39,38,41.8,38.3,40.3
2013-14,17,Ball St,39.1,42,44,36.8,40.7,35.8
2013-14,18,Wyoming,38.7,39.3,29,37.8,39.5,35.3
2013-14,19,UNLV,38.4,29.7,41,38.7,38.2,36.5
2013-14,20,Mississippi,38.2,40.7,36,37.2,39.2,31.7
2013-14,21,Illinois,38,42,45,36.7,39.6,28.8
2013-14,22,Louisiana Tech,37.8,36.7,37,44.8,33.9,44.4
2013-14,23,Marshall,37.5,37.7,44,30.8,41.6,51
2013-14,24,UConn,37.4,35.7,55,41,33,32.3
2013-14,25,Oklahoma St,37.3,39.7,57,37,37.6,38.2
2013-14,26,Clemson,37.3,32.7,40,37.2,37.3,36.7
2013-14,27,Cincinnati,37.3,42.7,36,33,40.3,29.1
2013-14,28,Texas A&M,36.8,38,38,36.9,36.6,39.4
2013-14,29,Purdue,36.5,37,49,37.3,35.6,36.3
2013-14,30,Boise St,36.2,35,44,28.6,41.6,30.3
2013-14,31,W Michigan,35.9,36,32,31.8,38.3,42.3
2013-14,32,Tulsa,35.8,33,38,40.3,31.2,33.6
2013-14,33,Temple,35.6,41,32,34.4,36.7,21
2013-14,34,TCU,35.5,39,47,38.4,33.2,32.1
2013-14,34,NC State,35.5,38.3,31,34.6,37.3,45.3
2013-14,36,Idaho,35.5,40.7,42,36.5,34.9,37.9
2013-14,37,North Carolina,35.4,32,33,36.7,34.2,37.5
2013-14,38,Colorado,35.4,38.7,47,34,36.3,34.5
2013-14,39,BYU,35.3,34.7,50,32.4,37.4,38
2013-14,40,Wake Forest,35.3,28.7,34,35.4,35.2,36.3
2013-14,40,Nevada,35.3,36,33,35.4,35.2,31.1
2013-14,42,Arizona St,35.2,26.3,29,33.9,36.8,32.8
2013-14,43,Akron,35.2,28,30,31,38.7,47.6
2013-14,44,Baylor,35,41,47,32.8,37.2,36.2
2013-14,44,Rutgers,35,29.7,29,33.5,36.5,26.6
2013-14,46,W Kentucky,34.8,31,37,36.3,34,25.7
2013-14,47,Utah St,34.8,31.3,29,34.4,35,32.8
2013-14,48,Georgia,34.8,39,39,35,34.6,28.3
2013-14,49,Iowa St,34.7,31.7,39,32.6,36.5,35.3
2013-14,50,Colorado St,34.6,41.3,51,35.4,34.1,29.7
2013-14,51,UTSA,34.3,32.7,24,34,34.7,33.4
2013-14,52,New Mexico St,34.2,37.3,28,34.5,33.8,34.5
2013-14,53,Duke,34.2,41,45,31,36.9,43
2013-14,54,Penn St,34.1,28.7,30,33.3,35.2,37.9
2013-14,55,Louisville,33.8,39.3,45,32,35.5,34.7
2013-14,56,Georgia St,33.6,34.7,34,42.3,26.6,33
2013-14,57,Ohio,33.5,34.3,44,32.8,34.2,31.8
2013-14,58,Utah,33.4,36.3,33,32.2,34.8,29.3
2013-14,59,S Alabama,33.3,27,24,26.4,39,34.9
2013-14,60,Northwestern,33.2,41.7,45,36,29.8,29.5
2013-14,61,San Diego St,33.2,37.7,29,31.4,34.4,24.2
2013-14,62,Texas,33.2,25.7,23,32.5,33.7,30.7
2013-14,63,Virginia Tech,33.1,32.3,36,33,33.1,34.3
2013-14,64,Notre Dame,33,36.3,47,26.5,38.6,29.7
2013-14,64,Mississippi St,33,33.7,30,31.3,34.7,33
2013-14,66,Tulane,32.8,28.7,30,33.8,32,44.7
2013-14,67,Maryland,32.7,26.7,24,36,30.3,25.5
2013-14,68,Washington,32.1,23.7,27,28.5,35.7,34.4
2013-14,69,Florida St,32.1,32.7,35,31.5,32.6,31
2013-14,70,Pittsburgh,31.9,35.3,22,32.3,31.5,30.8
2013-14,71,Missouri,31.7,37,44,28.5,34.4,35.3
2013-14,72,Oregon,31.6,33.7,26,30.7,32.5,28.3
2013-14,72,Buffalo,31.6,37.7,31,23.8,35.5,32.4
2013-14,74,Middle Tenn,31.3,28.3,33,33,30.1,27.5
2013-14,75,UCF,31.1,31,31,30.2,31.9,29.4
2013-14,76,N Texas,30.9,34,30,30.5,31.3,31.6
2013-14,77,Arizona,30.8,25.3,24,28.8,32.3,41
2013-14,77,Syracuse,30.8,33.3,29,31.4,30.4,36.5
2013-14,79,Memphis,30.8,32.3,40,31.8,29.6,23.2
2013-14,80,Michigan St,30.6,32,36,28.5,32.4,35.8
2013-14,81,Toledo,30.5,27.7,33,26.2,34,33.8
2013-14,82,Michigan,30.4,37.7,38,29.1,31.8,24.5
2013-14,83,Kent St,30.4,28.7,32,30,30.6,24.2
2013-14,84,UCLA,30.2,27.7,30,33,27.7,35.4
2013-14,85,Miami,30.1,27.3,27,27,33.2,37.5
2013-14,86,N Illinois,29.8,30.7,35,28.3,30.6,29.5
2013-14,87,South Carolina,29.7,27.3,26,26.3,33,28.7
2013-14,88,UAB,29.6,32.7,31,26.5,31.4,40.6
2013-14,89,Arkansas St,29.6,24.3,26,25,32.9,33
2013-14,90,Oklahoma,29.5,32.7,44,27.8,30.9,44.8
2013-14,91,Florida Atlantic,29.4,18.3,20,28.8,29.9,35.7
2013-14,92,Tennessee,29.4,22.7,23,27.8,31.2,40.8
2013-14,93,Nebraska,29.3,29.7,16,30.9,27.2,27.7
2013-14,94,Vanderbilt,28.9,29,19,33.8,24,27.5
2013-14,95,Iowa,28.8,25.7,30,32.8,24.8,32.8
2013-14,96,S Florida,28.8,33,31,26.2,32,34.3
2013-14,97,Alabama,28.8,30.3,30,27.5,30,24.3
2013-14,98,Bowling Green,28.6,28.7,33,24,31.5,34
2013-14,99,Kentucky,28.5,27.7,38,30.3,26.4,33.5
2013-14,100,E Michigan,28.2,23,29,25,30,25.7
2013-14,101,C Michigan,28.1,20,14,22.8,31.1,32.5
2013-14,101,Kansas,28.1,26.3,36,29.2,26.8,25.2
2013-14,103,USC,27.8,29.3,30,27.6,28,35.5
2013-14,104,Wisconsin,27.2,35.7,26,28.2,26.2,20.6
2013-14,105,UMass,26.9,21,19,29.2,25,37.1
2013-14,106,Florida,26,28.3,25,27,25.2,22.2
2013-14,107,Arkansas,25.8,26,29,22,29,38.6
2013-14,108,Ohio St,25.7,20.7,24,24.7,26.6,23.2
2013-14,109,Louisiana,25.3,29.3,21,25,25.4,30.5
2013-14,110,LSU,25,23,20,21,29,27.5
2013-14,110,Florida Intl,25,27,28,30,20.8,30.8
2013-14,112,Texas St,24.8,30.3,31,24.2,25.3,30.5
2013-14,113,Rice,24.8,20.7,16,25,24.6,30.8
2013-14,114,UTEP,24.3,19.3,24,24.2,24.4,31.3
2013-14,115,Miami OH,23.8,20.3,27,24.8,23.1,41.7
2013-14,116,Kansas St,23.8,26,28,23.9,23.6,23.9
2013-14,117,Stanford,22.2,18,18,22.1,22.3,28.5
2013-14,118,Minnesota,21.3,26,30,20.7,21.8,26.3
2013-14,119,Auburn,20.2,18,27,21.6,18.7,21.7
2013-14,120,Boston College,19.8,20.7,28,16.8,22,40
2013-14,121,Georgia Tech,16.9,22.3,17,15,18.5,13.8
2013-14,122,Air Force,14.8,18.7,20,13.8,16,11.7
2013-14,123,New Mexico,14.8,16,17,13.2,16.3,12
2013-14,124,Army,13.3,14.7,11,11.8,14.1,9.1
2013-14,125,Navy,10.9,6.7,7,13.3,9.8,13.2
2014-15,1,Washington St,64.3,62,49,63.8,64.8,59
2014-15,2,E Carolina,49.2,53,68,50,48.6,42.6
2014-15,3,California,46,49,60,47,45.2,51.8
2014-15,3,Texas Tech,46,47.3,57,46.4,45.7,55.6
2014-15,5,Colorado,45.4,34,31,46.2,44.7,35.4
2014-15,6,UL Monroe,44.1,51.3,48,45,43.4,40.1
2014-15,7,Akron,44,39,42,48.2,40.5,35.2
2014-15,8,Iowa St,43.5,43,41,43,44.2,34.7
2014-15,9,W Kentucky,42.8,42.7,42,35.5,49.1,34.8
2014-15,10,UMass,40.9,31.3,29,40.8,41,26.9
2014-15,10,Baylor,40.9,45,52,41.6,40.4,35
2014-15,12,West Virginia,40.8,44.7,45,37.4,43.3,39.9
2014-15,13,Southern Miss,40.8,32,42,38.6,42.7,40.4
2014-15,14,Arizona,40.3,32.3,50,45.3,35.3,30.8
2014-15,15,Idaho,40.3,35.3,37,37.2,42.8,35.5
2014-15,16,Kent St,40.2,44.3,45,41.5,38.6,30.4
2014-15,17,Tulsa,40.1,34,32,39,41.2,35.8
2014-15,18,TCU,39.9,38.7,37,41.8,38,35.5
2014-15,19,UNLV,39.8,42.7,39,42,38.3,38.4
2014-15,20,Bowling Green,39.5,31,41,41.6,38.1,28.6
2014-15,21,Texas A&M,39.3,32.7,35,35.4,42.1,36.8
2014-15,22,Northwestern,39.1,38,42,41.2,36.6,33.2
2014-15,23,Oregon St,38.8,42,47,39,38.6,48.4
2014-15,24,North Carolina,38.7,36,46,38,39.1,35.4
2014-15,25,New Mexico St,38.6,36.3,43,43,35,34.2
2014-15,26,San Jose St,38.5,32.3,31,43,36,42.2
2014-15,27,BYU,38.5,39.3,48,38.4,38.6,35.3
2014-15,28,Penn St,38.2,37,50,39.7,36.5,34.1
2014-15,29,Old Dominion,38,41.7,50,34.8,40.7,46.8
2014-15,30,Fresno St,37.8,38.7,38,34.8,39.8,53.4
2014-15,31,Miami OH,37.8,36,38,40.4,35.7,23.8
2014-15,32,Cincinnati,37.8,35.3,37,40.2,35.7,37.3
2014-15,33,Tulane,37.5,43.7,40,36.8,38.2,32.8
2014-15,34,Florida St,37.2,34,48,33.7,40.3,32.1
2014-15,35,Virginia,37.1,32.7,38,31.7,43.6,43.3
2014-15,35,Purdue,37.1,40,35,40.2,33.4,36.5
2014-15,37,South Carolina,36.7,31.7,34,33.2,40.2,29.7
2014-15,38,Georgia St,36.1,39,47,40.6,32.3,33.6
2014-15,39,Hawai'i,36.1,26,39,37.5,34.7,43.3
2014-15,40,Illinois,36,39,47,39.7,32.3,38
2014-15,41,SMU,35.8,27.7,33,31.8,39.8,51.9
2014-15,42,Duke,35.8,35,33,35.5,36,34.2
2014-15,43,Arizona St,35.7,34.3,34,37.8,34.1,35.2
2014-15,44,Notre Dame,35.6,29.7,26,33.5,37.4,33
2014-15,45,Virginia Tech,35.4,29.7,25,39.8,31,33.1
2014-15,46,USC,35.4,37.7,39,38.2,33,27.8
2014-15,47,Tennessee,35.3,26.7,22,36.7,34,29.4
2014-15,47,Houston,35.3,33,25,37.5,33.2,40
2014-15,49,Arkansas St,34.8,36.7,31,30.8,37.7,29.6
2014-15,50,Temple,34.7,37,38,34.4,35,35.6
2014-15,51,Colorado St,34.4,39,35,29.2,38.1,34.6
2014-15,52,Clemson,34.1,30.3,37,32.8,35.3,37.3
2014-15,53,Kentucky,33.8,29.7,29,32.7,35.2,28.5
2014-15,54,Marshall,33.7,43,37,36.5,31.3,37.5
2014-15,55,UCF,33.6,38.3,53,34,33.3,31.1
2014-15,56,Buffalo,33.6,25,27,32.5,34.4,31.6
2014-15,57,UCLA,33.5,32,24,33.7,33.3,30.2
2014-15,58,Louisiana Tech,33.3,27.7,28,33.5,33.2,37.8
2014-15,59,Mississippi,33.2,32,27,34.3,32,38.2
2014-15,60,Ball St,33.1,30.3,29,35.8,31.3,39.1
2014-15,61,Iowa,33,33,31,34,32,28.8
2014-15,61,Mississippi St,33,37.7,51,29.8,36.2,33
2014-15,63,Memphis,32.6,36.7,46,33.4,32,30.8
2014-15,64,Louisville,32.4,33.3,44,33.8,31.4,33.8
2014-15,65,Boise St,32.2,26.3,35,28.4,36,36.2
2014-15,66,Wyoming,32.2,37.7,44,31.4,32.8,38.7
2014-15,67,Texas,32.2,30.7,25,33,31.4,33.2
2014-15,68,Kansas St,32.1,35.3,49,30.5,33.7,23.8
2014-15,69,Texas St,32,32.7,32,30.4,33.3,24.8
2014-15,69,Kansas,32,29.3,27,36.6,28.2,28.1
2014-15,71,Maryland,31.9,25,27,35.6,29.3,32.7
2014-15,72,S Alabama,31.7,34.3,37,33.8,29.9,33.3
2014-15,73,Oregon,31.6,38,38,32,31.3,31.6
2014-15,74,Syracuse,31.5,25.7,20,34.8,28.8,30.8
2014-15,75,Wake Forest,31.5,33.3,36,30,32.7,35.3
2014-15,76,Alabama,31.4,30,36,31.7,31.1,28.8
2014-15,77,Michigan St,31.3,31.3,42,26.8,35.8,30.6
2014-15,78,Ohio,31.3,24.3,26,33.4,29.5,33.5
2014-15,79,S Florida,30.6,38.7,39,30.3,31,28.8
2014-15,80,Oklahoma St,30.5,29,27,34.4,27.7,37.3
2014-15,81,Nevada,30.4,22,29,32.4,29,35.3
2014-15,81,Florida Atlantic,30.4,28.3,19,28.4,31.9,29.4
2014-15,83,Vanderbilt,30.4,37,30,30.1,30.8,28.9
2014-15,84,Missouri,30.3,31.7,19,31.8,29,31.7
2014-15,85,Toledo,30.2,22.3,27,30.8,29.7,30.5
2014-15,86,Miami,30.1,37,33,30.5,29.7,30.1
2014-15,87,NC State,29.9,19.3,28,33.8,26,35.5
2014-15,88,Oklahoma,29.7,22.3,37,27,32,29.5
2014-15,89,C Michigan,29.7,37.3,45,32,28,28.1
2014-15,89,UTSA,29.7,32,29,29.3,30,34.3
2014-15,91,Middle Tenn,29.4,25.7,17,26.6,31.7,31.3
2014-15,92,Stanford,29.3,22,26,30.2,28.6,22.2
2014-15,93,Troy,29,27.3,34,32,26.5,41
2014-15,94,Washington,28.9,35,40,25.5,31.9,32.1
2014-15,95,Utah,28.8,33.7,29,33.4,25.6,33.4
2014-15,96,Arkansas,28.7,23,23,26.4,30.3,25.8
2014-15,97,W Michigan,28.6,30.7,38,29.8,28,35.9
2014-15,98,UConn,28.5,22.7,14,30.3,26.4,37.4
2014-15,98,N Texas,28.5,30,43,24.6,31.8,30.9
2014-15,100,App State,28,21.3,20,26.3,29.2,39
2014-15,101,Rutgers,27.9,31,20,29.2,27,35
2014-15,102,Louisiana,27.8,28,31,30.8,25.7,25.3
2014-15,103,Utah St,27.6,21,12,29.6,26.4,34.8
2014-15,104,Florida,27.4,23.7,28,31.6,23.8,26
2014-15,105,Nebraska,27.3,33,51,22,32.7,29.3
2014-15,106,Ohio St,27.3,25.7,23,31.9,23.3,25.7
2014-15,107,Michigan,27.2,27,33,26.3,28.4,30.4
2014-15,108,N Illinois,27.2,32.3,28,25.5,27.9,29.8
2014-15,109,Rice,27.1,29.3,26,26.6,27.4,24.8
2014-15,110,UAB,26.9,28.3,22,28.2,25.8,29.6
2014-15,111,Indiana,26.8,27.3,24,26.8,26.8,40
2014-15,112,San Diego St,26.7,24.7,27,24.2,28.4,33.2
2014-15,113,E Michigan,26.4,31.3,23,23.5,28,28.2
2014-15,114,Auburn,25.8,31.3,23,21.3,30.3,20.2
2014-15,115,Florida Intl,25.7,20.7,25,28.2,22,25
2014-15,116,Georgia,24.7,23.7,24,23.7,25.7,34.8
2014-15,117,Pittsburgh,24.5,22.7,36,26.8,22.2,31.9
2014-15,118,Wisconsin,22.5,29.3,27,17.7,26.7,27.2
2014-15,119,UTEP,22.1,22.3,24,19.2,24.6,24.3
2014-15,120,LSU,21.5,19,14,22.3,20.7,25
2014-15,121,Minnesota,19.7,23,33,14.2,25.2,21.3
2014-15,122,Boston College,18.5,16,20,19.5,17.5,19.8
2014-15,123,Air Force,16.7,17.3,10,13.6,18.9,14.8
2014-15,124,Georgia Tech,14.4,14,12,16.2,13.3,16.9
2014-15,125,Georgia So,13.6,14.7,19,14,13.4,3
2014-15,126,New Mexico,12.4,12,7,12.5,12.3,14.8
2014-15,127,Navy,10.3,6.3,7,14,7.7,10.9
2014-15,128,Army,8,5.3,7,9.8,6.8,13.3
2015-16,1,Washington St,57.8,56,53,54.4,60.1,64.3
2015-16,2,Texas Tech,46.9,46,56,48.2,46,46
2015-16,3,Purdue,42.5,49.7,58,45.3,39.2,37.1
2015-16,4,Bowling Green,42.4,35.3,34,41.6,42.9,39.5
2015-16,5,Cincinnati,42.3,43,31,38.6,45,37.8
2015-16,6,Illinois,42.3,45.3,41,42.6,42,36
2015-16,7,California,41.8,47.7,37,37.8,44.6,46
2015-16,8,Arizona St,41.5,42.3,52,38.5,44.5,35.7
2015-16,9,Boise St,41.4,40.7,40,41.4,41.4,32.2
2015-16,10,UMass,41.3,25.3,22,43,39.5,40.9
2015-16,11,Duke,40.3,44.7,40,39,41.1,35.8
2015-16,12,Mississippi St,40.2,45,42,39.2,41.2,33
2015-16,13,TCU,40,36.3,47,36.8,42.3,39.9
2015-16,14,Idaho,39.9,37,31,37.2,42.2,40.3
2015-16,15,Oklahoma St,39.8,47,45,40.2,39.5,30.5
2015-16,16,BYU,39.8,41.7,56,38.4,40.7,38.5
2015-16,17,E Carolina,39.6,42,51,35.2,43.3,49.2
2015-16,18,W Kentucky,39.6,46,46,39.8,39.4,42.8
2015-16,19,UCLA,39.2,36,41,39.7,38.9,33.5
2015-16,20,Middle Tenn,39,36.7,39,36.4,40.9,29.4
2015-16,21,Georgia St,38.9,34,29,41.2,37.3,36.1
2015-16,22,Buffalo,38.7,46,40,44.8,33.7,33.6
2015-16,23,Mississippi,38.4,33,35,37.2,39.7,33.2
2015-16,24,C Michigan,38.3,34.7,30,39.4,37.4,29.7
2015-16,25,Southern Miss,37.8,35.3,39,36.2,38.8,40.8
2015-16,26,Tulsa,37.7,38,44,35.7,39.4,40.1
2015-16,27,New Mexico St,37.7,39.7,36,39.8,36.1,38.6
2015-16,28,Louisiana Tech,37.5,37,38,35.6,38.9,33.3
2015-16,29,Old Dominion,37.4,43,42,35.8,39.2,38
2015-16,29,Kansas,37.4,37.7,35,38.3,36.2,32
2015-16,31,Texas St,37.2,33.3,32,36.4,37.8,32
2015-16,32,Memphis,37,31,37,39.4,35.3,32.6
2015-16,33,Ball St,36.9,33.7,40,39.4,34.8,33.1
2015-16,34,Florida Intl,36.7,34,33,34,38.3,25.7
2015-16,35,UL Monroe,36.6,34.3,26,32,38.9,44.1
2015-16,36,Texas A&M,36.4,38.3,48,35.7,37.2,39.3
2015-16,37,Marshall,36.3,34.3,36,30.4,40.6,33.7
2015-16,38,Colorado,36.3,36.7,38,32.8,38.7,45.4
2015-16,39,UCF,35.9,34,27,34.4,37.2,33.6
2015-16,40,Indiana,35.8,38.7,52,34.8,36.7,26.8
2015-16,41,Arizona,35.6,33,24,32.6,37.7,40.3
2015-16,42,Virginia,35.5,37.7,38,34.7,36.4,37.1
2015-16,42,Troy,35.5,34.3,28,34.5,36,29
2015-16,44,Nebraska,35.2,28.3,19,38.3,31.7,27.3
2015-16,45,Clemson,35.1,40.3,47,35,35.1,34.1
2015-16,46,Miami,34.8,31,32,31.2,37.4,30.1
2015-16,47,Iowa St,34.7,27,39,34,35.3,43.5
2015-16,48,Louisiana,34.3,35.3,38,32.8,35.5,27.8
2015-16,48,Wake Forest,34.3,31,35,37.2,31.8,31.5
2015-16,50,Toledo,34.3,28.7,29,35.3,33.2,30.2
2015-16,51,E Michigan,34.1,33,36,37,31.2,26.4
2015-16,52,Tulane,33.8,34.3,41,37,31.2,37.5
2015-16,53,Oklahoma,33.8,35,43,32.8,34.6,29.7
2015-16,54,N Texas,33.3,27.7,29,30.3,35,28.5
2015-16,54,Maryland,33.3,38.3,38,35.6,31.3,31.9
2015-16,56,Hawai'i,33.2,30,16,33.7,32.7,36.1
2015-16,57,West Virginia,33.1,39.7,51,27,39.2,40.8
2015-16,58,USC,33.1,32,33,31.6,34.6,35.4
2015-16,59,Florida St,33,37.7,48,34.2,31.8,37.2
2015-16,60,Minnesota,32.8,31,30,32.7,33,19.7
2015-16,61,Florida Atlantic,32.8,34,36,33.5,32,30.4
2015-16,62,Fresno St,32.5,38.7,33,30.8,34,37.8
2015-16,63,UTEP,32.4,30.7,16,40.5,27.7,22.1
2015-16,64,Kentucky,32.3,29.7,26,31,34.5,33.8
2015-16,65,Wisconsin,32.2,27.3,29,31.4,33.2,22.5
2015-16,66,Rice,32,34.3,26,30,33.7,27.1
2015-16,67,Michigan,31.9,38.7,31,28.1,36.3,27.2
2015-16,68,NC State,31.9,33,28,33.2,31,29.9
2015-16,69,Miami OH,31.9,27.7,23,32.6,31.3,37.8
2015-16,70,UNLV,31.8,37.7,34,32.6,31.2,39.8
2015-16,71,Louisville,31.8,30,26,32.8,31,32.4
2015-16,72,Ohio,31.5,26.7,29,28.8,33.4,31.3
2015-16,73,Charlotte,31.5,26.7,26,31.2,31.7,
2015-16,74,Michigan St,31.4,33,39,29.1,33.7,31.3
2015-16,75,Temple,31.4,38.3,42,25.3,35.9,34.7
2015-16,76,Penn St,31.1,40.3,42,29.4,33,38.2
2015-16,77,Missouri,31,28.3,27,30.8,31.2,30.3
2015-16,78,W Michigan,30.9,29,27,34.2,28.6,28.6
2015-16,79,Washington,30.8,25,34,29.2,32.5,28.9
2015-16,79,Utah St,30.8,39.7,45,27.6,33.1,27.6
2015-16,81,Vanderbilt,30.6,25.3,34,30.8,30.5,30.4
2015-16,82,SMU,30.5,23.7,22,31.2,29.8,35.8
2015-16,83,Houston,30.4,34.7,46,27.3,34,35.3
2015-16,84,Virginia Tech,30.3,34,38,31.2,29.6,35.4
2015-16,85,Alabama,30.1,27.3,25,36.3,25.4,31.4
2015-16,86,UTSA,30,23.3,23,26,34,29.7
2015-16,87,S Alabama,29.7,26.7,27,29,30.3,31.7
2015-16,88,Colorado St,29.7,28.7,42,27.8,31,34.4
2015-16,88,San Jose St,29.7,31,19,26.8,31.7,38.5
2015-16,90,Notre Dame,29.6,34,38,26,32.7,35.6
2015-16,91,Arkansas,29.5,28.7,26,26.6,31.6,28.7
2015-16,92,Baylor,29.3,23.3,18,30.4,28.4,40.9
2015-16,93,Oregon St,29.2,28,25,28,30.2,38.8
2015-16,93,Rutgers,29.2,27.3,33,28,30.6,27.9
2015-16,95,Oregon,29.2,32.7,35,29.5,28.8,31.6
2015-16,96,North Carolina,29.1,34,36,28.2,29.7,38.7
2015-16,97,Florida,28.9,29.3,25,31,26.9,27.4
2015-16,98,Kent St,28.8,27,24,27.4,30,40.2
2015-16,99,Tennessee,28.5,26.7,30,32.8,24.2,35.3
2015-16,100,Arkansas St,28.3,29.3,29,24,31.3,34.8
2015-16,101,Akron,28.1,26.3,30,29,27.4,44
2015-16,102,Northwestern,28,26,33,29,27,39.1
2015-16,102,South Carolina,28,31.3,30,27.7,28.4,36.7
2015-16,104,N Illinois,27.9,27.7,21,30.6,26.3,27.2
2015-16,105,Kansas St,27.3,25.3,25,28,26.5,32.1
2015-16,106,Pittsburgh,27.1,27.3,21,31.8,23.7,24.5
2015-16,107,Utah,27.1,22.7,16,26.6,27.7,28.8
2015-16,108,UConn,26.8,20.7,17,28.8,25.4,28.5
2015-16,109,Iowa,26.5,25.3,33,27.3,25.7,33
2015-16,110,Syracuse,26,22.7,26,24.5,27.8,31.5
2015-16,111,Nevada,25.6,18,13,29,23.1,30.4
2015-16,112,Georgia,25.3,24.3,23,24.3,26.2,24.7
2015-16,113,Ohio St,25,20.7,31,26.6,23.2,27.3
2015-16,114,Wyoming,24.5,22.3,25,25,24,32.2
2015-16,115,LSU,23.2,31.7,23,21,25.3,21.5
2015-16,116,S Florida,22.9,26,34,22.6,23.1,30.6
2015-16,117,Auburn,22.8,19.3,16,23.2,22.5,25.8
2015-16,118,Stanford,22.7,18.3,21,23.6,21.9,29.3
2015-16,119,App State,22.4,23,26,23,22,28
2015-16,120,Texas,21,21,21,21.2,20.8,32.2
2015-16,121,Boston College,20.9,24.3,13,21.4,20.4,18.5
2015-16,122,San Diego St,17.6,12.7,12,15.7,19.3,26.7
2015-16,123,New Mexico,17.6,13.7,22,15.8,19.3,12.4
2015-16,124,Georgia Tech,17,13.3,18,14.5,20,14.4
2015-16,125,Air Force,12.5,14,15,11.8,13,16.7
2015-16,126,Georgia So,9.8,11.3,8,8.8,10.6,13.6
2015-16,127,Navy,9.7,16.7,18,9.4,9.9,10.3
2015-16,128,Army,8.2,12.3,18,7,9,8
2016-17,1,Texas Tech,52.9,46,47,57.6,49,46.9
2016-17,2,California,51.8,52.7,48,48,55.5,41.8
2016-17,3,Washington St,51,51.3,51,49.5,52.5,57.8
2016-17,4,E Carolina,47.4,36,34,46.8,47.8,39.6
2016-17,5,Purdue,46.6,42.3,45,47.3,45.8,42.5
2016-17,6,Syracuse,43.3,41,61,44,42.7,26
2016-17,7,Clemson,42.4,42.7,57,47,39,35.1
2016-17,8,Middle Tenn,41.9,37,51,38.5,43.6,39
2016-17,9,Houston,41.4,49.7,34,40.6,42,30.4
2016-17,10,E Michigan,41.3,40.7,47,37.2,44.1,34.1
2016-17,11,Mississippi,41.2,47,48,41.5,40.8,38.4
2016-17,11,Virginia,41.2,38.7,36,41.4,41,35.5
2016-17,13,UCLA,41.2,36.7,30,42.3,40,39.2
2016-17,14,Kansas,38.8,41.3,44,38.8,38.8,37.4
2016-17,15,SMU,38.5,40,46,38.8,38.3,30.5
2016-17,16,New Mexico St,38.4,30,25,37.6,39,37.7
2016-17,17,Cincinnati,38.1,38,38,37.3,39,42.3
2016-17,18,Troy,38,37.3,41,37.4,38.4,35.5
2016-17,19,Duke,37.9,43.3,50,36.6,39,40.3
2016-17,20,Marshall,37.8,38,35,39.5,35.8,36.3
2016-17,21,TCU,37.8,31.3,28,42.3,33.2,40
2016-17,22,Baylor,37.6,39.3,40,39,36.6,29.3
2016-17,23,Southern Miss,37.4,34,42,42.8,33.6,37.8
2016-17,24,Missouri,37.2,35.3,26,35.5,39.2,31
2016-17,25,Louisiana Tech,37.2,45.3,40,32.8,39.1,37.5
2016-17,26,Bowling Green,37,22.7,21,34.6,39,42.4
2016-17,27,C Michigan,36.9,39,50,34.2,38.9,38.3
2016-17,28,Northwestern,36.8,33.7,36,35.8,37.8,28
2016-17,29,North Carolina,36.8,37,39,38.3,36,29.1
2016-17,30,Georgia St,36.6,35.3,37,39,34.7,38.9
2016-17,31,Memphis,36.4,38,49,35.7,37.2,37
2016-17,32,Arizona St,36.2,41.7,60,32.4,39.3,41.5
2016-17,33,Ball St,36.1,44.7,34,41,33.3,36.9
2016-17,34,UMass,35.9,40.7,38,36.2,35.7,41.3
2016-17,35,Oklahoma St,35.8,31,33,37.7,34,39.8
2016-17,36,USC,35.6,40.3,54,34.3,36.7,33.1
2016-17,37,Indiana,35.1,30.7,40,32.9,37.7,35.8
2016-17,38,Texas A&M,35,39.3,48,34.7,35.3,36.4
2016-17,39,N Texas,34.7,37,40,39,31.6,33.3
2016-17,40,W Kentucky,34.6,30.7,30,34.2,35,39.6
2016-17,41,Charlotte,34.5,40.3,44,37.6,31.8,31.5
2016-17,41,Rice,34.5,42.7,48,33,35.7,32
2016-17,43,UCF,34.3,49,48,33.6,34.9,35.9
2016-17,44,Idaho,34.2,28.3,31,31.8,35.4,39.9
2016-17,44,Tulsa,34.2,34.3,39,33.8,34.4,37.7
2016-17,46,NC State,34,33,31,34.8,33.2,31.9
2016-17,47,Florida Intl,33.9,27.3,23,34.7,32.8,36.7
2016-17,48,Texas St,33.9,30,27,27.2,39.5,37.2
2016-17,49,Miami,33.8,35.7,34,35.4,32.6,34.8
2016-17,50,Colorado,33.7,35.7,38,36,32.3,36.3
2016-17,51,Iowa St,33.6,32,44,31.8,35.8,34.7
2016-17,52,Oregon,33.5,34,29,34,33.2,29.2
2016-17,53,Louisville,33.5,31.7,27,28,38.3,31.8
2016-17,54,Texas,33.5,38.7,39,33.8,33.2,21
2016-17,55,Utah St,33.3,22.7,23,31,35.2,30.8
2016-17,56,N Illinois,33.1,30.3,23,31.8,33.9,27.9
2016-17,57,Fresno St,33,22.3,19,30.4,35.2,32.5
2016-17,57,Buffalo,33,32.7,36,35.6,30.8,38.7
2016-17,57,Toledo,33,29.7,26,35,31.6,34.3
2016-17,60,Akron,32.5,29,27,32.6,32.5,28.1
2016-17,61,UConn,32.5,27.3,31,31.7,33.4,26.8
2016-17,62,Notre Dame,32.3,34,39,33.7,31,29.6
2016-17,62,Arkansas,32.3,32,31,31.3,33.3,29.5
2016-17,64,Ohio,32.3,34.3,47,33,31.9,31.5
2016-17,65,Florida St,32.2,28,27,32.2,32.1,33
2016-17,66,Hawai'i,32.2,31,31,28.2,34.6,33.2
2016-17,67,Michigan St,32,28.7,46,29,35.6,31.4
2016-17,68,San Jose St,31.8,32.7,25,33.2,30.7,29.7
2016-17,69,Florida,31.5,33,25,33,30.6,28.9
2016-17,70,South Carolina,31.5,35,43,29,34,28
2016-17,71,Ohio St,31.5,29,33,32.3,30.5,25
2016-17,72,Virginia Tech,31.4,33.3,34,32.2,30.9,30.3
2016-17,73,West Virginia,31.3,25,26,30.3,32.3,33.1
2016-17,74,Mississippi St,31.3,25.7,27,32,30.7,40.2
2016-17,75,Boise St,31.2,32.7,51,27.8,34.1,41.4
2016-17,76,Vanderbilt,30.8,37,46,29.6,31.7,30.6
2016-17,76,BYU,30.8,23.7,15,30.8,30.9,39.8
2016-17,78,Nebraska,30.8,38.7,42,28.9,33,35.2
2016-17,79,S Alabama,30.6,33,26,27.8,33,29.7
2016-17,80,Florida Atlantic,30.5,30,35,33.6,27.8,32.8
2016-17,81,Illinois,30.4,39.7,54,34,26,42.3
2016-17,82,Arkansas St,30.3,34.7,26,27.2,32.6,28.3
2016-17,83,Georgia,30.3,23,21,29.8,30.6,25.3
2016-17,84,UL Monroe,30.1,25.7,14,28.5,31,36.6
2016-17,85,Utah,30,31.3,24,29.8,30.1,27.1
2016-17,85,Nevada,30,28.7,23,31.8,28.5,25.6
2016-17,87,Washington,29.7,31,38,32.5,27.3,30.8
2016-17,88,Oklahoma,29.5,20.7,28,29.3,29.7,33.8
2016-17,89,Oregon St,29.4,24.3,20,27.7,31.4,29.2
2016-17,90,Tennessee,29.3,31.3,38,26.7,32,28.5
2016-17,91,UTSA,29.2,32.3,26,29,29.3,30
2016-17,92,Temple,29.1,31.3,49,22.7,34.6,31.4
2016-17,93,Old Dominion,28.8,27,20,28.2,29.1,37.4
2016-17,94,Michigan,28.5,30,38,28.6,28.2,31.9
2016-17,95,Alabama,28.2,22,32,36.2,22.3,30.1
2016-17,96,Rutgers,28.1,25,40,25.8,30.8,29.2
2016-17,97,Miami OH,28,26.7,31,30.4,26.3,31.9
2016-17,98,Penn St,27.9,28,29,25.9,30,31.1
2016-17,99,Wyoming,27.8,30.7,33,29.2,26.7,24.5
2016-17,100,UTEP,27.8,23.7,18,29,26.4,32.4
2016-17,101,S Florida,27.8,24.3,32,29.2,26.3,22.9
2016-17,102,Colorado St,27.7,20.7,36,26.4,28.6,29.7
2016-17,103,W Michigan,27.3,28,28,29.6,25.9,30.9
2016-17,104,Wake Forest,27.1,26.7,29,24.5,29.7,34.3
2016-17,105,Louisiana,26.8,17,22,29.6,24.9,34.3
2016-17,106,Maryland,26.1,27.3,35,25,26.9,33.3
2016-17,107,App State,25.7,27.7,33,23,28,22.4
2016-17,108,UNLV,25.5,25,22,24,26.8,31.8
2016-17,109,LSU,25.4,27.7,29,26.3,24.2,23.2
2016-17,110,Arizona,25.1,21.7,8,22,28.8,35.6
2016-17,111,Kentucky,24.8,30.7,34,24.3,25.3,32.3
2016-17,112,Minnesota,24.7,23.7,20,24.5,24.8,32.8
2016-17,112,Kansas St,24.7,17.3,20,18.8,28.9,27.3
2016-17,114,Pittsburgh,24.3,22,29,19.8,28.7,27.1
2016-17,115,Kent St,24,28.7,37,30.8,19.5,28.8
2016-17,116,Iowa,23.8,18.7,24,24.2,23.5,26.5
2016-17,117,Stanford,23.5,19.7,18,22,24.9,22.7
2016-17,118,Wisconsin,23.1,19,14,24,22.4,32.2
2016-17,119,Boston College,23,21.7,23,23,23,20.9
2016-17,120,Tulane,22.9,24.7,19,21.4,24.2,33.8
2016-17,121,Georgia So,22.6,28,21,26,20.7,9.8
2016-17,122,Auburn,22.3,22.7,27,22.7,21.6,22.8
2016-17,123,San Diego St,17.7,15.3,14,19.2,16.8,17.6
2016-17,124,New Mexico,13.3,9,6,10.2,15.6,17.6
2016-17,125,Georgia Tech,12.6,11.3,14,14.2,11,17
2016-17,126,Navy,11.8,12.3,12,8,14.3,9.7
2016-17,127,Air Force,11.6,7.7,10,9.6,13,12.5
2016-17,128,Army,9.3,5.3,4,14.3,7.4,8.2
2017-18,1,Washington St,55.4,58,50,52.8,58,51
2017-18,2,New Mexico St,49.2,54.7,54,47.6,50.3,38.4
2017-18,3,W Kentucky,45.5,47.7,40,49.4,42.7,34.5
2017-18,4,Syracuse,45.1,45,34,43.7,46.8,43.3
2017-18,5,E Carolina,44.5,51,54,40.5,49.4,47.4
2017-18,6,Arkansas St,43.4,48.7,58,39.8,45.4,30.3
2017-18,7,Texas Tech,42.2,46.7,59,45.2,40,52.9
2017-18,8,Indiana,41.9,45.3,60,39,44.3,35.1
2017-18,9,UCLA,41.2,40.7,34,41.7,40.7,41.2
2017-18,10,California,40.7,33.7,41,43.6,38.3,51.8
2017-18,11,Virginia,39.9,35.7,36,44.7,35.2,41.2
2017-18,12,Baylor,39.3,44.3,34,38.2,40.2,37.6
2017-18,13,Oklahoma St,38.7,43,32,42,35.9,35.8
2017-18,14,SMU,38.7,34,34,38.5,38.8,38.5
2017-18,15,Kansas,38.5,36.3,32,42.8,33.2,38.8
2017-18,16,Nebraska,38.3,39.7,42,38.1,38.4,30.8
2017-18,17,Texas,38.2,35.7,29,42.3,34.7,33.5
2017-18,18,N Texas,38.2,41.3,54,34.2,40.6,34.7
2017-18,19,Nevada,38,39,34,33.6,41.7,30
2017-18,20,NC State,37.8,37,29,36.4,38.9,34
2017-18,21,Purdue,37.7,40,53,29.2,45,46.6
2017-18,22,Memphis,37.7,30.7,33,30.1,48.2,36.4
2017-18,23,West Virginia,37.3,28,30,35.2,38.7,31.3
2017-18,24,UMass,37.1,37.3,49,38,36.3,35.9
2017-18,25,Cincinnati,36.9,31,28,37,36.8,38.1
2017-18,26,Iowa St,36.8,34,38,41.4,33.4,33.6
2017-18,27,Middle Tenn,36.4,37,35,31.2,40.9,41.9
2017-18,28,Hawai'i,36.3,34.7,38,34.6,37.7,32.2
2017-18,29,Duke,36.3,37.3,40,36.8,35.7,37.9
2017-18,29,E Michigan,36.3,31,27,34.6,37.4,41.3
2017-18,31,S Alabama,36.2,43,46,34.2,37.8,30.6
2017-18,32,Mississippi,35.5,30.7,22,34,37.4,41.2
2017-18,33,Georgia St,35.5,36,28,37.8,34.1,36.6
2017-18,34,Northwestern,35.4,18.3,21,36.6,34,36.8
2017-18,35,Penn St,35.2,40,41,30.1,41.2,27.9
2017-18,36,USC,35.1,32.3,45,35.7,34.4,35.6
2017-18,37,Louisville,34.9,27.3,31,33.4,36,33.5
2017-18,37,Colorado St,34.9,42.3,52,36.4,33.9,27.7
2017-18,37,Temple,34.9,33,28,41.6,30.1,29.1
2017-18,40,Buffalo,34.9,31.7,30,37.8,32.5,33
2017-18,41,Troy,34.8,35.7,31,35,34.7,38
2017-18,42,C Michigan,34.6,35,43,33.5,35.1,37
2017-18,43,UConn,34.5,38.3,51,36.6,32.8,32.5
2017-18,44,Texas A&M,34.4,41.7,63,34.5,34.3,35
2017-18,45,Vanderbilt,34.3,42,31,32,37,30.8
2017-18,45,North Carolina,34.3,41,45,36.7,31.4,36.8
2017-18,47,Houston,34.3,32,43,34.7,33.8,41.4
2017-18,48,Marshall,34.1,33,32,36.7,31.9,37.8
2017-18,49,Ball St,34,29.3,29,32.8,35,36.1
2017-18,50,Southern Miss,33.9,29.7,27,34.8,33.3,37.4
2017-18,51,UL Monroe,33.7,40,47,30.6,35.9,30.1
2017-18,52,Utah St,33.6,31.3,44,31.4,35.1,33.3
2017-18,53,Colorado,33.5,39.3,28,34.8,32.5,33.7
2017-18,54,Bowling Green,33.4,36,34,33.8,33.1,37
2017-18,55,Miami OH,33.3,30.3,27,31.6,34.7,28
2017-18,56,Wake Forest,33.3,37,49,31.6,34.4,27.1
2017-18,57,Missouri,33,33.7,34,30.7,35.3,37.2
2017-18,58,Clemson,32.9,36.3,37,32.5,33.3,42.4
2017-18,59,Utah,32.9,26,27,34.2,31.7,30
2017-18,60,Miami,32.8,30.3,26,31.1,35.2,33.8
2017-18,61,UCF,32.8,39.7,35,36.2,29.3,34.3
2017-18,62,Idaho,32.6,30.3,30,31.6,33.5,34.2
2017-18,63,Michigan St,32.6,22.3,22,34,31,32
2017-18,64,BYU,32.6,30.3,24,35.8,30.3,30.7
2017-18,65,San Jose St,32.4,28,29,29.8,34.3,31.7
2017-18,66,Akron,32.4,27.7,21,32.4,32.4,32.5
2017-18,67,Louisiana,32.1,30.3,26,33.8,31.1,26.8
2017-18,68,Louisiana Tech,32.1,25.3,27,32.8,31.3,37.2
2017-18,69,Boise St,32.1,37,43,31.4,32.7,31.2
2017-18,70,Arizona St,32,25.3,40,32.1,31.8,36.2
2017-18,71,Virginia Tech,31.8,33.3,42,33.6,30.6,31.4
2017-18,72,Texas St,31.5,33.7,21,39,25.2,33.9
2017-18,73,Ohio St,31.4,19.3,17,34.7,28,31.5
2017-18,74,N Illinois,31,25,28,27.2,33.7,33
2017-18,75,Oklahoma,30.9,26,36,30,31.6,29.5
2017-18,76,Fresno St,30.8,39.7,49,27.8,32.6,33
2017-18,76,TCU,30.8,38,41,30,31.3,37.8
2017-18,78,South Carolina,30.8,30,32,31.7,29.8,31.5
2017-18,79,Pittsburgh,30.7,26.3,29,29.7,32,24.3
2017-18,80,Oregon St,30.6,29.3,23,29.4,31.7,29.4
2017-18,81,S Florida,30.5,35.7,34,29.6,31.2,27.8
2017-18,82,Florida Intl,30.3,28.7,34,30.8,29.7,33.9
2017-18,83,Toledo,29.9,31.7,29,31,29.3,33
2017-18,84,Old Dominion,29.4,26.7,27,31,28,28.8
2017-18,85,Arkansas,28.9,27,30,24.7,34,32.3
2017-18,86,Florida,28.3,36,39,27.5,29.2,31.5
2017-18,87,Illinois,28.3,23.7,31,26.6,30.6,30.4
2017-18,88,Boston College,28.2,20.7,27,29.8,26.9,23
2017-18,89,UTSA,27.9,30.7,16,35.3,23,29.2
2017-18,90,App State,27.8,21,17,30,26.3,25.7
2017-18,91,UTEP,27.6,26,20,29.8,26,27.7
2017-18,92,Iowa,27.3,22.7,15,27.1,27.5,23.8
2017-18,93,Maryland,27.3,33.3,37,31.4,23.8,26.1
2017-18,94,Notre Dame,27.1,25,28,27.1,27,32.3
2017-18,95,Florida St,26.8,24.3,29,27.4,26.3,32.2
2017-18,96,Washington,26.7,27,29,25.5,27.8,29.7
2017-18,96,UAB,26.7,30,45,24.8,28,
2017-18,98,Michigan,26.6,34.3,45,25.3,27.7,28.5
2017-18,99,Auburn,26.5,34.7,43,23.7,29,22.3
2017-18,100,Mississippi St,26.4,25,20,27.2,25.7,31.3
2017-18,101,Wyoming,26.3,30,19,25.2,27.5,27.9
2017-18,102,Tennessee,26.3,26.3,22,23.7,29.4,29.3
2017-18,103,Stanford,25.9,23.7,27,25,26.5,23.5
2017-18,104,Charlotte,25.7,25.7,22,27,24.7,34.5
2017-18,105,W Michigan,25.6,25,29,23.6,27.3,27.3
2017-18,106,Coastal Car,25.5,23,17,23.2,27.5,
2017-18,107,Kentucky,25.5,27,39,25.2,25.8,24.8
2017-18,108,Florida Atlantic,25.3,26,26,28,22.2,30.5
2017-18,109,UNLV,25.3,27,23,27.6,23.3,25.5
2017-18,110,Ohio,25.3,25,22,24.2,26,32.3
2017-18,111,Tulsa,24.3,26,19,22.2,26.5,34.2
2017-18,112,Alabama,23.7,22.3,24,25,22.3,28.3
2017-18,112,Oregon,23.7,27.7,36,23.7,23.7,33.5
2017-18,114,LSU,23.5,26.3,33,25.4,22.1,25.4
2017-18,115,Arizona,23.4,27.3,26,23.2,23.6,25.1
2017-18,116,Rutgers,23.3,21,19,27.4,19.8,28.1
2017-18,117,Wisconsin,23.2,32,34,21.7,24.7,23.1
2017-18,118,Kansas St,21.2,17.3,17,22,20.3,24.7
2017-18,119,Tulane,20.5,25.3,31,20.6,20.5,22.9
2017-18,120,Rice,20.5,14.7,16,19.4,21.3,34.5
2017-18,121,New Mexico,20.4,17,30,18.4,22,13.3
2017-18,122,Georgia,19.8,22.7,29,18.8,20.5,30.3
2017-18,123,Kent St,19.8,24.3,19,28.5,14.9,24
2017-18,124,Minnesota,19.4,12,9,21.1,17,24.7
2017-18,125,San Diego St,19.1,18,10,23.8,14.3,17.7
2017-18,126,Georgia So,15.7,15,17,18,14.4,22.6
2017-18,127,Air Force,11.7,15.7,12,12.2,11.3,11.6
2017-18,128,Georgia Tech,11.2,10.3,9,9,13.4,12.4
2017-18,129,Navy,7.7,3.7,1,7,8.3,11.8
2017-18,130,Army,5.3,2.7,4,7.8,3.4,9.3
2018-19,1,Washington St,51,46.7,49,50.5,51.5,55.4
2018-19,2,E Carolina,45.6,28.7,25,48.7,42,44.5
2018-19,3,Texas Tech,45.5,38.3,37,49.4,42.2,42.2
2018-19,4,New Mexico St,44.8,58,54,40.5,47.3,49.2
2018-19,5,Colorado St,41.5,36.7,32,46.8,37.2,34.9
2018-19,6,Old Dominion,41.4,44,54,43.8,39.3,29.4
2018-19,7,Indiana,40.1,38,51,39.4,41,41.9
2018-19,8,Ohio St,40.1,36.3,37,36.6,43.6,31.4
2018-19,9,Ball St,40,37,36,43.8,36.8,34
2018-19,10,SMU,39.2,44.3,46,43,36,38.7
2018-19,11,Purdue,39.2,40.3,38,39.4,38.8,37.8
2018-19,12,Hawai'i,38.8,38.7,34,37.7,39.9,36.3
2018-19,13,Nevada,38.8,37,34,40.2,37.7,38
2018-19,14,North Carolina,38.6,38,40,34.3,41.5,34.3
2018-19,15,Michigan St,38.2,41.7,40,39.3,36.8,32.6
2018-19,16,Baylor,38.1,31.7,35,34.2,40.9,39.3
2018-19,17,Oklahoma St,37.9,43.7,45,36.7,39.2,38.7
2018-19,17,N Texas,37.9,35,34,38.8,37.3,38.2
2018-19,19,West Virginia,37.8,45,38,39.6,36.3,37.3
2018-19,20,NC State,37.8,35.3,32,38.5,37,37.8
2018-19,21,Northwestern,37.6,30.7,30,40.6,34.7,35.4
2018-19,22,Florida St,37.2,39,30,36.2,38.4,26.8
2018-19,23,Mississippi,36.9,37.3,25,35.7,38.4,35.5
2018-19,24,Liberty,36.8,28.7,31,35,38,60
2018-19,25,Duke,36.4,41.3,44,37.6,35.6,36.3
2018-19,26,Oregon St,36.3,36.7,39,34,38.2,30.6
2018-19,27,Louisiana Tech,36.3,42.3,31,35,36.9,32.1
2018-19,28,San Jose St,36.1,37.3,43,39,34.4,32.4
2018-19,29,Arkansas St,36,32.3,46,33.4,37.9,43.4
2018-19,29,Colorado,36,34.7,33,34,37.7,33.5
2018-19,31,Utah St,35.8,38,43,38.4,34,33.6
2018-19,32,Southern Miss,35.6,30.3,21,33.8,37.4,33.9
2018-19,33,Kent St,35.5,34.7,35,35.5,35.6,19.8
2018-19,34,Syracuse,35.5,33.3,30,36.8,34.6,45.1
2018-19,35,W Kentucky,35.5,32,23,34,36.3,45.5
2018-19,36,Houston,35.4,35,32,36.8,34.4,34.3
2018-19,37,Boise St,35.4,30,31,33.1,38,32.1
2018-19,38,UMass,34.8,36.3,32,38.2,32,37.1
2018-19,39,Middle Tenn,34.8,37,37,35.2,34.5,36.4
2018-19,40,Missouri,34.8,31.7,38,35.3,34.2,33
2018-19,41,Wake Forest,34.6,31,40,31.7,37.5,33.3
2018-19,42,Temple,34.2,32.3,46,33.2,34.9,34.9
2018-19,43,Texas,34,31,28,32.2,35.4,38.2
2018-19,44,Texas A&M,33.9,32.3,26,32.7,35.2,34.4
2018-19,44,South Carolina,33.9,38.7,39,32.7,35.2,30.8
2018-19,46,Nebraska,33.9,36.3,38,33.2,34.8,38.3
2018-19,47,Virginia Tech,33.8,30.3,31,35.5,32.2,31.8
2018-19,48,Louisville,33.8,24,16,34.2,33.4,34.9
2018-19,49,Clemson,33.8,32.3,32,34,33.6,32.9
2018-19,50,UTSA,33.7,33,33,34.7,32.7,27.9
2018-19,51,UCLA,33.6,34.7,47,34.7,32,41.2
2018-19,52,USC,33.5,39.7,51,35.2,31.8,35.1
2018-19,53,Arizona,33.4,31.7,39,31,36.2,23.4
2018-19,54,Bowling Green,33.1,23,18,33.6,32.7,33.5
2018-19,55,Marshall,32.8,29,26,32.8,32.9,34.1
2018-19,56,California,32.5,32.7,33,32.3,32.7,40.7
2018-19,56,Stanford,32.5,27.7,17,36.2,29.9,25.9
2018-19,58,Oregon,32.3,27,33,32.3,32.3,23.7
2018-19,59,Kansas,32.2,32.3,35,32.6,31.8,38.5
2018-19,60,S Florida,32.2,27.7,31,31.3,33,30.5
2018-19,60,Vanderbilt,32.2,36,38,32.8,31.5,34.3
2018-19,62,Notre Dame,32.2,37,34,28.2,35.6,27.1
2018-19,63,Fresno St,31.6,30,29,31,32,30.8
2018-19,64,C Michigan,31.5,32,43,27.4,34.8,34.6
2018-19,65,Iowa,31.4,27.3,31,28.2,34.7,27.3
2018-19,65,TCU,31.4,22.3,21,31.4,31.4,30.8
2018-19,67,Miami OH,31.3,24.3,17,32.2,30.5,33.3
2018-19,68,Akron,31.2,36,39,32,30.7,32.4
2018-19,69,Arkansas,31,32.7,25,33.5,28,28.9
2018-19,70,LSU,30.6,35.7,34,30,31.2,23.5
2018-19,70,Auburn,30.6,25.3,23,29.8,31.3,26.5
2018-19,72,Arizona St,30.5,31.3,31,31.3,29.9,32
2018-19,73,Florida Atlantic,30.4,29.3,28,30.8,30,25.3
2018-19,73,UL Monroe,30.4,28.3,24,30.8,30.1,33.7
2018-19,75,Florida Intl,30.3,32.3,27,31.3,29.3,30.3
2018-19,76,W Michigan,30.3,33.7,37,29.8,30.6,25.6
2018-19,76,Toledo,30.3,29,38,28.3,32.2,29.9
2018-19,78,E Michigan,30.1,25.3,26,30,30.1,36.3
2018-19,79,Buffalo,30,30.7,35,27.2,31.8,34.9
2018-19,80,UNLV,29.7,23.7,23,29,30.3,25.3
2018-19,81,Georgia St,29.5,25,33,29,29.8,35.5
2018-19,81,UConn,29.5,33,26,29.8,29.2,34.5
2018-19,83,Alabama,29.4,32.7,36,28,30.5,24.2
2018-19,84,Rutgers,29.3,18,18,30.9,27,23.3
2018-19,85,Penn St,29.2,32,35,28.9,29.5,35.2
2018-19,86,UCF,29.1,27.7,31,30,27.8,32.8
2018-19,87,Cincinnati,29,32.7,32,28,29.7,36.9
2018-19,88,Boston College,28.8,33,37,29,28.6,28.2
2018-19,89,Memphis,28.8,30.7,29,26.8,30.4,37.7
2018-19,90,BYU,28.8,25.7,19,34.6,24.6,32.6
2018-19,91,Rice,28.7,21.3,14,29,28.4,20.5
2018-19,92,Oklahoma,28.6,32.7,37,26.7,30.6,30.9
2018-19,92,N Illinois,28.6,27.7,29,27.6,29.2,30.8
2018-19,94,Utah,28.2,33.3,45,30,27,32.9
2018-19,95,Iowa St,28,27.7,27,28.7,27.3,36.8
2018-19,96,Troy,27.8,35,44,25.4,29.6,34.8
2018-19,97,Illinois,27.7,31.3,39,27.6,27.8,28.3
2018-19,98,Washington,27.7,34.3,55,25,29.4,26.7
2018-19,99,Virginia,27.7,29.3,31,24,30.3,39.9
2018-19,100,S Alabama,27.5,21.3,13,24.4,30,36.2
2018-19,101,Texas St,27.4,26.7,27,28.6,26.3,31.5
2018-19,102,Miami,27.1,25,17,25,28.6,32.9
2018-19,103,Michigan,26.8,34.3,37,23,31.2,26.6
2018-19,104,Florida,26.7,24,24,28.4,25.3,28.4
2018-19,105,Tulsa,26.6,27.3,28,23.2,29.5,24.3
2018-19,105,UTEP,26.6,32,23,26.2,27,27.6
2018-19,107,Minnesota,26.6,20.3,13,28.3,24.7,19.4
2018-19,108,Charlotte,25.7,19.3,16,24.2,27,25.7
2018-19,109,Tennessee,25.5,24.7,33,21.8,30,26.3
2018-19,110,Georgia,25.4,31.3,35,22.5,27.9,20.7
2018-19,111,Louisiana,24.5,22.7,25,23.4,25.1,32.1
2018-19,112,App State,24.3,21,26,20.6,27,27.8
2018-19,113,Mississippi St,24.1,22.7,32,22.7,25.5,26.4
2018-19,114,UAB,23.9,22.7,29,22.2,25,26.7
2018-19,115,New Mexico,23.9,16.3,17,24.8,23.2,20.4
2018-19,116,Kansas St,23.8,23.7,27,21.8,26.2,21.2
2018-19,117,San Diego St,23.7,23.3,26,23.5,23.8,19.1
2018-19,118,Tulane,23.6,23.7,18,27.6,20.7,20.5
2018-19,119,Wisconsin,23.4,22.7,11,24.9,21.7,23.2
2018-19,120,Ohio,23.1,21,22,21.4,24.3,25.2
2018-19,121,Pittsburgh,22.5,23,29,18.2,25.3,30.7
2018-19,122,Coastal Car,22.5,29.3,33,24.2,21,25.5
2018-19,123,Kentucky,22.1,17.7,15,18.8,25.3,25.5
2018-19,124,Wyoming,21.3,18,17,21.4,21.2,26.3
2018-19,125,Maryland,20.1,20.7,23,19,21.2,27.3
2018-19,126,Air Force,14.5,10.3,16,13.4,15.5,11.7
2018-19,127,Navy,9.6,11.7,17,8.8,10,7.8
2018-19,128,Georgia So,9.2,8,7,9.2,9.1,15.7
2018-19,129,Georgia Tech,9,11.3,12,8.8,9.1,11.1
2018-19,130,Army,7.8,6,4,6.3,8.7,5.3
2019-20,1,Washington St,55.7,58,42,58.6,53.6,51
2019-20,2,Purdue,43.3,48.3,50,42.1,45,39.2
2019-20,3,Texas Tech,43.3,47,58,45.4,41.5,45.5
2019-20,4,Hawai'i,43.1,41.3,47,44.6,41.6,38.8
2019-20,5,San Jose St,42.5,45,34,39.8,44.7,36.1
2019-20,6,Troy,42,44,46,44.2,40.2,27.8
2019-20,7,Pittsburgh,39.7,36,39,40.5,38.8,22.5
2019-20,8,South Carolina,39.5,43.7,27,39.2,40,33.9
2019-20,9,USC,39.5,43.3,48,40.2,39,33.5
2019-20,10,NC State,39.1,35.7,30,34.8,44.2,37.8
2019-20,11,SMU,38.6,35,49,36.5,40.4,39.2
2019-20,12,E Carolina,38.6,46.7,48,42,36.3,45.6
2019-20,13,Utah St,38.3,40.3,39,39.4,37.4,35.8
2019-20,14,LSU,38.1,43,49,35.3,40.3,30.6
2019-20,15,Nevada,37.8,45,50,42.8,34.3,38.8
2019-20,16,N Texas,37.8,33.7,34,40.4,35.7,37.9
2019-20,17,Colorado St,37.5,37.3,40,39.6,35.8,41.5
2019-20,18,West Virginia,37.5,34.3,35,42,33.7,37.8
2019-20,18,Texas St,37.5,37.3,34,39,36.2,27.4
2019-20,20,Virginia,37.2,40.7,41,32.3,41.3,27.7
2019-20,21,New Mexico St,37.1,33.7,35,37.5,36.9,44.8
2019-20,22,Tulsa,37,33,30,40.3,33.7,26.6
2019-20,22,Stanford,37,44,47,36.1,38.2,32.5
2019-20,24,Iowa St,36.8,34.7,32,40.3,33.3,28
2019-20,25,Florida,36.6,41,39,40.3,34.6,26.7
2019-20,26,Arkansas St,36.3,38,52,34.2,37.9,36
2019-20,27,Liberty,36.3,37,35,34.3,37.4,36.8
2019-20,28,Texas,36.2,28,19,36.8,35.6,34
2019-20,29,Louisiana Tech,36.1,32.3,28,34.4,37.3,36.3
2019-20,30,Indiana,36,34.3,34,30.8,39.7,40.1
2019-20,30,BYU,36,41,41,33.8,37.6,28.8
2019-20,32,W Kentucky,35.8,37.7,52,32.4,38.3,35.5
2019-20,33,Arizona,35.8,31.7,38,33.6,37.7,33.4
2019-20,34,Wake Forest,35.8,36.7,29,39,32.5,34.6
2019-20,35,Oregon St,35.7,38.7,41,38.6,33.3,36.3
2019-20,36,Michigan St,35.7,36.7,38,38.1,32.8,38.2
2019-20,36,Florida Atlantic,35.7,32.7,39,34.7,36.6,30.4
2019-20,38,E Michigan,35.5,37.3,51,34.8,35.9,30.1
2019-20,38,UCLA,35.5,44.3,48,33.5,37.5,33.6
2019-20,38,Temple,35.5,35.3,32,33.3,37.7,34.2
2019-20,41,UCF,34.9,39.3,31,34.4,35.3,29.1
2019-20,42,UL Monroe,34.8,35.3,37,34.8,34.8,30.4
2019-20,43,North Carolina,34.7,37.7,35,29.8,38.1,38.6
2019-20,44,Clemson,34.4,33,37,33.2,35.4,33.8
2019-20,45,Texas A&M,34.3,31.7,19,35.2,33.3,33.9
2019-20,45,Colorado,34.3,28,26,38.2,30.3,36
2019-20,47,Southern Miss,34.2,41.7,45,31.3,35.6,35.6
2019-20,48,Syracuse,33.8,26.7,39,36.6,31.5,35.3
2019-20,48,Arkansas,33.8,28.3,31,34.3,33.2,31
2019-20,50,Florida St,33.6,26.7,29,34.7,32.5,37.2
2019-20,51,C Michigan,33.5,31.7,30,25.4,38.6,31.5
2019-20,52,Miami,33.5,35,34,31.8,34.7,27.1
2019-20,53,UMass,33.2,32.7,30,33.2,33.2,34.8
2019-20,54,Akron,33.2,28.3,27,34,32.3,31.2
2019-20,55,Boise St,32.9,34.7,37,31.7,34,35.4
2019-20,56,UConn,32.8,32.7,36,35.4,30.7,29.5
2019-20,57,Kansas,32.7,40.7,32,27.8,38.6,32.2
2019-20,57,UNLV,32.7,26.7,22,35.6,30.3,29.7
2019-20,59,Alabama,32.6,31,25,31.5,33.7,29.4
2019-20,60,W Michigan,32.3,34.3,36,24.6,37.9,30.3
2019-20,61,Old Dominion,32.3,44.7,38,31,33.3,41.4
2019-20,61,Vanderbilt,32.3,27,36,30.5,34.4,32.2
2019-20,63,Notre Dame,32,33,28,32.4,31.5,32.2
2019-20,64,Missouri,31.9,30.3,23,31.8,32,34.8
2019-20,65,TCU,31.8,33.3,37,31.8,31.8,31.4
2019-20,66,Memphis,31.8,39.7,53,29.7,33.6,28.8
2019-20,67,Iowa,31.6,29.3,28,32.4,30.7,31.3
2019-20,68,Michigan,31.5,37.3,37,29.6,33.8,26.7
2019-20,69,Baylor,31.3,36.3,50,31.3,31.3,38.1
2019-20,70,Washington,31.1,30,33,31,31.2,27.7
2019-20,71,Oregon,30.9,25.7,21,31.8,30.1,32.3
2019-20,72,Florida Intl,30.8,35.7,39,24.5,37.2,30.3
2019-20,73,Middle Tenn,30.6,30.3,33,25.4,35,34.8
2019-20,73,N Illinois,30.6,22.3,12,22.5,35.3,28.6
2019-20,75,San Diego St,30.6,32,31,35.2,27.3,23.7
2019-20,76,Duke,30.4,29.3,25,32.2,28.8,36.4
2019-20,77,Auburn,30.3,36,27,33.8,26.8,30.6
2019-20,78,Fresno St,30.1,30.3,27,30.6,29.7,31.6
2019-20,78,Ball St,30.1,30,40,28,31.8,40
2019-20,80,Georgia,30,35,30,29.2,30.7,25.4
2019-20,81,UTSA,29.9,38,44,30.4,29.5,33.7
2019-20,82,Arizona St,29.7,26.7,28,32.5,26.8,30.5
2019-20,83,Louisiana,29.5,31.7,26,26.6,31.4,24.5
2019-20,84,Georgia St,29,27,27,30.6,27.9,29.5
2019-20,85,Ohio St,28.9,35,46,27.1,30.7,40.1
2019-20,86,Tennessee,28.4,30.7,34,27,30.4,25.5
2019-20,87,Maryland,28.4,22,28,26.4,30,20.1
2019-20,88,UTEP,28.2,38.3,36,26.8,29.3,26.6
2019-20,89,California,28.1,30,31,27.4,28.6,32.6
2019-20,90,Illinois,28.1,31.7,38,24.3,32.5,27.7
2019-20,91,Toledo,28,34,30,26.2,29.5,30.3
2019-20,92,Kent St,27.8,25.3,27,32.8,25.3,35.5
2019-20,93,Penn St,27.7,21,20,24,31.3,29.2
2019-20,94,Coastal Car,27.6,25.3,22,32.8,23.3,22.5
2019-20,95,Oklahoma St,27.5,29.7,28,26.6,28.1,37.9
2019-20,96,Mississippi,27.3,24,26,27.5,27,36.9
2019-20,97,Bowling Green,27.1,26.3,18,28.6,25.8,33.1
2019-20,98,Oklahoma,27,25,34,25.2,28.1,28.6
2019-20,99,Cincinnati,26.9,33.3,31,27,26.9,29
2019-20,100,Nebraska,26.9,25.3,23,23.6,31.6,33.9
2019-20,101,S Florida,26.8,22.7,22,28.5,24.8,32.2
2019-20,102,Marshall,26.6,21,25,28.2,25,32.8
2019-20,102,Rice,26.6,22.7,17,29.5,23.7,28.7
2019-20,104,App State,26.5,25.7,25,26.8,26.3,24.3
2019-20,105,New Mexico,26.4,20,21,24.8,27.7,23.9
2019-20,106,Tulane,26.2,27.3,18,23.2,28.3,23.6
2019-20,107,Northwestern,26,11.7,10,24.4,28.2,37.6
2019-20,107,Ohio,26,23,17,31,22.4,23.1
2019-20,109,Houston,25.9,23.3,35,30,23.6,35.4
2019-20,110,Minnesota,25.4,30,30,23.3,27.5,26.6
2019-20,111,Wisconsin,25.1,30.3,35,23.4,26.7,23.4
2019-20,112,Miami OH,24.5,25.7,31,21,26.1,31.3
2019-20,113,UAB,24.5,22,34,23.2,25.3,23.9
2019-20,114,Virginia Tech,24.5,22,22,21.2,27.2,33.8
2019-20,115,Charlotte,24.3,19.7,24,25.6,23.4,25.7
2019-20,116,Boston College,24.1,19.7,19,28.6,20.9,28.8
2019-20,117,S Alabama,23.9,23.7,31,21.2,26.2,27.5
2019-20,118,Mississippi St,23.8,20.3,26,22.2,25.3,24.1
2019-20,119,Louisville,23.4,21.3,25,23.6,23.3,33.8
2019-20,119,Kansas St,23.4,18,14,25.8,21,23.8
2019-20,121,Georgia Tech,23.3,20.3,21,21.2,25.8,9
2019-20,122,Rutgers,23.2,24.3,27,25.3,20.2,29.3
2019-20,123,Utah,22.7,23,23,21.8,23.4,28.2
2019-20,124,Buffalo,22.3,17.3,17,19.6,24.3,30
2019-20,125,Kentucky,20.5,10,13,18,24,22.1
2019-20,126,Wyoming,20.3,19.7,26,15.4,23.9,21.3
2019-20,127,Georgia So,12.2,18.3,19,8.8,14.6,9.2
2019-20,128,Air Force,10.4,9.7,12,6.8,13,14.5
2019-20,129,Army,10.2,7.7,6,12.8,8.7,7.8
2019-20,130,Navy,7.8,4.7,9,8.6,7.3,9.6
2020-21,1,Mississippi St,50.6,39.7,30,47,53.7,23.8
2020-21,2,USC,44.2,44,52,46.7,41.7,39.5
2020-21,3,Purdue,43.5,41.7,47,45.8,39,43.3
2020-21,4,Arkansas St,42.3,36.7,32,42,42.5,36.3
2020-21,5,LSU,42.1,44,51,40.8,43,38.1
2020-21,6,Clemson,42.1,36.3,48,45,39.7,34.4
2020-21,7,Troy,41.8,39.7,55,47,38.3,42
2020-21,8,UCF,41.5,43.3,45,41,41.8,34.9
2020-21,9,Fresno St,41.3,48.7,43,33.5,45.3,30.1
2020-21,10,West Virginia,40.7,36.3,42,36.5,44,37.5
2020-21,11,Nevada,39.9,38.3,28,48,33.4,37.9
2020-21,12,Pittsburgh,39.7,43,34,39.8,39.6,39.7
2020-21,13,Florida,39.4,44.3,45,36.6,41.4,36.6
2020-21,14,Memphis,39,36,34,41.6,36.4,31.7
2020-21,15,Virginia,38.9,32.3,47,36.6,41.8,37.2
2020-21,16,SMU,38.8,40.7,51,40,38.2,38.6
2020-21,17,Texas Tech,38.4,36.7,26,35.2,42.5,43.3
2020-21,18,UL Monroe,38.3,37,35,42.8,33.8,34.8
2020-21,19,Washington St,38,39.7,41,39,37.7,55.7
2020-21,20,Arizona,37.8,38,46,38,37.5,35.8
2020-21,21,Houston,37.1,39.3,43,33.5,40.8,25.9
2020-21,22,Stanford,36.8,35.7,47,56,33,37
2020-21,22,N Illinois,36.8,37.7,37,35.3,38.3,30.6
2020-21,24,Baylor,36.8,43,34,33.5,39.4,31.3
2020-21,25,Toledo,36.5,39,33,35,38,28
2020-21,25,Indiana,36.5,30.3,45,36.7,36.4,36
2020-21,27,Missouri,36.3,40,39,37.7,34.3,31.9
2020-21,28,Wake Forest,36.1,46,52,27.3,41.4,35.8
2020-21,29,S Florida,36,38.3,47,40.3,33.4,26.8
2020-21,29,San Jose St,36,42.7,46,35.7,36.2,42.5
2020-21,31,Louisiana Tech,35.7,35.3,39,36,35.5,36.1
2020-21,32,Duke,35.5,34.7,26,32.4,38.2,30.4
2020-21,33,Michigan,35.5,34,28,35.3,35.7,31.5
2020-21,34,Boston College,35.5,37.3,46,36,34.8,24.1
2020-21,35,Rutgers,35,31,22,33.4,37,23.2
2020-21,35,Hawai'i,35,33,23,40,28.8,43.1
2020-21,37,Michigan St,34.6,34,39,33.3,36.3,35.7
2020-21,38,Middle Tenn,34.6,33.7,23,32,35.8,30.6
2020-21,39,Miami,34.5,35.3,48,33.4,35.5,33.5
2020-21,40,Texas,34.5,28.3,28,32.2,36.8,36.2
2020-21,40,California,34.5,34.7,32,31,38,28.1
2020-21,42,Temple,34.3,26,23,31.7,36.3,35.5
2020-21,43,Penn St,34.1,26.3,27,36.4,31.3,27.7
2020-21,44,Tulsa,34,33.7,46,41,30.5,37
2020-21,45,Texas St,33.8,34.3,26,36.8,30.7,37.5
2020-21,46,N Texas,33.6,32.3,37,34.8,32,37.8
2020-21,47,Mississippi,33.5,36.3,45,31.8,35.2,27.3
2020-21,48,Vanderbilt,33.4,32.7,39,33.2,33.8,32.3
2020-21,49,NC State,33.3,35.7,40,30.3,36.3,39.1
2020-21,50,Oregon St,33.3,33.7,33,34.2,31,35.7
2020-21,51,E Michigan,33.2,32,29,35,31.3,35.5
2020-21,52,Auburn,32.9,33,43,26.4,38.3,30.3
2020-21,53,Florida St,32.9,30,21,31.5,34.3,33.6
2020-21,54,Alabama,32.7,39.3,45,29,35,32.6
2020-21,55,UNLV,32.7,31.7,40,33,32.3,32.7
2020-21,56,Oklahoma,32.6,29,25,32.3,32.8,27
2020-21,57,E Carolina,32.6,24.3,30,30.5,34.2,38.6
2020-21,58,S Alabama,31.9,36.7,37,32.8,30.8,23.9
2020-21,59,BYU,31.8,34,35,33,30.4,36
2020-21,60,Maryland,31.8,31.7,33,34,30.3,28.4
2020-21,61,Boise St,31.7,34,41,33.3,30.5,32.9
2020-21,62,Northwestern,31.6,28,35,28.5,34,26
2020-21,63,Kent St,31.5,32.3,35,28,35,27.8
2020-21,64,Kansas,31.4,32,29,31,31.8,32.7
2020-21,65,Ball St,31.4,28,19,30,32.2,30.1
2020-21,66,W Kentucky,31.3,28.3,33,29.8,32.1,35.8
2020-21,67,Utah,31.2,33,40,33.7,27.5,22.7
2020-21,68,Iowa St,31.1,30.7,29,29.2,33,36.8
2020-21,69,Iowa,31,27.7,25,33.8,28.3,31.6
2020-21,69,Oklahoma St,31,35.3,40,28.4,33.2,27.5
2020-21,69,UTEP,31,27.7,26,26,32,28.2
2020-21,72,New Mexico,30.7,22.7,18,18,32.8,26.4
2020-21,73,Georgia St,30.7,32.7,31,30,31.4,29
2020-21,74,Georgia,30.6,27.7,39,31,30.4,30
2020-21,75,Syracuse,30.5,30.3,30,33.7,26.8,33.8
2020-21,76,UTSA,30.4,22,21,34,27.3,29.9
2020-21,77,Texas A&M,30.2,27,26,31,29.7,34.3
2020-21,78,Notre Dame,30.2,35.7,42,28.7,31.7,32
2020-21,79,Cincinnati,29.9,32.7,37,29.8,30,26.9
2020-21,80,Charlotte,29.8,31.3,35,29,30.3,24.3
2020-21,81,North Carolina,29.8,26,31,31.8,28.2,34.7
2020-21,82,Colorado,29.7,30.7,33,33.7,25.7,34.3
2020-21,83,South Carolina,29.5,27.3,27,29.2,29.8,39.5
2020-21,84,Colorado St,29,27.7,28,26,30,37.5
2020-21,85,Wisconsin,28.9,27.7,20,26.7,30.5,25.1
2020-21,86,C Michigan,28.7,30,24,30.7,26.7,33.5
2020-21,86,Liberty,28.7,30.7,29,31.5,26.4,36.3
2020-21,88,Nebraska,28.6,29.3,28,26.7,29.8,26.9
2020-21,89,UCLA,28.6,27.7,23,26.3,31.7,35.5
2020-21,90,Louisville,28.5,29.3,23,31.2,25.4,23.4
2020-21,91,Tennessee,28.5,29.7,20,26.2,30.8,28.4
2020-21,92,Arkansas,28.4,25.7,17,28.2,28.6,33.8
2020-21,93,Miami OH,28.3,28.3,27,32,26.5,24.5
2020-21,93,Utah St,28.3,26,32,27.3,30.5,38.3
2020-21,95,Georgia Tech,28.3,28.7,36,26.3,31.3,23.3
2020-21,96,Southern Miss,28.2,24,19,30.5,23.7,34.2
2020-21,97,Ohio St,28.1,29.3,33,26.3,29.2,28.9
2020-21,98,Louisiana,28.1,25.3,23,30.3,26.9,29.5
2020-21,99,Marshall,28,27,22,30.7,22.7,26.6
2020-21,100,Washington,27.8,29,23,27.8,,31.1
2020-21,100,Florida Intl,27.8,30.3,37,27,28.5,30.8
2020-21,102,TCU,27.3,18.3,14,29.3,24.3,31.8
2020-21,103,Oregon,27.3,24.3,28,28,27,30.9
2020-21,104,Rice,26.6,27,33,34,21.7,26.6
2020-21,105,Minnesota,26.3,26,26,28.7,24.5,25.4
2020-21,106,UAB,26.3,21,22,28,25.2,24.5
2020-21,107,Tulane,26.1,25.3,25,27.4,25.1,26.2
2020-21,108,W Michigan,26,29.3,38,26.3,25.7,32.3
2020-21,109,Florida Atlantic,25.8,32.3,35,22.3,28.6,35.7
2020-21,110,App State,25.6,22.3,17,24.2,26.8,26.5
2020-21,111,San Diego St,25.4,27.7,31,23,27.8,30.6
2020-21,112,UMass,25,26.3,23,,25,33.2
2020-21,112,Bowling Green,25,25,27,23.5,26,27.2
2020-21,114,Kansas St,24.7,21.3,27,25.8,23.6,23.4
2020-21,115,Akron,24.7,23.7,27,25.3,24,33.2
2020-21,116,Coastal Car,24.5,25.3,32,23.6,25.3,27.6
2020-21,117,Illinois,24.3,26.3,22,28.3,21.8,28.1
2020-21,118,Virginia Tech,23.2,22.3,22,21.7,25,24.5
2020-21,119,Buffalo,22.4,26.3,27,19.3,24.8,22.3
2020-21,120,Wyoming,22.3,17.3,21,19.5,23.8,20.3
2020-21,121,Kentucky,21.9,21.7,20,22,21.8,20.5
2020-21,122,Arizona St,21.8,21.3,15,36,17,29.7
2020-21,123,Ohio,18,18,15,16,22,26
2020-21,124,Georgia So,13.3,14,12,13,13.7,12.2
2020-21,125,Navy,12.4,10.3,7,10.4,14.4,7.8
2020-21,126,Air Force,10.2,9.3,14,7,13.3,10.4
2020-21,127,Army,6.2,3,6,2.6,10.8,10.2
2020-21,128,New Mexico St,,,,,,37.1
2020-21,128,UConn,,,,,,32.8
2020-21,128,Old Dominion,,,,,,32.3
2021-22,1,Mississippi St,54.8,56,53,51.8,57.8,50.6
2021-22,2,W Kentucky,50.9,51.7,47,50.4,51.3,31.3
2021-22,3,Virginia,47.5,44.3,48,45,50.4,38.9
2021-22,4,Purdue,44.3,40,48,43.2,45.3,43.5
2021-22,5,Arkansas St,44.2,45,37,41,46.8,42.3
2021-22,6,New Mexico St,44.1,33.3,34,39.5,46.7,
2021-22,7,Nevada,43.8,31.3,23,49.8,39.4,39.9
2021-22,8,USC,41.7,40.7,39,43.1,39.6,44.2
2021-22,9,Fresno St,40.3,36.3,41,37.6,42.3,41.3
2021-22,10,Miami,39.9,44,52,37,43.4,34.6
2021-22,11,Pittsburgh,39.2,31.7,23,43.5,35.6,39.7
2021-22,12,SMU,39.2,43.7,47,44.8,34.5,38.8
2021-22,13,Alabama,38.6,43,57,35,41.4,32.7
2021-22,14,Maryland,38.1,29.3,25,40.8,35.3,31.8
2021-22,15,Ohio St,38,46.3,47,36.9,39.3,28.1
2021-22,16,Penn St,37.9,33.7,35,34.7,41.2,34.1
2021-22,17,Wake Forest,37.7,39,39,37.6,37.8,36.1
2021-22,18,Memphis,37.5,38.7,42,31.5,44.8,39
2021-22,19,NC State,36.9,38,31,33,41.6,33.4
2021-22,20,Arizona,36.5,38.7,39,32,40.3,37.8
2021-22,21,Hawai'i,36.4,31.7,31,34.2,38,35
2021-22,21,Middle Tenn,36.4,43.7,41,29.8,39.8,34.4
2021-22,23,Auburn,36.3,31.7,37,35.5,37.2,32.9
2021-22,24,E Michigan,36.1,34.3,44,39.2,33.9,33.2
2021-22,25,Marshall,36,31,26,39,33.9,28
2021-22,25,E Carolina,36,39,39,31.6,39.7,32.6
2021-22,27,Utah St,35.9,33,31,36.8,35.4,28.3
2021-22,28,Washington St,35.2,32.3,42,34.2,36.2,38
2021-22,29,Louisiana Tech,35,30,37,32,37.5,35.7
2021-22,30,Troy,34.9,38,38,32.4,37,41.8
2021-22,31,C Michigan,34.8,26.7,30,35.6,34.3,28.7
2021-22,31,Iowa St,34.8,39.7,39,34.4,35.1,31.1
2021-22,33,Notre Dame,34.8,43.3,68,32.3,37.7,30.2
2021-22,34,S Alabama,34.7,37,41,32.8,36.3,31.9
2021-22,35,West Virginia,34.6,32.3,31,35.4,34,40.7
2021-22,36,Missouri,34.5,28.7,34,33.3,35.7,36.3
2021-22,37,Bowling Green,34.5,30.7,37,33.8,35,25
2021-22,38,Ball St,34.3,38.7,46,33.6,34.9,31.4
2021-22,39,Duke,34.3,37.7,35,37.7,30.2,35.5
2021-22,40,Boise St,34.2,33,42,33.5,34.8,31.7
2021-22,41,LSU,33.8,27.7,11,36.3,31.3,42.1
2021-22,42,San Jose St,33.8,41.3,43,30,37,36
2021-22,43,Charlotte,33.6,43,46,35.6,32,29.8
2021-22,43,Indiana,33.6,30.3,30,34,33.3,36.5
2021-22,45,Miami OH,33.5,34,31,28.3,36.1,28.3
2021-22,46,UConn,33.4,36.7,35,34,33,
2021-22,47,Vanderbilt,33.2,35,32,30,37,33.4
2021-22,48,Houston,33.1,33.3,41,33,33.1,37.1
2021-22,49,Washington,33,40,31,32.8,33.2,27.8
2021-22,50,Florida Intl,32.7,26.3,24,34.2,31.5,27.8
2021-22,51,Old Dominion,32.5,25.7,28,35,30.7,
2021-22,52,Mississippi,32.3,34.7,34,29.7,35,33.5
2021-22,53,UTSA,31.9,31.7,38,32.5,31.4,30.4
2021-22,54,Texas A&M,31.8,35,35,28.8,35.4,30.2
2021-22,55,Tulsa,31.8,32.3,34,27.6,34.7,34
2021-22,55,Florida,31.8,33.7,37,29.8,33.1,39.4
2021-22,57,Northwestern,31.7,25.3,25,32.4,31.2,31.6
2021-22,58,Colorado St,31.5,33.3,30,29.8,33,29
2021-22,58,California,31.5,27,21,29,33.7,34.5
2021-22,60,Oklahoma St,31.4,42.7,51,28.3,34,31
2021-22,61,Texas St,31.4,32.7,26,35.4,28,33.8
2021-22,61,Buffalo,31.4,31.3,39,26.2,35.7,22.4
2021-22,63,Clemson,31.2,24,33,32.2,30.4,42.1
2021-22,64,Tulane,31.1,29.7,34,30.8,31.3,26.1
2021-22,65,Stanford,31.1,30.3,25,32,30.2,37
2021-22,66,Michigan St,31,39.3,50,28.6,32.7,34.6
2021-22,66,Florida Atlantic,31,38,50,32.8,29.5,25.8
2021-22,66,Toledo,31,29.3,39,35.8,27.6,36.5
2021-22,69,N Texas,30.7,21,32,30.2,31,33.6
2021-22,70,Oklahoma,30.5,28.3,27,31.2,29.8,32.6
2021-22,70,Texas Tech,30.5,28,28,32.4,29.1,38.4
2021-22,72,Rutgers,30.4,30.3,33,33.4,28.3,35.1
2021-22,73,Temple,29.9,28,22,31.2,28.8,34.3
2021-22,73,Akron,29.9,31.3,30,26.2,33,24.7
2021-22,75,S Florida,29.8,32,30,30.6,29.2,36
2021-22,76,Kent St,29.7,29.3,28,32,28.7,31.5
2021-22,77,App State,29.5,29.7,35,29.8,29.4,25.6
2021-22,78,BYU,29.3,28,23,31.4,27.9,31.8
2021-22,78,Liberty,29.3,36.7,26,35.2,25.1,28.7
2021-22,80,Oregon,29.3,30.7,40,27,31.3,27.3
2021-22,81,North Carolina,29.3,26.7,21,28,30.5,29.8
2021-22,82,Rice,29.2,38,26,30.2,28.3,26.6
2021-22,83,UL Monroe,29,32.7,34,29.2,28.8,38.3
2021-22,84,W Michigan,28.9,23,14,28.2,29.4,26.2
2021-22,85,Iowa,28.9,31.7,30,27.6,30.1,31
2021-22,86,Cincinnati,28.8,25.7,32,25,32.1,29.9
2021-22,87,Texas,28.8,34.3,24,28.3,29.3,34.5
2021-22,87,UCF,28.8,28,25,29.7,28,41.5
2021-22,89,Georgia Tech,28.8,24.3,16,26,31.2,28.3
2021-22,90,Utah,28.6,23.7,24,24.8,31,31.2
2021-22,90,Louisiana,28.6,29.3,32,30.7,26.9,28.2
2021-22,92,Tennessee,28.5,29.3,41,29,27.8,28.5
2021-22,92,UTEP,28.5,32,27,28.6,28.4,31
2021-22,94,Nebraska,28.4,29.3,22,25.2,32.2,28.6
2021-22,95,Michigan,28.2,28,36,20.7,35.7,35.5
2021-22,96,UNLV,28,25.7,18,26.2,29.5,32.7
2021-22,96,Louisville,28,24.7,21,26.2,29.8,28.5
2021-22,98,UCLA,27.9,25.7,28,27.9,28,28.6
2021-22,99,Florida St,27.8,31,33,30.3,24.8,32.9
2021-22,100,South Carolina,27.8,24,15,29.2,26.3,29.5
2021-22,101,Kentucky,27.6,27.3,28,28.3,26.8,22.1
2021-22,102,UMass,27.3,21,23,29,26.2,25
2021-22,103,Illinois,26.9,23.3,24,26.3,27.8,24.3
2021-22,104,Oregon St,26.8,29,30,21.2,30.9,33.3
2021-22,105,Kansas,26.5,31,32,26,27,31.4
2021-22,106,Ohio,26.5,27,24,32.8,21.2,18
2021-22,107,Georgia,26.4,35,26,23.6,28,30.6
2021-22,108,Baylor,26.1,26.3,17,27.3,25,36.8
2021-22,109,TCU,26,21,26,28.5,23,27.3
2021-22,110,San Diego St,25.8,33.3,36,28.6,22.5,25.4
2021-22,111,N Illinois,25.5,19.3,33,22.6,27.3,36.8
2021-22,112,Coastal Car,24.8,28,30,25.7,24,24.5
2021-22,113,Boston College,24.7,18.7,12,23.4,25.8,35.5
2021-22,114,Arizona St,24.6,20.7,21,25.3,23.8,21.8
2021-22,115,Arkansas,24.3,23.7,20,24.2,24.5,28.4
2021-22,116,Kansas St,24.2,23.7,28,24.5,23.8,24.7
2021-22,117,Georgia St,23.9,21.3,21,22.8,24.9,30.7
2021-22,118,Virginia Tech,23.9,21,19,25.2,22.7,23.1
2021-22,119,Southern Miss,23.9,10,10,21.8,25.7,28.2
2021-22,120,Syracuse,23.8,21,24,24.8,22.6,30.5
2021-22,121,Georgia So,23.2,21.3,24,20.4,25.5,13.3
2021-22,122,Colorado,23.1,25.7,23,21.8,24.2,29.7
2021-22,123,Wisconsin,23.1,23.7,15,22.9,23.3,28.9
2021-22,124,Wyoming,22.6,18.3,11,25.6,20.4,22.3
2021-22,125,UAB,21.8,22,23,24.2,20.1,26.3
2021-22,126,New Mexico,21,11.3,19,23.2,19.2,30.7
2021-22,127,Minnesota,19.8,16.3,13,19.9,19.7,26.3
2021-22,128,Air Force,9,5,10,8.4,9.4,10.2
2021-22,129,Army,8.8,9.7,9,7.8,9.6,6.2
2021-22,130,Navy,8.1,7.3,6,9.7,6.5,12.4
2022-23,1,Mississippi St,48.7,45.7,45,51.7,45.7,54.8
2022-23,2,Georgia So,47,45.7,46,48,46.3,23.2
2022-23,3,W Kentucky,45.2,55.7,56,41.2,47.8,50.8
2022-23,4,Washington,45.2,45.3,55,42.5,47.8,33
2022-23,5,Texas Tech,44.5,37.3,40,47.8,41.2,30.6
2022-23,6,Purdue,42.4,39.3,42,42.2,42.5,44.3
2022-23,7,Akron,42.2,37.7,47,39,44,29.9
2022-23,8,Temple,41.5,52.7,63,40,43.4,30.1
2022-23,9,Indiana,41.3,24.7,43,45.2,36.6,33.6
2022-23,10,Iowa St,40.7,39,38,40.8,40.6,35
2022-23,11,Middle Tenn,40.6,46.3,43,47.8,37,36.4
2022-23,12,Oklahoma St,40.5,46.7,31,41.5,39.5,31.4
2022-23,13,SMU,39.8,42.3,37,38.2,40.9,39.2
2022-23,14,Ball St,39.7,38.7,33,42.4,37.5,34.3
2022-23,15,Arizona,39.2,32.7,23,42.8,34.8,36.5
2022-23,15,California,39.2,37,34,37,41.8,31.5
2022-23,17,Hawai'i,39.1,39.7,45,40.7,37.5,36.4
2022-23,18,Houston,38.5,39.3,27,36,40.6,33
2022-23,19,Washington St,38.3,40.3,32,40.5,36,35
2022-23,20,E Carolina,38.1,37,39,36.7,39.5,36.1
2022-23,21,Stanford,38,38.3,42,42.2,34.5,31
2022-23,22,Florida Intl,37.8,34,53,42.2,34.2,32.7
2022-23,23,North Carolina,37.5,42.3,35,39.4,36.4,29.3
2022-23,24,Louisiana Tech,36.9,35,43,36,37.4,34.8
2022-23,25,USC,36.7,38.3,52,32.6,40.9,41.7
2022-23,26,Wake Forest,36.7,40.3,36,34.8,38.5,37.7
2022-23,27,Texas St,36.6,35.3,27,34.6,38.3,31.5
2022-23,27,Boston College,36.6,36,38,37.4,36,24.9
2022-23,29,San Jose St,36.4,33.7,45,33.8,38.5,33.8
2022-23,30,Charlotte,36.2,37.7,30,39.4,33.5,33.5
2022-23,31,UTSA,35.9,34.7,42,35,36.7,31.8
2022-23,32,NC State,35.9,43.7,48,31.3,40.5,36.9
2022-23,33,Buffalo,35.8,36.7,38,36.5,35.4,31.4
2022-23,34,Memphis,35.5,36,29,34.8,36.2,37.5
2022-23,35,Miami,35.3,25.3,39,39,30.8,39.9
2022-23,36,Arizona St,35.1,38,49,35.8,34.5,24.6
2022-23,37,West Virginia,35,28.3,23,35.4,34.7,34.6
2022-23,38,Old Dominion,34.8,33.3,36,37.8,31.8,32.6
2022-23,39,S Alabama,34.4,36.7,55,32.4,35.9,34.7
2022-23,40,Clemson,34.4,40,56,30.5,37.7,31.2
2022-23,40,LSU,34.4,42,38,35.3,33.6,33.8
2022-23,42,Louisiana,34.3,33,31,33.4,35,28.6
2022-23,42,Virginia,34.3,31.3,33,33,36,47.4
2022-23,44,Maryland,34.3,40,38,35.3,33.2,38.1
2022-23,45,Michigan St,34.3,40.3,44,31.7,37.8,31
2022-23,46,Northwestern,34,27.7,31,38.6,30.2,31.7
2022-23,46,Alabama,34,28.3,22,31.5,36.5,38.6
2022-23,48,Tulsa,33.9,35.7,43,30.4,36.8,31.9
2022-23,49,Arkansas St,33.6,31.7,37,30.6,36.2,44.2
2022-23,50,Bowling Green,33.3,31.3,26,38.4,29.6,34.5
2022-23,51,Georgia Tech,33.1,34,36,36.8,31,29
2022-23,52,Fresno St,33.1,31.7,36,36.8,30.8,40.3
2022-23,53,Cincinnati,32.7,25.3,15,31,33.9,28.8
2022-23,54,South Carolina,32.6,42,49,31.7,33.5,27.8
2022-23,54,Oregon,32.6,36,30,29.4,34.9,29.3
2022-23,56,UCLA,32.5,33.7,33,34.1,30.2,27.8
2022-23,57,Penn St,32.5,27.7,22,33.7,31,37.9
2022-23,58,Texas A&M,32.4,24.3,18,27.7,38,31.8
2022-23,59,Nevada,32.3,38,45,34.4,30.5,43.7
2022-23,60,UCF,32.2,37.3,35,29.2,34.9,28.8
2022-23,61,C Michigan,32.2,15,17,28.4,35.3,35.2
2022-23,62,Tennessee,32.1,33.3,28,30.3,33.8,28.7
2022-23,63,Utah,32.1,32.7,40,31.8,32.3,28.6
2022-23,64,Georgia,32.1,30.3,28,30.8,32.8,26.4
2022-23,65,Ohio,31.8,28.7,34,27.4,34.6,26.4
2022-23,66,Duke,31.8,38,28,31.4,32,34.3
2022-23,67,UTEP,31.7,23.7,25,27.5,35.8,28.5
2022-23,68,Florida Atlantic,31.5,33.3,39,28.8,33.8,31
2022-23,69,Ohio St,31.5,37.3,34,32.3,30.4,38
2022-23,70,Toledo,31.4,34,28,29.8,32.4,31
2022-23,71,Oklahoma,31.3,35.3,24,34.5,28.6,30.4
2022-23,71,N Texas,31.3,31.7,36,28,33.4,30.7
2022-23,73,Texas,31.2,28.3,47,27.9,35,28.8
2022-23,74,Florida St,31.1,29.7,38,33,29.2,27.8
2022-23,75,Rice,31,34.3,39,31.8,30.4,29.1
2022-23,76,App State,30.9,27.3,26,27.6,34.2,29.5
2022-23,77,Virginia Tech,30.8,25,20,30,31.3,23.9
2022-23,78,Kent St,30.5,31.7,34,33.5,28.9,29.7
2022-23,79,Baylor,30.4,29.7,23,32.4,29,26.1
2022-23,80,Pittsburgh,30.3,34.3,43,32.8,27.8,39.2
2022-23,80,Liberty,30.3,31.3,21,31,29.9,29.3
2022-23,82,J Madison,30.3,27,32,30.4,30.2,
2022-23,83,Missouri,30.3,35,48,28.5,32,34.6
2022-23,84,E Michigan,30.2,35.3,30,25.2,33.7,36.1
2022-23,85,TCU,30,29.3,23,30.6,29.7,26
2022-23,85,Colorado,30,23.7,28,35.5,24.5,23.1
2022-23,85,Illinois,30,27.3,34,32.7,27.3,26.8
2022-23,88,BYU,29.8,22,12,33.4,27.1,29.3
2022-23,88,Utah St,29.8,33.3,23,31.6,28.4,35.8
2022-23,90,UNLV,29.6,33,29,27.4,31.5,28
2022-23,91,Mississippi,29.6,38.7,41,28.7,30.5,32.5
2022-23,92,Syracuse,29.3,36.7,51,27.8,30.8,23.9
2022-23,92,Kansas,29.3,39.3,56,24.8,32.6,26.5
2022-23,94,Nebraska,29.1,23.3,30,27,31.6,28.4
2022-23,95,Vanderbilt,28.8,23,30,28.6,29,33.1
2022-23,96,Florida,28.7,30.7,22,23.7,33.7,31.8
2022-23,97,Kansas St,28.5,29.3,35,27.3,29.4,24.2
2022-23,98,W Michigan,28.4,23.3,21,28.2,28.5,28.8
2022-23,99,Louisville,28.3,25,23,27.2,29.3,28.1
2022-23,100,Rutgers,27.9,30.3,22,33.4,23.3,30.4
2022-23,101,N Illinois,27.8,26,38,33.6,23,25.5
2022-23,102,UL Monroe,27.7,28.3,27,31.3,25.7,29
2022-23,103,Boise St,27.7,27.7,22,26,29.1,34.1
2022-23,104,Marshall,27.6,26.7,20,29,26.9,36
2022-23,105,Coastal Car,27.6,30.7,25,26,29.2,24.8
2022-23,106,Troy,27.4,18.7,24,23.5,30.7,35.2
2022-23,107,Colorado St,27.3,25.3,26,27.8,26.8,31.5
2022-23,108,S Florida,27.1,26.3,20,27,27.2,29.8
2022-23,109,Arkansas,27.1,26.3,29,27,27.2,24.3
2022-23,110,Iowa,26.9,29,24,29.2,24.7,28.9
2022-23,111,Tulane,26.8,24.3,18,28.7,24.5,31.1
2022-23,112,Southern Miss,26.5,23.3,19,26,26.9,23.9
2022-23,113,Michigan,26.4,25.7,35,25.8,27.3,28.2
2022-23,114,San Diego St,26.3,33.3,43,26.8,25.8,25.8
2022-23,115,Kentucky,26.2,29,37,26.1,26.2,27.6
2022-23,116,Auburn,26.1,18.7,23,26.7,25,36.2
2022-23,117,Miami OH,26,32,27,31,23.5,33.3
2022-23,117,Notre Dame,26,28.3,34,26.3,25.7,34.7
2022-23,119,Wisconsin,25.8,25.7,26,26,25.7,23.1
2022-23,120,Georgia St,24.8,27.7,27,28.2,21.5,23.9
2022-23,121,UAB,24.5,25.7,28,26.4,23.1,21.8
2022-23,122,Oregon St,24.4,21,26,23.2,25.7,26.8
2022-23,123,UMass,23.5,30.3,25,21.5,24.6,27.3
2022-23,124,New Mexico St,23.3,23.7,29,23.3,23.3,44.2
2022-23,125,Wyoming,22.8,25,30,23.4,22.4,22.6
2022-23,126,New Mexico,21.7,23.7,27,22,21.5,21
2022-23,127,Minnesota,21.3,20,16,20.8,21.8,19.8
2022-23,128,UConn,21.1,25.3,30,17.8,23.4,33.4
2022-23,129,Navy,10.3,6,4,8.5,11.3,8.1
2022-23,130,Army,10,6,12,7.8,11.5,8.8
2022-23,131,Air Force,6.8,4,7,4.8,8.7,9
2023-24,1,Georgia So,44.8,38.7,42,42.4,46.4,47
2023-24,2,Temple,44.2,47,48,44.3,44,41.5
2023-24,3,Washington St,43,47.3,49,35,49.7,38.3
2023-24,4,TCU,42.7,42.3,58,40.7,45.2,30
2023-24,5,Colorado St,42.5,33.3,38,41,43.7,27.3
2023-24,6,W Kentucky,41.7,46,56,44.6,39.6,45.2
2023-24,7,Hawai'i,41.4,39.3,45,41.5,41.3,39.1
2023-24,8,Oklahoma St,40.2,45,50,39.3,40.9,40.5
2023-24,9,Fresno St,39.9,36.3,40,36.2,42.6,33.1
2023-24,10,Colorado,39.5,29,25,42.8,36.2,30
2023-24,11,N Texas,38.8,38.3,53,41.2,36.8,31.3
2023-24,12,Washington,38.3,43.7,51,38.4,38.3,45.2
2023-24,13,Baylor,37.7,32.7,20,37.3,38.5,30.4
2023-24,14,Sam Houston,37.3,40.7,49,44,33.4,28
2023-24,15,Arizona St,37.2,36.3,23,35.9,39.5,35.1
2023-24,16,Memphis,36.8,37.7,34,38.8,34.8,35.5
2023-24,17,Middle Tenn,36.7,33.7,39,35.2,38,40.6
2023-24,18,Oregon,36.6,38.7,42,35.3,37.7,32.6
2023-24,19,Arizona,36.5,37.3,38,33.8,38.4,39.2
2023-24,20,Stanford,36.5,36.3,42,37.8,34.8,38
2023-24,20,Louisiana Tech,36.5,40.7,46,36,36.8,36.9
2023-24,22,Texas Tech,36.4,38,44,35.8,36.9,44.5
2023-24,23,Maryland,36.2,29.3,26,35.5,36.8,34.3
2023-24,24,Wisconsin,36.1,30,40,36.4,35.7,25.8
2023-24,25,North Carolina,36,34,27,40.5,31.5,37.5
2023-24,26,Clemson,35.8,34,41,32.7,38.8,34.4
2023-24,27,USC,35.5,37.3,33,35.1,36,36.7
2023-24,28,Akron,35.5,34.3,30,32.8,37,42.2
2023-24,29,UAB,35.1,30,26,31.8,37.8,24.5
2023-24,30,Florida Atlantic,35,29,19,34.6,35.3,31.5
2023-24,31,Oklahoma,34.8,37.7,45,35.2,34.6,31.3
2023-24,32,Illinois,34.6,39.3,35,35.1,33.8,30
2023-24,33,App State,34.5,35.7,32,31.2,36.5,30.9
2023-24,34,Rice,34.4,28.7,26,37.5,31.3,31
2023-24,35,UTSA,34.3,39,31,34.2,34.4,35.9
2023-24,36,S Florida,34.3,34,31,30.2,37.1,27.1
2023-24,37,California,34.1,33.3,33,31.8,35.7,39.2
2023-24,38,Houston,34,26.3,21,34.6,33.2,38.5
2023-24,38,Utah St,34,29.7,32,36.2,32.4,29.8
2023-24,38,South Carolina,34,31.7,32,30.7,38,32.6
2023-24,41,Texas,33.9,40.7,43,31,36.1,31.2
2023-24,42,SMU,33.8,36.7,48,27.8,37.5,39.8
2023-24,43,J Madison,33.7,38,33,35.2,32.6,30.3
2023-24,43,Texas St,33.7,37.3,29,35.4,32.4,36.6
2023-24,45,Virginia,33.6,36.3,47,34.6,32.8,34.3
2023-24,46,Miami,33.5,35.3,31,32.2,34.8,35.3
2023-24,46,Texas A&M,33.5,30.3,35,29.2,37.8,32.4
2023-24,48,S Alabama,33.4,35.7,36,32.3,34.5,34.4
2023-24,49,Troy,33.4,32.7,38,31,35.4,27.4
2023-24,50,W Michigan,33.4,31.3,27,33,33.6,28.4
2023-24,50,Florida,33.4,26.7,16,29.4,36.7,28.7
2023-24,52,BYU,33.1,28.7,32,27.8,37.5,29.8
2023-24,52,Buffalo,33.1,22.7,28,32.6,33.5,35.8
2023-24,54,Kansas St,33,34.3,31,34.3,31.7,28.5
2023-24,55,UCLA,32.8,35.3,28,33.8,32,32.5
2023-24,56,Purdue,32.7,27.3,34,33.4,31.6,42.4
2023-24,57,Vanderbilt,32.6,30.7,32,33.8,31.7,28.8
2023-24,58,Marshall,32.6,30.7,34,27,36.6,27.6
2023-24,59,Coastal Car,32.5,32.7,33,30,34.3,27.6
2023-24,60,Michigan St,32.4,28,20,30.8,34.2,34.3
2023-24,60,E Carolina,32.4,28.7,18,27.6,36.3,38.1
2023-24,62,Florida Intl,32.1,41.3,49,32.6,31.7,37.8
2023-24,63,Georgia,32.1,26,29,34.7,29.9,32.1
2023-24,64,Penn St,31.8,27.3,40,26.8,36.7,32.5
2023-24,65,Tennessee,31.5,32.3,20,32.5,30.5,32.1
2023-24,66,UConn,31.5,37,28,30.6,32.2,21.1
2023-24,67,LSU,31.4,33,45,27.2,35.7,34.4
2023-24,68,Florida St,31,24.7,27,32.6,30,31.1
2023-24,69,Northwestern,30.8,32,39,30,31.4,34
2023-24,70,Ohio,30.7,23.3,16,33.2,28.9,31.8
2023-24,71,Ohio St,30.6,28.7,24,31.4,30,31.5
2023-24,72,New Mexico,30.3,30.3,44,33,28,21.7
2023-24,72,Cincinnati,30.3,27,31,32.3,27.8,32.7
2023-24,74,Southern Miss,30.2,23.3,23,30.6,29.8,26.5
2023-24,75,Iowa St,30.2,27.7,39,33.8,27.6,40.7
2023-24,76,Indiana,30,32.7,31,28.6,31.2,41.3
2023-24,77,UMass,29.8,31.3,30,31.8,28.2,23.5
2023-24,77,Pittsburgh,29.8,27.3,35,29.2,30.3,30.3
2023-24,79,Mississippi,29.5,34.3,41,30.2,28.8,29.6
2023-24,79,Oregon St,29.5,32,28,28.6,30.1,24.4
2023-24,81,UL Monroe,29.4,26,20,33.4,26,27.7
2023-24,82,San Jose St,29.3,25.3,30,27,31,36.4
2023-24,83,UNLV,29.3,34,35,30.8,28,29.6
2023-24,84,Missouri,29.1,24.7,18,30.8,27.3,30.3
2023-24,85,Mississippi St,29,29,39,29.4,28.3,48.7
2023-24,86,NC State,28.9,29,29,29.5,28.3,35.9
2023-24,86,Arkansas St,28.9,28.3,30,28.4,29.3,33.6
2023-24,86,Georgia St,28.9,30.3,22,27.2,30.1,24.8
2023-24,89,UTEP,28.8,31,28,28.4,29.2,31.7
2023-24,90,Louisville,28.8,31.3,25,22.5,34.1,28.3
2023-24,91,Georgia Tech,28.8,18,13,28,29.3,33.1
2023-24,92,Tulsa,28.5,37.3,37,26.2,30.5,33.9
2023-24,93,Boston College,28.2,22.7,18,29.8,26.5,36.6
2023-24,94,Charlotte,28.1,26.3,28,29.8,26.7,36.2
2023-24,95,Kentucky,28.1,28,28,28.8,27.3,26.2
2023-24,96,Duke,28,37,29,24.8,31.2,31.8
2023-24,97,Louisiana,27.9,28.7,27,26.6,28.9,34.3
2023-24,98,Nevada,27.9,29.3,30,25,30.3,32.3
2023-24,99,UCF,27.8,30.7,33,28.6,27.1,32.2
2023-24,100,C Michigan,27.7,25,27,25.3,29.1,32.2
2023-24,101,Old Dominion,27.5,27.7,22,26.4,28.3,34.8
2023-24,101,Jacksonville St,27.5,27.7,35,25.6,28.9,17
2023-24,101,E Michigan,27.5,29.7,30,29.4,26.1,30.2
2023-24,104,N Illinois,27.4,22,30,26.4,28.1,27.8
2023-24,105,Virginia Tech,27.4,24.7,21,29,26,30.8
2023-24,106,Bowling Green,27.3,37.3,38,28.8,26.6,33.3
2023-24,107,San Diego St,27.2,25,26,28.2,26,26.3
2023-24,108,Arkansas,27.1,23.7,22,26,28.4,27.1
2023-24,109,Notre Dame,26.8,22.7,19,27.8,26,26
2023-24,110,Toledo,26.5,29,34,22.6,29,31.4
2023-24,111,New Mexico St,26.5,31.3,25,31.8,23.6,23.3
2023-24,112,Wake Forest,26.5,24.7,24,24.4,28.2,36.7
2023-24,113,Kent St,26.3,30,28,31,23.6,30.5
2023-24,114,Boise St,26.1,17.7,21,21.6,28.9,27.7
2023-24,115,Tulane,26,26.3,21,26.1,25.8,26.8
2023-24,116,Utah,25.6,25.7,14,21.7,29.5,32.1
2023-24,117,Ball St,25.5,20.3,19,19.4,30.5,39.7
2023-24,118,West Virginia,24.9,22.3,23,22,27,35
2023-24,119,Iowa,24.9,28.3,25,28,21.7,26.9
2023-24,120,Wyoming,24,20.7,27,23.5,24.5,22.8
2023-24,120,Michigan,24,25,18,24.7,23.4,26.4
2023-24,120,Minnesota,24,21,16,23,25.2,21.3
2023-24,123,Kansas,23.6,20.3,28,22.2,25,29.3
2023-24,124,Auburn,23.4,26,42,20.7,26.2,26.1
2023-24,125,Syracuse,23.2,19,24,26,21.1,29.3
2023-24,126,Alabama,23.2,23.3,23,22.8,23.4,34
2023-24,127,Rutgers,22.8,21.7,15,25.5,20,27.9
2023-24,128,Nebraska,21.8,24.3,28,20.6,23.4,29.1
2023-24,129,Liberty,21.6,20.7,24,22.5,20.5,30.3
2023-24,130,Miami OH,20.9,16.7,10,21.8,20.6,26
2023-24,131,Navy,16.5,21.7,29,14.2,18.3,10.3
2023-24,132,Army,14.3,8.3,14,13.5,14.8,10
2023-24,133,Air Force,8.5,10.7,5,7.3,9.1,6.8
2024-25,1,San Jose St,43,43,58,40.2,45.8,29.3
2024-25,2,N Texas,42.9,43,41,43.4,42.6,38.8
2024-25,3,Syracuse,42.6,27.7,0,41.2,44,23.3
2024-25,4,Maryland,41.8,38,26,43.7,39.6,36.2
2024-25,5,LSU,41.3,35,34,41.7,40.8,31.4
2024-25,6,Texas Tech,41.2,43,34,40,42.3,36.4
2024-25,7,USC,41.1,41.3,39,38.7,43.1,35.5
2024-25,8,Rice,40.5,45.3,42,40.8,40.2,34.4
2024-25,9,Hawai'i,40.2,43.3,59,39.4,41,41.4
2024-25,10,UTSA,39.7,29,32,38.2,40.7,34.3
2024-25,11,Pittsburgh,38.7,37,32,36.2,41.2,29.8
2024-25,12,Clemson,38.5,40.3,43,39,38.1,35.8
2024-25,13,Utah St,38.4,27.7,29,39,37.8,34
2024-25,14,TCU,38.2,32.7,34,37.6,38.6,42.7
2024-25,15,Miami,38,35.7,33,38.6,37.6,33.5
2024-25,16,UAB,37.6,36.3,42,33.8,40.8,35.1
2024-25,16,Oklahoma St,37.6,35.7,34,36.6,38.5,40.2
2024-25,18,Memphis,37.6,29.7,26,34.7,40.5,36.8
2024-25,19,Georgia St,37.4,35.7,32,42.6,33,28.9
2024-25,19,Arizona,37.4,37.7,31,34.3,41,36.5
2024-25,21,Colorado,37.3,31.3,23,39,36.1,39.5
2024-25,22,Tulsa,37,40,53,39.4,35,28.5
2024-25,23,Georgia,36.6,35,32,39,35.1,32.1
2024-25,24,Ball St,36.5,40.7,47,35.8,36.9,25.5
2024-25,25,Middle Tenn,35.7,37.3,34,35.6,35.8,36.7
2024-25,26,App State,35.6,29.7,35,28.5,40.3,34.5
2024-25,27,Duke,35.6,38,45,36.8,34.7,28
2024-25,28,E Michigan,35.5,30.3,22,40.6,31.3,27.5
2024-25,29,Toledo,35.3,40,50,31.4,38,26.5
2024-25,30,S Florida,34.9,38.7,35,39.8,31.4,34.3
2024-25,31,Temple,34.3,39,44,35.7,33,44.2
2024-25,32,Iowa St,34.2,36.7,36,34.3,34.1,30.2
2024-25,33,Virginia,34.1,33,36,35.8,32.7,33.6
2024-25,33,Akron,34.1,35.3,23,30.8,36,35.5
2024-25,35,Nebraska,34.1,34.3,32,33.5,34.7,21.8
2024-25,36,Texas,33.8,31,39,32.8,34.9,33.9
2024-25,37,Wake Forest,33.5,28,30,36,30.4,26.5
2024-25,38,UCLA,33.2,37.7,40,31.2,35.2,32.8
2024-25,39,New Mexico,33.1,26.7,31,32,33.7,30.3
2024-25,39,Cincinnati,33.1,31,35,31.8,34.2,30.3
2024-25,41,Bowling Green,33.1,40.7,50,30.4,35,27.3
2024-25,41,California,33.1,21.3,0,34.2,32,34.1
2024-25,41,Fresno St,33.1,34.3,29,32.4,33.6,39.9
2024-25,44,Arkansas St,32.9,31,31,34.6,31.7,28.9
2024-25,45,Louisville,32.8,23.7,25,33.6,32.1,28.8
2024-25,46,Northwestern,32.6,40.3,61,32.6,32.7,30.9
2024-25,47,E Carolina,32.4,29.7,29,30,34.1,32.4
2024-25,47,Mississippi,32.4,34.3,37,28.8,36,29.4
2024-25,49,Texas St,32.3,35.7,35,35,29.7,33.7
2024-25,50,Georgia So,32.3,19,0,34.2,30.9,44.8
2024-25,51,Baylor,32.1,35,51,31.4,32.6,37.7
2024-25,51,Washington,32.1,27,32,32.2,32,38.3
2024-25,53,Louisiana Tech,31.8,34,28,28.4,34.3,36.5
2024-25,54,SMU,31.8,40.7,37,29.7,33.6,33.8
2024-25,55,Oregon,31.5,33.3,42,29.5,33.3,36.6
2024-25,56,Minnesota,31.5,26.7,31,26.8,36.2,24
2024-25,57,Mississippi St,31.5,29,33,33.2,29.4,29
2024-25,57,Oregon St,31.5,31.3,37,31.8,31,29.5
2024-25,59,Arkansas,31.4,31,21,29.5,33.3,27.1
2024-25,60,San Diego St,31.1,30.7,33,34.6,28.2,27.2
2024-25,61,Auburn,31,36.7,42,31,31,23.5
2024-25,62,Rutgers,30.9,30,32,29.7,32.2,22.8
2024-25,63,Stanford,30.9,34.3,40,34.4,28,36.5
2024-25,64,UConn,30.8,32.3,24,28.7,32.8,31.5
2024-25,65,Wisconsin,30.7,30,32,33.5,27.4,36.1
2024-25,66,UTEP,30.5,32,26,30,30.7,28.8
2024-25,67,North Carolina,30.3,26,14,34.8,25.7,36
2024-25,67,Colorado St,30.3,47.3,45,29.2,31.3,42.5
2024-25,69,Utah,30.2,26,20,27,32.8,25.6
2024-25,69,Florida St,30.2,24,28,31.2,29,31
2024-25,71,Missouri,30.2,24.3,33,33.2,27.2,29.2
2024-25,72,W Kentucky,30.2,26.3,0,30.8,29.8,41.8
2024-25,73,Boise St,29.8,31.7,35,27.8,31.4,26.1
2024-25,74,Kansas St,29.7,27.3,30,30.2,29.3,32.8
2024-25,75,Michigan St,29.5,31.7,24,27.7,31.6,32.4
2024-25,75,Florida Atlantic,29.5,28,25,31.6,27.7,35
2024-25,77,NC State,29.3,25.3,26,30.8,27.7,28.9
2024-25,78,Wyoming,29.2,30.3,34,28.4,29.8,24
2024-25,79,BYU,29.1,26.7,23,26,31.3,33.1
2024-25,80,Oklahoma,29,26,44,30,28,34.8
2024-25,81,Ohio St,28.9,30,33,28,30.3,30.6
2024-25,82,Georgia Tech,28.9,24.3,0,28.3,29.3,28.8
2024-25,82,S Alabama,28.9,18,0,32.4,26.4,33.4
2024-25,84,Charlotte,28.9,31.7,26,30.8,27.3,28.1
2024-25,85,West Virginia,28.8,33.7,40,30.3,27.2,24.9
2024-25,86,Troy,28.6,34.3,27,23.6,32.8,33.5
2024-25,87,Louisiana,28.6,28,26,29.3,28,27.9
2024-25,88,Miami OH,28.5,26,25,26,30.4,20.9
2024-25,88,Nevada,28.5,33.3,38,27.3,29.7,27.9
2024-25,90,N Illinois,28.4,32,31,29.2,27.9,27.3
2024-25,91,Indiana,28.3,27.7,34,27.6,29.4,30
2024-25,92,Texas A&M,28,33.3,42,27.8,28.2,33.5
2024-25,92,J Madison,28,18.7,0,26.6,29,33.7
2024-25,94,UMass,27.9,24.7,32,28,27.8,29.8
2024-25,95,Coastal Car,27.8,26.7,28,28.7,26.8,32.5
2024-25,95,Old Dominion,27.8,21.3,12,25.8,29.7,27.5
2024-25,97,Washington St,27.7,15,0,28,27.4,43
2024-25,98,Notre Dame,27.5,28.7,30,29.4,25.8,26.8
2024-25,99,Florida Intl,27.5,27.7,27,25,29.5,32.1
2024-25,100,Tennessee,27.4,28.7,31,27.8,27,31.4
2024-25,101,Penn St,27.3,24.3,23,25.3,29.4,31.8
2024-25,102,Arizona St,27.3,30.3,48,22.8,30.6,37.2
2024-25,103,Illinois,27,21.7,22,28.7,25.3,34.6
2024-25,103,New Mexico St,27,30.7,51,30.6,24,26.5
2024-25,105,Buffalo,26.9,23,19,27,26.9,33.1
2024-25,106,Purdue,26.7,33,21,28,25.7,32.7
2024-25,107,Alabama,26.5,27.7,32,25,28,23.2
2024-25,108,Boston College,26.4,32,41,24,28.8,28.2
2024-25,109,UCF,26.2,32,41,28.2,23.8,27.8
2024-25,110,Florida,26.2,25,35,23.7,28.7,33.4
2024-25,111,Virginia Tech,26.1,23.7,18,25.3,26.7,27.4
2024-25,112,Kansas,25.9,21,23,24.8,26.8,23.6
2024-25,113,South Carolina,25.8,28.7,35,26.7,25,34
2024-25,114,Southern Miss,25.8,29,31,26.2,25.5,30.2
2024-25,115,Kentucky,25.4,25.3,24,23.9,28,28.1
2024-25,116,Marshall,25.1,25,26,21.8,27.4,32.6
2024-25,117,Ohio,25,23.3,28,22.4,26.6,30.7
2024-25,118,C Michigan,24.9,23,25,24,25.7,27.7
2024-25,119,Sam Houston,24.8,20.3,0,28.2,22.6,37.3
2024-25,120,Tulane,24,29.3,30,26.6,22.4,26
2024-25,121,Liberty,23.9,23.3,21,20.8,26.5,21.6
2024-25,122,Kennesaw St,23.8,27.3,26,21,26.2,14
2024-25,123,Michigan,23.7,22,15,23.5,24,24.1
2024-25,124,Houston,23.3,26,25,20.8,25.8,34
2024-25,125,Kent St,23.2,20.7,18,25.5,21.9,26.3
2024-25,126,W Michigan,23.1,14.3,0,23.5,22.9,33.4
2024-25,127,Vanderbilt,22.4,14,0,24.7,20.2,32.6
2024-25,128,Jacksonville St,22.4,22,34,19.1,25.6,27.5
2024-25,129,UL Monroe,21,23,31,24,18.5,29.4
2024-25,130,UNLV,20.9,16.3,0,23.4,19.4,29.2
2024-25,131,Iowa,19.1,15.7,18,19.8,18.3,24.9
2024-25,132,Navy,12.6,10.7,13,11.8,13,16.5
2024-25,133,Air Force,11.3,3.7,2,13.4,9.5,8.5
2024-25,134,Army,7.5,3.7,9,9.8,5.6,14.3
2025-26,1,Florida Atlantic,48.7,54.3,51,44,52.7,29.5
2025-26,2,San Jose St,42.5,34.7,34,38,46.2,43
2025-26,3,Baylor,42.4,45.7,46,45,39.2,32.1
2025-26,4,Maryland,42,50,61,40.8,43.4,41.8
2025-26,5,Middle Tenn,41.8,39.7,43,41.6,42,35.7
2025-26,6,Delaware,41.4,38.3,30,42.8,40.4,
2025-26,7,Hawai'i,41.3,32.7,49,41.7,40.6,40.2
2025-26,8,Georgia St,40.5,43,37,41.6,39.5,37.4
2025-26,9,New Mexico St,40.2,47.3,47,39.8,40.5,27
2025-26,10,Arkansas St,39.8,40.3,31,40.2,39.4,30.3
2025-26,11,App State,39.5,31.7,29,37.2,41.1,35.6
2025-26,12,California,38.8,43,39,36.6,40.4,33.1
2025-26,13,W Kentucky,38,35.3,40,41.4,35.6,30.2
2025-26,14,Boston College,37.7,37,26,37.3,38.2,26.4
2025-26,14,UAB,37.7,35,18,40.2,35.7,37.6
2025-26,16,Oregon St,37.1,39.7,41,36.3,38,31.5
2025-26,17,Clemson,36.6,37.7,40,38,35.2,38.5
2025-26,18,Duke,36.3,37,51,36.2,36.4,35.6
2025-26,19,SMU,35.8,35.3,32,34.2,37,31.8
2025-26,20,TCU,35.7,31.7,40,35.2,36,38.2
2025-26,21,Pittsburgh,35.5,33.3,40,38.3,32.7,38.8
2025-26,22,Buffalo,35.4,39.3,28,34.7,36.2,26.9
2025-26,23,Alabama,35.2,33.7,33,33.5,36.5,26.5
2025-26,24,Southern Miss,35.2,45,48,32.3,38,25.8
2025-26,25,Virginia,35.2,38,38,33.2,36.9,34.1
2025-26,26,Texas Tech,34.9,35,32,34,35.7,38.3
2025-26,27,Arizona,34.9,37.7,43,33.5,36.3,37.4
2025-26,28,UTEP,34.8,34,43,36.6,33.3,30.5
2025-26,28,UMass,34.8,35,35,33.2,36.2,27.9
2025-26,30,Purdue,34.6,34.3,47,35,34.2,26.7
2025-26,31,UConn,34.5,28.7,17,31.4,36.7,30.8
2025-26,32,UCF,34.5,33,41,32.8,36.4,26.1
2025-26,33,UTSA,34.3,35.3,31,35.4,33.6,39.7
2025-26,34,E Michigan,34.1,36.7,41,34.8,33.5,35.5
2025-26,34,Tulsa,34.1,24.7,22,29,38.3,37
2025-26,36,Boise St,34.1,41,43,32.2,35.7,29.8
2025-26,37,Mississippi,34.1,39.7,39,31.5,37.5,32.4
2025-26,38,N Texas,33.9,35.3,48,32.2,35.4,42.9
2025-26,39,Syracuse,33.8,25.3,18,32.2,35.2,42.6
2025-26,39,Akron,33.8,36.3,28,37.8,30.5,34.1
2025-26,41,Missouri St,33.5,33,35,33.2,33.7,32
2025-26,42,Colorado St,33.4,43,37,29.7,37.8,30.3
2025-26,43,LSU,33.3,31.3,26,35.8,30.8,41.3
2025-26,44,E Carolina,33,26.7,17,36,30.9,32.4
2025-26,44,Georgia So,33,36,27,34.2,32.1,32.3
2025-26,46,Oklahoma,32.8,36.7,42,34.1,31,25.3
2025-26,46,Florida Intl,32.8,33.7,49,31.4,33.9,27.5
2025-26,48,Wyoming,32.6,35.3,37,35,30.7,29.2
2025-26,49,Stanford,32.6,33,40,32.3,32.8,30.9
2025-26,50,Arizona St,32.5,29.7,38,35,30,27.3
2025-26,51,Sam Houston,32.4,37.7,33,32.4,32.4,24.8
2025-26,52,Texas,32.3,32,34,30.2,34.1,33.8
2025-26,52,USC,32.3,34.3,30,30,35,38
2025-26,54,Tennessee,32.1,28,18,34.5,29.7,27.5
2025-26,55,Memphis,32,38,34,36.4,28.9,37.6
2025-26,56,Minnesota,31.8,27.7,28,34,29.7,31.5
2025-26,57,Louisville,31.8,21.7,24,31.6,32,32.7
2025-26,58,Charlotte,31.7,27.7,28,35.6,28.5,28.9
2025-26,58,Michigan St,31.7,36,39,29.8,33.3,29.5
2025-26,60,Wake Forest,31.7,34,33,30.3,33,33.5
2025-26,61,S Florida,31.6,31,40,26.2,35.4,34.9
2025-26,61,NC State,31.6,27.3,26,30,33.2,29.3
2025-26,63,Troy,31.5,34.7,30,30.8,31.9,28.6
2025-26,64,Arkansas,31.4,32.7,30,29.5,33.6,29.7
2025-26,65,Washington St,31.3,35.3,47,30.6,31.9,27.7
2025-26,66,Rutgers,31.3,20.7,22,28,35.2,28.3
2025-26,67,Utah St,31.3,30.3,27,29.8,32.3,38.4
2025-26,68,Vanderbilt,31,36.7,38,31.2,30.8,22.4
2025-26,68,Coastal Car,31,41.7,49,27.4,33.6,27.8
2025-26,70,Texas A&M,30.9,37,40,31.4,30.2,24.5
2025-26,70,Mississippi St,30.9,32,27,30.2,31.7,31.5
2025-26,72,Kentucky,30.9,32.7,26,29.3,32.8,25.4
2025-26,73,UNLV,30.8,30,30,34,28.8,20.9
2025-26,74,Florida,30.7,24.3,24,27.2,33.7,26.2
2025-26,75,Auburn,30.6,38.7,39,31.3,29.8,31
2025-26,76,Miami,30.6,28,37,30.6,30.6,38
2025-26,77,North Carolina,30.5,33.3,36,30.2,30.8,30.3
2025-26,77,Oklahoma St,30.5,33.3,34,33.2,27.4,37.6
2025-26,79,Georgia Tech,30.4,36,40,28.4,31.9,28.9
2025-26,80,Tulane,30.4,32.7,37,30.1,30.6,24
2025-26,81,Temple,30.2,31.7,33,30,30.3,34.3
2025-26,82,Toledo,30.2,26.3,28,27.4,32.1,35.3
2025-26,83,Kennesaw St,30.2,30.3,36,31.2,29.5,23.8
2025-26,84,UCLA,30.1,32.7,38,29.8,30.3,33.2
2025-26,85,Colorado,29.8,33,25,29,30.8,37.3
2025-26,86,BYU,29.6,31,39,26.8,31.4,29.1
2025-26,87,Oregon,29.4,33.7,40,28.4,30.4,31.5
2025-26,88,Georgia,29.3,26.7,33,28.7,29.9,36.6
2025-26,89,South Carolina,29.3,34.3,42,31.2,27,25.8
2025-26,90,Ohio St,29.2,30.3,35,26.5,31.6,28.4
2025-26,91,Marshall,29.2,30.7,35,30.8,27.8,25.1
2025-26,91,Iowa St,29.2,21.7,18,29,29.3,34.2
2025-26,93,Illinois,29.2,28.3,34,28.2,30.2,27
2025-26,94,Northwestern,29.1,34,35,26.2,32,32.6
2025-26,94,Nebraska,29.1,29.7,28,28.8,29.3,34
2025-26,94,Houston,29.1,32,36,27.4,30.3,23.3
2025-26,97,Florida St,29,28.3,28,24.7,34.2,30.2
2025-26,98,Utah,28.8,30,31,28.2,29.1,30.2
2025-26,99,Fresno St,28.7,25.3,23,31,27,33.1
2025-26,100,Cincinnati,28.4,30.3,20,26.2,30.7,33.1
2025-26,101,Washington,28.3,28.7,28,26.7,30,32.1
2025-26,102,Kansas,28.3,28.7,27,26.2,30.8,25.9
2025-26,103,Texas St,28.2,28,26,28.4,28,32.3
2025-26,104,West Virginia,27.6,30.3,32,29.2,26.3,28.8
2025-26,105,J Madison,27.5,32,49,27.7,27.4,28
2025-26,106,Missouri,27.5,22,23,26.7,28.6,30.2
2025-26,107,New Mexico,27.4,22.7,28,25,29.1,33.1
2025-26,108,Kansas St,27.3,22.7,17,25.4,28.8,27.2
2025-26,109,Notre Dame,26.9,27.7,36,23.9,31.2,27.8
2025-26,110,S Alabama,26.8,27,32,28.4,25.5,28.9
2025-26,111,Miami OH,26.7,28,22,28.8,25.4,28.5
2025-26,112,Louisiana,26.7,31,38,28,25.7,28.6
2025-26,113,Michigan,26.2,28,43,25.3,26.9,23.7
2025-26,114,Virginia Tech,26,19.3,16,27,24.8,26.1
2025-26,115,Nevada,25.8,23.7,34,28,24,28.4
2025-26,116,Liberty,25.7,25,22,26.2,25.3,23.9
2025-26,117,Penn St,25.7,22.7,35,26,25.3,27.3
2025-26,118,Old Dominion,25.3,23.7,26,27.6,23.6,27.8
2025-26,119,UL Monroe,25.2,26,33,26.8,24.3,21
2025-26,120,Indiana,24.9,19.7,20,27.5,23,28.3
2025-26,121,Kent St,24.8,25,22,25.8,24.3,23.2
2025-26,122,Louisiana Tech,24.5,17.7,19,25.8,23.6,31.8
2025-26,123,Bowling Green,24.3,17,9,25.4,23.3,28.9
2025-26,124,Ball St,23.8,25.7,23,26,22.6,36.5
2025-26,125,Ohio,23.8,15.3,15,23.6,23.9,25
2025-26,126,Wisconsin,22.7,19,27,23.3,21.8,30.7
2025-26,127,Jacksonville St,22.6,21.3,22,18.4,25.3,22.4
2025-26,128,Iowa,22.5,20,22,24.2,20.8,19.1
2025-26,129,San Diego St,21.8,25.3,36,16.8,25.3,31.1
2025-26,130,W Michigan,21.6,15.7,19,22.8,20.9,23.1
2025-26,131,N Illinois,20,11,10,16,23.3,28.4
2025-26,132,C Michigan,19.6,26,26,21.5,18.6,24.9
2025-26,133,Rice,17.1,20,21,17.5,16.7,40.5
2025-26,134,Air Force,14.1,8.7,4,14,14.2,11.3
2025-26,135,Navy,14,12.7,15,15.8,12.7,11.5
2025-26,136,Army,9.1,10,9,8,9.6,7.5
