Season,Rank,Team,SeasonAvg,Last3,Last1,Home,Away,PrevYear
2006-07,1,Navy,59.4,56.3,59,56.8,60.8,56
2006-07,2,Air Force,49.6,43.3,44,53.7,45.5,53.5
2006-07,3,Michigan,41.2,34.3,27,44.7,37,41.6
2006-07,4,Cincinnati,39.8,40.3,34,43.2,36.3,38.5
2006-07,5,UConn,39.5,33.7,31,40.2,38.6,42.3
2006-07,6,Boise St,38.7,42.7,35,43,35.6,42.6
2006-07,7,Wisconsin,38,38,28,37.3,38.7,43.8
2006-07,8,TCU,37.9,46,46,31.8,42.3,44.8
2006-07,9,Georgia Tech,37.7,35,32,37.5,37.9,38.7
2006-07,10,Ohio St,36.9,32,23,34.7,39.5,39.5
2006-07,11,Oklahoma,36.6,37.7,38,37.8,35.6,43.5
2006-07,12,Minnesota,36.4,40.7,47,34,38.1,50.8
2006-07,13,West Virginia,36.3,43,45,27.5,45,51
2006-07,14,Nebraska,35.8,35,38,40.5,31.9,34.4
2006-07,15,Colorado,35.7,36.3,31,43.4,29.3,33
2006-07,16,Wake Forest,35.2,43,29,22.8,42.9,47.7
2006-07,17,Nevada,35,34,38,32.2,37.4,44.7
2006-07,17,Alabama,35,30.7,34,35.1,34.8,38.6
2006-07,19,Duke,34.7,28,27,34,35.6,39
2006-07,20,LSU,34.6,34.7,37,35.5,33.2,39.8
2006-07,21,Maryland,34.2,37.3,50,33.5,34.8,39.3
2006-07,22,Boston College,33.7,28.7,31,36.2,31.2,37.4
2006-07,23,S Florida,33.6,37.3,43,29.6,36.4,47.5
2006-07,24,Auburn,33.5,33.3,35,35.4,30.4,39.9
2006-07,25,Oklahoma St,33.2,43.3,41,26.8,37.7,39.1
2006-07,25,Texas,33.2,30.3,21,37,29.3,46.5
2006-07,27,Bowling Green,33.1,12.7,0,38.2,29.4,38
2006-07,27,N Texas,33.1,24.7,25,32.4,33.6,36.8
2006-07,29,Louisville,32.8,37.3,37,28,37,39.3
2006-07,30,Fresno St,32.8,26.7,0,37.7,28,37.2
2006-07,30,Kent St,32.8,35.7,32,26.6,37.3,26.1
2006-07,32,Mississippi,32.7,33,27,35.2,29.8,29.1
2006-07,33,Arizona St,32.7,27,36,32.2,33,37.3
2006-07,33,Arkansas St,32.7,27.7,38,36,30.3,40.5
2006-07,35,Clemson,32.5,21.3,25,31,34.3,37.7
2006-07,36,Oregon,32.5,29.7,30,30.6,33.9,35.4
2006-07,37,Louisiana,32.5,45.7,41,37,28.7,48.9
2006-07,38,Virginia Tech,32.4,34.7,26,33.1,31.4,46
2006-07,39,Utah St,32.2,33.7,33,35,30.1,39.8
2006-07,40,Miami,32,31.3,31,31.5,32.5,37.3
2006-07,41,Northwestern,31.6,39,52,39.4,25.2,38.5
2006-07,42,North Carolina,31.5,32,32,34.3,28,36.6
2006-07,43,BYU,31.2,29,31,32,30.6,35.1
2006-07,44,Michigan St,31,21,0,34.9,25.6,41.2
2006-07,44,Arkansas,31,36,34,28.7,33,43
2006-07,46,Kansas,30.9,37,29,29.8,32.2,35.2
2006-07,47,UL Monroe,30.5,45.7,33,25.3,32.5,36.6
2006-07,48,Virginia,30.3,32.3,23,33.3,27.3,37.5
2006-07,49,Iowa St,30.2,36,48,29.2,31.4,40.9
2006-07,50,Georgia,30,38,31,32,28,35
2006-07,51,USC,29.8,18.3,23,31.7,28.3,40.4
2006-07,51,Notre Dame,29.8,32.3,31,29.3,30.5,40.9
2006-07,53,Mississippi St,29.7,34.3,35,26,34.2,34.1
2006-07,54,Washington St,29.7,25.7,31,31.5,27.8,39.2
2006-07,55,Army,29.6,33,36,33.5,27.4,43.1
2006-07,55,Idaho,29.6,18,0,23.5,33.1,31.8
2006-07,55,Indiana,29.6,29.3,31,33.5,25,39
2006-07,58,Florida,29.3,35,43,23.2,34.6,37.9
2006-07,59,Utah,29.1,33.7,33,34.8,25,41.2
2006-07,60,Wyoming,28.9,20.7,39,30.7,27.2,32.4
2006-07,61,Vanderbilt,28.4,29,34,25,31.2,32.4
2006-07,62,NC State,28.1,33.7,29,28.3,27.8,36.2
2006-07,63,Ball St,28,20.3,39,30.4,26,37.3
2006-07,64,UAB,27.9,9,27,27.7,28.2,32.4
2006-07,64,Middle Tenn,27.9,20.7,30,8.8,37.5,38.9
2006-07,66,Rutgers,27.8,24.7,37,14.4,37.4,38.3
2006-07,66,Washington,27.8,26.7,31,22.5,33.2,34.5
2006-07,68,W Michigan,27.5,33.7,29,21.8,31.1,39.1
2006-07,69,California,27.5,19.7,0,30.8,24.2,37.8
2006-07,70,Buffalo,27.3,30.3,27,26.4,28,37.3
2006-07,71,Louisiana Tech,27.3,32.7,29,35.8,23,38.9
2006-07,72,Kentucky,27.1,33,40,28.7,25.5,35.7
2006-07,73,Colorado St,26.8,17.3,0,27.5,26.4,35
2006-07,74,C Michigan,26.5,20.3,32,33.6,22.6,39.5
2006-07,75,Temple,26.3,20,27,28.3,25.4,34.6
2006-07,76,Iowa,26.3,29.7,34,30.7,21.8,36.1
2006-07,77,UCF,26.1,38,38,23.3,29.4,42.8
2006-07,78,UNLV,26,22,43,30,22.7,33.3
2006-07,78,Houston,26,16.3,0,30.9,20.3,38.2
2006-07,80,Arizona,25.8,33.7,23,20.5,32.2,33.7
2006-07,81,E Carolina,25.7,23.3,32,27.7,24,35.8
2006-07,81,Purdue,25.7,26.3,13,24.5,26.7,37.8
2006-07,83,N Illinois,25.5,37.7,29,22,28,39.7
2006-07,84,Tulsa,25.4,34.3,29,13.6,33.9,37.8
2006-07,85,E Michigan,25.3,27,24,17.8,29.1,32.9
2006-07,86,Memphis,24.6,32.3,43,22.3,27.4,49.4
2006-07,87,Pittsburgh,24.2,28,24,20.3,28.8,35.9
2006-07,88,SMU,24,23,0,25.2,23,37.8
2006-07,89,Akron,23,19,20,32.2,16.4,32.5
2006-07,90,Stanford,22.4,22.7,33,21,23.4,35.7
2006-07,91,Tulane,22.3,19.3,32,23,21.9,32
2006-07,92,New Mexico,22.3,10.3,0,15.6,31.6,47.7
2006-07,93,Tennessee,21.8,20,0,24.4,18.7,36.3
2006-07,94,Hawai'i,21.6,25.3,27,23,19.4,23.3
2006-07,95,Oregon St,21.5,28.3,29,25.8,17.9,38.9
2006-07,96,Troy,21.3,14.3,0,28.8,17.5,38.7
2006-07,96,Penn St,21.3,0,0,12.2,30.3,39.3
2006-07,96,Florida Intl,21.3,14.7,25,22.4,20.4,30.9
2006-07,99,New Mexico St,20.7,29,26,21.2,20.2,29.1
2006-07,100,Florida St,20.5,15.3,0,19.4,22.4,26.8
2006-07,101,Kansas St,20,25.3,21,18.6,22,39.3
2006-07,102,Baylor,18.5,23.3,20,17,20.2,34.7
2006-07,103,Illinois,14.8,30,26,10.7,19.8,39.8
2006-07,104,Texas Tech,13.1,17.3,24,14.4,12.1,25.9
2006-07,105,Missouri,12.8,31.3,33,10.7,14.8,42.7
2006-07,106,Miami OH,11,0,0,15.4,7.9,37.5
2006-07,107,Syracuse,8.2,13,0,11.2,5.2,36
2006-07,108,Rice,7.9,0,0,9,7.4,54.5
2006-07,109,Texas A&M,4.3,17,0,0,8.5,40.6
2006-07,110,UTEP,3.3,5.3,16,2.7,3.8,32.6
2006-07,111,San Jose St,3.2,0,0,0,6.3,34.4
2006-07,112,San Diego St,2.4,0,0,0,4.3,38.2
2006-07,113,South Carolina,2.3,9.3,0,4.7,0,30.4
2006-07,114,Florida Atlantic,0,0,0,0,0,38.5
2006-07,114,UCLA,0,0,0,0,0,36.3
2006-07,114,Toledo,0,0,0,0,0,41.2
2006-07,114,Marshall,0,0,0,0,0,34.3
2006-07,114,Southern Miss,0,0,0,0,0,32.2
2006-07,114,Ohio,0,0,0,0,0,38.8
2007-08,1,Navy,61.6,59.7,58,63.4,60.3,59.4
2007-08,2,UCF,47.9,50.3,47,50.6,45.1,26.1
2007-08,3,Oregon,47.3,46.3,43,47.3,47.3,32.5
2007-08,4,Kent St,46.3,37,49,47.5,45.6,32.8
2007-08,5,Air Force,46.3,41.3,61,33.2,55.6,49.6
2007-08,6,W Kentucky,46,49.7,46,49,45.4,35
2007-08,7,Houston,45.9,39.7,30,44,46.1,26
2007-08,8,Oklahoma St,45.3,46.3,49,48.2,43.3,33.2
2007-08,9,Colorado St,43.5,49.3,52,42,43.6,26.8
2007-08,10,Nevada,43.2,40,30,44.4,42.3,35
2007-08,11,Fresno St,42.9,48.7,42,42,43.6,32.8
2007-08,12,Wake Forest,42.3,42,36,45.7,39.4,35.2
2007-08,13,Auburn,42.3,41,47,41.9,42.8,33.5
2007-08,13,Wisconsin,42.3,47,41,51.5,33,38
2007-08,15,Illinois,42.1,51,37,38.4,44.7,14.8
2007-08,16,Texas A&M,41.9,29,0,48,35.8,4.3
2007-08,17,Michigan St,41.6,31,39,39,43.9,31
2007-08,18,Texas,41.5,48.7,54,42.7,40.4,33.2
2007-08,19,UL Monroe,41.4,47.7,52,45.5,39,30.5
2007-08,20,Louisiana Tech,41.3,35.3,33,39,42.6,27.3
2007-08,21,Georgia Tech,41.1,41,40,39,43.2,37.7
2007-08,22,UConn,41,43,30,44,38,39.5
2007-08,22,Oklahoma,41,46.3,43,42.6,39.4,36.6
2007-08,24,Toledo,40.9,37,28,43.5,37.8,0
2007-08,25,Virginia Tech,40.2,41.3,42,40.8,39.6,32.4
2007-08,26,Iowa St,39.6,35.7,26,37,42.8,30.2
2007-08,27,Arkansas,39.3,49.3,50,30.2,48.5,31
2007-08,28,Wyoming,38.8,27,27,41.2,36.5,28.9
2007-08,29,W Michigan,38.8,36.7,40,38.6,39,27.5
2007-08,30,Utah,38.8,42.7,45,35,42,29.1
2007-08,31,Ohio St,38.8,41.7,30,39.7,37.8,36.9
2007-08,32,E Michigan,38.5,48.3,49,40.3,37.6,25.3
2007-08,33,New Mexico,38.3,36.3,40,38.7,38,22.3
2007-08,34,Arizona St,38.2,34,27,37.1,39.8,32.7
2007-08,35,Missouri,38.1,39.3,43,39.8,37,12.8
2007-08,36,C Michigan,37.9,42.7,44,35.3,39.1,26.5
2007-08,37,Virginia,37.6,40.7,47,37.2,38,30.3
2007-08,38,Tulane,37.5,43.7,32,31.2,45.2,22.3
2007-08,39,S Florida,37.5,42.3,34,44,32.9,33.6
2007-08,40,LSU,37.4,48,49,36.3,38.6,34.6
2007-08,41,Colorado,37.4,37.3,28,41.5,33.9,35.7
2007-08,42,Alabama,37.2,36,37,36.8,37.5,35
2007-08,43,Tulsa,37.1,37,39,32.8,40.4,25.4
2007-08,44,Maryland,37,37,25,36.8,37.1,34.2
2007-08,44,Georgia,37,42.7,40,36.8,37.2,30
2007-08,44,Michigan,37,32,47,36.9,37.2,41.2
2007-08,47,Akron,36.6,34.3,32,38.5,35.6,23
2007-08,48,Kansas,36.4,31.7,36,37.5,35.3,30.9
2007-08,49,TCU,36.4,32.3,39,45.3,28.7,37.9
2007-08,50,Vanderbilt,36.3,39,28,41,28,28.4
2007-08,51,USC,36.1,26.7,43,32.5,39.1,29.8
2007-08,52,Utah St,36,39.7,44,27.8,41.9,32.2
2007-08,53,Ball St,35.9,34.3,31,38.2,34.5,28
2007-08,54,SMU,35.9,48.3,41,40.7,31.2,24
2007-08,55,Clemson,35.8,23.7,40,36.5,35,32.5
2007-08,56,Middle Tenn,35.6,34.3,28,41.8,31.1,27.9
2007-08,56,Mississippi St,35.6,32.3,41,34.8,36.1,29.7
2007-08,58,Idaho,35.4,26,52,39.6,31.8,29.6
2007-08,59,N Illinois,35.1,42,28,37.8,33.6,25.5
2007-08,60,Nebraska,34.8,26.7,20,39.6,28,35.8
2007-08,61,E Carolina,34.4,41.3,50,30.8,37.4,25.7
2007-08,62,Florida St,34.3,32,33,41,30.1,20.5
2007-08,63,Ohio,34.2,23.7,38,27.8,37.9,0
2007-08,64,Minnesota,34.1,33,35,38.8,28.4,36.4
2007-08,65,California,33.9,28.3,34,39.5,29.1,27.5
2007-08,66,Notre Dame,33.5,41.3,38,43.6,19.4,29.8
2007-08,67,West Virginia,33.5,30.3,39,39.8,28,36.3
2007-08,68,Washington,33.3,52,50,41.1,24.2,27.8
2007-08,69,Miami,33.2,35.7,39,30.6,36.8,32
2007-08,70,Indiana,32.8,33.7,33,33,32.7,29.6
2007-08,71,Buffalo,32.7,27.7,26,41.2,26.6,27.3
2007-08,72,UNLV,32.3,18.7,34,27.7,36.8,26
2007-08,73,Army,32,27.7,40,29.8,33.3,29.6
2007-08,73,Troy,32,33.3,0,33,31.3,21.3
2007-08,75,Arkansas St,31.9,10.3,0,42.8,21,32.7
2007-08,76,UTEP,31.8,14.3,19,29.4,33.8,3.3
2007-08,77,Northwestern,31.7,32.3,18,33.5,29.6,31.6
2007-08,78,Mississippi,31.6,35.7,50,29.2,34.6,32.7
2007-08,79,Florida,31.4,23.3,32,32.4,30.2,29.3
2007-08,80,Duke,31.3,34.3,48,30.6,31.9,34.7
2007-08,81,Louisiana,31.1,31.7,37,34,28.7,32.5
2007-08,82,Memphis,31.1,30,0,36,26.2,24.6
2007-08,83,Stanford,31,43.3,39,27,39,22.4
2007-08,83,Pittsburgh,31,11.3,0,39,21.4,24.2
2007-08,85,Temple,30.9,27.3,27,30,31.8,26.3
2007-08,86,BYU,30.8,20.3,28,32,30.6,31.2
2007-08,86,Iowa,30.8,35.3,32,33.3,28.2,26.3
2007-08,88,Kentucky,30.3,37.7,36,32.1,27.6,27.1
2007-08,89,North Carolina,30.2,29,32,27.4,32.5,31.5
2007-08,89,Louisville,30.2,17.7,0,27.2,32.7,32.8
2007-08,91,Bowling Green,30.2,39,34,34.6,27.4,33.1
2007-08,92,Oregon St,29.9,32.7,54,25.8,32.9,21.5
2007-08,93,N Texas,29.5,34.3,26,24.6,33,33.1
2007-08,94,Purdue,29.3,28,27,33.5,25.2,25.7
2007-08,95,Boston College,28.9,26.7,30,30.7,27.4,33.7
2007-08,96,Kansas St,28.4,25.7,17,33,24.5,20
2007-08,97,NC State,28.1,26.7,16,27.8,28.4,28.1
2007-08,98,Tennessee,28,30.7,29,27.3,28.7,21.8
2007-08,99,Miami OH,26.5,34.3,25,20.8,31.4,11
2007-08,100,UAB,26.1,30,25,19.5,29.9,27.9
2007-08,101,Boise St,26,19.7,24,16.3,35.7,38.7
2007-08,101,New Mexico St,26,24.7,27,27,25.2,20.7
2007-08,103,Baylor,25.4,29.7,28,25,25.7,18.5
2007-08,104,Rice,25.1,26,37,29.6,21.3,7.9
2007-08,105,Arizona,23,16.3,19,25.6,20.8,25.8
2007-08,106,San Jose St,22.2,36.7,40,39.3,12.4,3.2
2007-08,107,Hawai'i,22.1,21.7,18,20.8,23.2,21.6
2007-08,108,Washington St,21.4,19,26,19,23.1,29.7
2007-08,109,Cincinnati,20.3,10,0,27,15.4,39.8
2007-08,110,Texas Tech,18.4,14.7,20,19.2,17.9,13.1
2007-08,111,Syracuse,15.9,16.3,0,13.3,19.6,8.2
2007-08,112,San Diego St,15.5,0,0,13.4,17.3,2.4
2007-08,112,Marshall,15.5,37,33,15,16,0
2007-08,114,Rutgers,15.1,13.7,41,15.3,14.8,27.8
2007-08,115,UCLA,13.5,32.7,47,21.5,6.7,0
2007-08,116,Florida Intl,12.3,13.3,40,8,15.4,21.3
2007-08,117,Florida Atlantic,2.6,0,0,0,4.3,0
2007-08,118,Southern Miss,2.6,0,0,6.2,0,0
2007-08,119,Penn St,0,0,0,0,0,21.3
2007-08,119,South Carolina,0,0,0,0,0,2.3
2008-09,1,Air Force,11.2,0,0,0,19.1,46.3
2008-09,2,E Michigan,10.4,0,0,11.8,9.6,38.5
2008-09,3,Temple,9.8,0,0,6.8,12,30.9
2008-09,4,Washington St,9,0,0,7,10.4,21.4
2008-09,5,Memphis,8.8,0,0,6.2,11.5,31.1
2008-09,5,Maryland,8.8,0,0,13.5,4.2,37
2008-09,7,Navy,8.8,0,0,0,13.1,61.6
2008-09,8,Wisconsin,8.6,0,0,17.2,0,42.3
2008-09,9,Michigan,8.5,0,0,8.6,8.4,37
2008-09,10,Georgia Tech,8.2,0,0,0,15,41.1
2008-09,11,Rice,8.1,0,0,7.3,8.7,25.1
2008-09,12,Buffalo,8.1,0,0,13.5,4,32.7
2008-09,12,E Carolina,8.1,0,0,8.4,7.9,34.4
2008-09,14,Ohio,7.9,0,0,8.8,7.4,34.2
2008-09,15,Oklahoma St,7.8,0,0,8.5,7,45.3
2008-09,16,California,7.6,0,0,5.1,10.5,33.9
2008-09,17,Nevada,7.6,0,0,9.4,6.3,43.2
2008-09,17,Middle Tenn,7.6,0,0,18.2,0,35.6
2008-09,17,TCU,7.6,0,0,10.6,5.4,36.4
2008-09,20,Illinois,7.2,0,0,8.8,5.8,42.1
2008-09,20,Kent St,7.2,0,0,0,11.3,46.3
2008-09,22,Vanderbilt,7.2,0,0,7.2,7.1,36.3
2008-09,23,Duke,7.1,0,0,13,0,31.3
2008-09,24,Penn St,6.9,0,0,13.8,0,0
2008-09,25,Baylor,6.9,0,0,12.7,0,25.4
2008-09,26,W Michigan,6.8,0,0,8,6.3,38.8
2008-09,27,Boston College,6.8,0,0,6.8,6.7,28.9
2008-09,28,Oregon,6.7,0,0,7.3,6.1,47.3
2008-09,29,Wyoming,6.6,0,0,12.2,0,38.8
2008-09,30,Utah,6.6,0,0,7.2,6.1,38.8
2008-09,31,Washington,6.5,0,0,5,8.6,33.3
2008-09,32,Louisiana,6.4,0,0,0,11,31.1
2008-09,33,Michigan St,6.4,0,0,7.4,5.2,41.6
2008-09,34,Minnesota,6.3,0,0,5.2,7.5,34.1
2008-09,35,Arizona,6.3,0,0,11.7,0,23
2008-09,36,Texas A&M,6.3,0,0,5.1,7.8,41.9
2008-09,36,N Illinois,6.3,0,0,0,10.7,35.1
2008-09,38,Virginia Tech,6.2,0,0,9.2,4.4,40.2
2008-09,39,Ohio St,6.2,0,0,6.7,5.7,38.8
2008-09,40,Idaho,6.1,0,0,8.4,4.2,35.4
2008-09,41,Wake Forest,5.8,0,0,4.4,7.3,42.3
2008-09,42,Tulane,5.8,0,0,6.2,5.3,37.5
2008-09,43,UAB,5.6,0,0,9,3.7,26.1
2008-09,43,Marshall,5.6,0,0,6.6,4.8,15.5
2008-09,45,Tulsa,5.6,0,0,0,10.4,37.1
2008-09,45,Ball St,5.6,0,0,5.8,5.5,35.9
2008-09,47,USC,5.5,0,0,5.3,5.7,36.1
2008-09,48,Alabama,5.4,0,0,3.7,7.1,37.2
2008-09,49,Mississippi,5.4,0,0,6,4.8,31.6
2008-09,50,Army,5.3,0,0,11.6,0,32
2008-09,51,Rutgers,5.3,0,0,10.5,0,15.1
2008-09,51,New Mexico,5.3,0,0,10.5,0,38.3
2008-09,53,Miami OH,5.2,0,0,5,5.3,26.5
2008-09,54,UL Monroe,5.1,0,0,0,8,41.4
2008-09,55,Pittsburgh,5.1,0,0,11,0,31
2008-09,55,Missouri,5.1,0,0,5.8,4.6,38.1
2008-09,57,Florida,5,0,0,10.8,0,31.4
2008-09,57,Toledo,5,0,0,0,10,40.9
2008-09,59,Louisiana Tech,4.9,0,0,6.4,3.9,41.3
2008-09,59,Stanford,4.9,0,0,0,8.4,31
2008-09,61,UTEP,4.8,0,0,5.2,4.3,31.8
2008-09,62,Nebraska,4.7,0,0,7.6,0,34.8
2008-09,62,Southern Miss,4.7,0,0,10.2,0,2.6
2008-09,64,UConn,4.6,0,0,0,7.9,41
2008-09,64,C Michigan,4.6,0,0,0,6.9,37.9
2008-09,66,Bowling Green,4.5,0,0,5.2,4,30.2
2008-09,66,Kansas,4.5,0,0,5.5,3.5,36.4
2008-09,68,Auburn,4.2,0,0,7.7,0,42.3
2008-09,69,Akron,4.2,0,0,5.6,3.1,36.6
2008-09,69,Houston,4.2,0,0,0,6.3,45.9
2008-09,71,Iowa St,4.1,0,0,9,0,39.6
2008-09,71,Arkansas St,4.1,0,0,0,6.4,31.9
2008-09,71,Purdue,4.1,0,0,7.5,0,29.3
2008-09,74,Clemson,3.9,0,0,5.8,2.3,35.8
2008-09,75,Tennessee,3.4,0,0,5.9,0,28
2008-09,76,Oklahoma,3.4,0,0,8.8,0,41
2008-09,77,Arizona St,3.3,0,0,6,0,38.2
2008-09,77,Arkansas,3.3,0,0,0,6,39.3
2008-09,79,NC State,3.3,0,0,0,6.5,28.1
2008-09,80,North Carolina,3.2,0,0,0,6.3,30.2
2008-09,81,San Jose St,3.1,0,0,0,5.7,22.2
2008-09,82,Miami,3.1,0,0,0,5.3,33.2
2008-09,83,Georgia,3,0,0,7.2,0,37
2008-09,83,Troy,3,0,0,0,4.5,32
2008-09,83,Fresno St,3,0,0,0,4.9,42.9
2008-09,83,West Virginia,3,0,0,0,6,33.5
2008-09,87,UNLV,2.9,0,0,0,7,32.3
2008-09,88,Mississippi St,2.9,0,0,0,5.3,35.6
2008-09,89,N Texas,2.8,0,0,6.8,0,29.5
2008-09,90,Kentucky,2.8,0,0,0,5.5,30.3
2008-09,91,Louisville,2.6,0,0,4.1,0,30.2
2008-09,92,Notre Dame,2.6,0,0,5.7,0,33.5
2008-09,93,Oregon St,2.5,0,0,0,4.6,29.9
2008-09,94,S Florida,2.4,0,0,5.8,0,37.5
2008-09,95,Texas,2.4,0,0,0,5.2,41.5
2008-09,96,Northwestern,2.3,0,0,0,4.5,31.7
2008-09,96,BYU,2.3,0,0,0,3.9,30.8
2008-09,98,Cincinnati,2.2,0,0,0,3.6,20.3
2008-09,99,Texas Tech,2,0,0,0,3.7,18.4
2008-09,100,Virginia,1.9,0,0,3.5,0,37.6
2008-09,101,Hawai'i,1.8,0,0,0,3.4,22.1
2008-09,102,SMU,1.3,0,0,0,2.3,35.9
2008-09,103,Boise St,0,0,0,0,0,26
2008-09,103,New Mexico St,0,0,0,0,0,26
2008-09,103,Utah St,0,0,0,0,0,36
2008-09,103,Florida St,0,0,0,0,0,34.3
2008-09,103,LSU,0,0,0,0,0,37.4
2008-09,103,Colorado St,0,0,0,0,0,43.5
2008-09,103,Florida Atlantic,0,0,0,0,0,2.6
2008-09,103,UCF,0,0,0,0,0,47.9
2008-09,103,UCLA,0,0,0,0,0,13.5
2008-09,103,San Diego St,0,0,0,0,0,15.5
2008-09,103,Florida Intl,0,0,0,0,0,12.3
2008-09,103,Iowa,0,0,0,0,0,30.8
2008-09,103,South Carolina,0,0,0,0,0,0
2008-09,103,W Kentucky,0,0,0,0,0,46
2008-09,103,Kansas St,0,0,0,0,0,28.4
2008-09,103,Indiana,0,0,0,0,0,32.8
2008-09,103,Colorado,0,0,0,0,0,37.4
2008-09,103,Syracuse,0,0,0,0,0,15.9
2009-10,1,Army,14.8,0,0,22.8,8.2,5.3
2009-10,2,Mississippi St,12.7,0,0,7.7,18.8,2.9
2009-10,3,Auburn,12.7,0,0,21.7,0,4.2
2009-10,4,Oregon,12.4,0,0,20.6,2.8,6.7
2009-10,5,Georgia Tech,12.1,0,0,23.6,4.9,8.2
2009-10,6,UConn,11.8,0,0,7,15.3,4.6
2009-10,7,South Carolina,11.8,0,0,11.5,12,0
2009-10,8,Michigan,11.5,0,0,18.1,0,8.5
2009-10,9,Air Force,11.5,0,0,0,19.7,11.2
2009-10,10,Tulsa,11.2,0,0,0,20.5,5.6
2009-10,11,Alabama,10.5,0,0,14.5,7,5.4
2009-10,12,Oklahoma St,10.3,0,0,17.6,0,7.8
2009-10,13,N Illinois,10.2,0,0,6,13.1,6.3
2009-10,14,Minnesota,9.9,0,0,7.5,12.3,6.3
2009-10,15,N Texas,9.8,0,0,6.7,12.8,2.8
2009-10,16,Utah,9.5,0,0,8.3,10.6,6.6
2009-10,17,California,9.4,0,0,7.4,10.9,7.6
2009-10,18,Virginia Tech,9.3,0,0,15,4.4,6.2
2009-10,19,Buffalo,9.3,0,0,6,12,8.1
2009-10,20,Tennessee,9.2,0,0,11,6.4,3.4
2009-10,21,E Michigan,9.1,0,0,5.8,11.4,10.4
2009-10,22,Texas,9,0,0,15,4.5,2.4
2009-10,22,Notre Dame,9,0,0,11.1,6,2.6
2009-10,22,UAB,9,0,0,14.6,5,5.6
2009-10,25,Middle Tenn,8.9,0,0,7.2,10.4,7.6
2009-10,26,Navy,8.8,0,0,13.8,5.8,8.8
2009-10,27,Purdue,8.8,0,0,8.9,8.8,4.1
2009-10,28,Northwestern,8.8,0,0,12.8,4.7,2.3
2009-10,29,Syracuse,8.6,0,0,9.4,7.3,0
2009-10,30,North Carolina,8.5,0,0,7.4,9.3,3.2
2009-10,31,Penn St,8.4,0,0,14.4,0,6.9
2009-10,32,LSU,8.4,0,0,11.1,5.2,0
2009-10,33,Stanford,8.3,0,0,5.7,11.3,4.9
2009-10,34,Kansas St,8.3,0,0,0,13.8,0
2009-10,35,Nevada,8.1,0,0,7.5,8.6,7.6
2009-10,36,S Florida,7.6,0,0,0,12,2.4
2009-10,37,Idaho,7.6,0,0,0,14.1,6.1
2009-10,38,Washington St,7.5,0,0,15,0,9
2009-10,39,Maryland,7.5,0,0,6.5,8.6,8.8
2009-10,40,San Jose St,7.4,0,0,4.4,9.8,3.1
2009-10,41,Memphis,7.3,0,0,8.6,6.2,8.8
2009-10,42,Wake Forest,7.2,0,0,13.2,0,5.8
2009-10,42,Mississippi,7.2,0,0,0,13.2,5.4
2009-10,44,UTEP,6.9,0,0,8.2,5.7,4.8
2009-10,45,Nebraska,6.9,0,0,8.6,5.1,4.7
2009-10,46,Boise St,6.8,0,0,9.8,4.1,0
2009-10,47,Kansas,6.7,0,0,6.2,7.2,4.5
2009-10,48,Fresno St,6.5,0,0,9.8,4.9,3
2009-10,48,New Mexico,6.5,0,0,9,4,5.3
2009-10,48,Duke,6.5,0,0,0,10.8,7.1
2009-10,51,Iowa,6.4,0,0,7,5.8,0
2009-10,51,Wisconsin,6.4,0,0,7.6,5.6,8.6
2009-10,53,Clemson,6.4,0,0,7.8,5.1,3.9
2009-10,54,Oklahoma,6.3,0,0,9,4.4,3.4
2009-10,54,West Virginia,6.3,0,0,6.2,6.5,3
2009-10,54,Iowa St,6.3,0,0,6.8,6,4.1
2009-10,57,Vanderbilt,6.2,0,0,5.8,6.5,7.2
2009-10,58,W Kentucky,6.1,0,0,0,9.6,0
2009-10,59,New Mexico St,6.1,0,0,14.6,0,0
2009-10,60,BYU,6,0,0,0,11.1,2.3
2009-10,61,Missouri,5.9,0,0,0,10.1,5.1
2009-10,61,Arizona,5.9,0,0,9.2,3.6,6.3
2009-10,63,Ohio,5.8,0,0,6.4,5.5,7.9
2009-10,64,Florida Atlantic,5.8,0,0,0,10,0
2009-10,65,Temple,5.8,0,0,8,4.1,9.8
2009-10,65,Miami,5.8,0,0,7.8,4.3,3.1
2009-10,67,Rice,5.5,0,0,0,11,8.1
2009-10,68,UNLV,5.5,0,0,10,0,2.9
2009-10,69,Pittsburgh,5.4,0,0,6.2,4.7,5.1
2009-10,70,UCLA,5.4,0,0,5.7,5.1,0
2009-10,71,Tulane,5.3,0,0,11.6,0,5.8
2009-10,71,Louisiana,5.3,0,0,5.8,4.8,6.4
2009-10,71,Baylor,5.3,0,0,4.2,6.2,6.9
2009-10,74,Georgia,4.9,0,0,5.8,4.3,3
2009-10,75,Louisiana Tech,4.9,0,0,0,7.7,4.9
2009-10,76,Florida St,4.8,0,0,11.4,0,0
2009-10,77,Ball St,4.7,0,0,4.8,4.7,5.6
2009-10,78,SMU,4.7,0,0,0,8,1.3
2009-10,79,Michigan St,4.6,0,0,5,4.2,6.4
2009-10,80,E Carolina,4.4,0,0,0,7.1,8.1
2009-10,81,TCU,4.2,0,0,0,7.1,7.6
2009-10,82,C Michigan,3.8,0,0,0,5.4,4.6
2009-10,83,Louisville,3.6,0,0,0,6.7,2.6
2009-10,83,Colorado St,3.6,0,0,8,0,0
2009-10,85,Texas A&M,3.6,0,0,6.7,0,6.3
2009-10,86,Hawai'i,3.5,0,0,0,7,1.8
2009-10,87,USC,3.5,0,0,7.5,0,5.5
2009-10,88,Florida,3.4,0,0,7.3,0,5
2009-10,89,Arkansas St,3.3,0,0,0,5.1,4.1
2009-10,90,UL Monroe,3.2,0,0,0,5,5.1
2009-10,90,Illinois,3.2,0,0,0,5.8,7.2
2009-10,92,NC State,3.1,0,0,5.2,0,3.3
2009-10,93,Utah St,3.1,0,0,0,4.9,0
2009-10,94,Virginia,3,0,0,5.5,0,1.9
2009-10,94,Rutgers,3,0,0,6.6,0,5.3
2009-10,96,Oregon St,2.9,0,0,0,5,2.5
2009-10,97,Kent St,2.9,0,0,6.4,0,7.2
2009-10,98,Cincinnati,2.8,0,0,0,4.9,2.2
2009-10,98,Wyoming,2.8,0,0,6.8,0,6.6
2009-10,100,Houston,2.8,0,0,0,4.5,4.2
2009-10,101,Washington,2.8,0,0,4.7,0,6.5
2009-10,101,Kentucky,2.8,0,0,5.5,0,2.8
2009-10,103,Akron,2.7,0,0,0,5,4.2
2009-10,104,Troy,2.5,0,0,6.4,0,3
2009-10,105,Marshall,2.3,0,0,0,4,5.6
2009-10,106,W Michigan,2.2,0,0,0,3.4,6.8
2009-10,107,Florida Intl,2.2,0,0,0,3.7,0
2009-10,108,Toledo,1.8,0,0,0,3.1,5
2009-10,109,Texas Tech,1.5,0,0,0,3,2
2009-10,110,Miami OH,0,0,0,0,0,5.2
2009-10,110,Ohio St,0,0,0,0,0,6.2
2009-10,110,San Diego St,0,0,0,0,0,0
2009-10,110,Arkansas,0,0,0,0,0,3.3
2009-10,110,Boston College,0,0,0,0,0,6.8
2009-10,110,Southern Miss,0,0,0,0,0,4.7
2009-10,110,Indiana,0,0,0,0,0,0
2009-10,110,Colorado,0,0,0,0,0,0
2009-10,110,Bowling Green,0,0,0,0,0,4.5
2009-10,110,Arizona St,0,0,0,0,0,3.3
2009-10,110,UCF,0,0,0,0,0,0
2010-11,1,Boise St,0,0,0,0,0,6.8
2010-11,1,Illinois,0,0,0,0,0,3.2
2010-11,1,New Mexico St,0,0,0,0,0,6.1
2010-11,1,Pittsburgh,0,0,0,0,0,5.4
2010-11,1,Buffalo,0,0,0,0,0,9.3
2010-11,1,Michigan St,0,0,0,0,0,4.6
2010-11,1,Utah St,0,0,0,0,0,3.1
2010-11,1,North Carolina,0,0,0,0,0,8.5
2010-11,1,Bowling Green,0,0,0,0,0,0
2010-11,1,Mississippi St,0,0,0,0,0,12.7
2010-11,1,Louisville,0,0,0,0,0,3.6
2010-11,1,Florida St,0,0,0,0,0,4.8
2010-11,1,W Michigan,0,0,0,0,0,2.2
2010-11,1,LSU,0,0,0,0,0,8.4
2010-11,1,UAB,0,0,0,0,0,9
2010-11,1,Oregon St,0,0,0,0,0,2.9
2010-11,1,Georgia,0,0,0,0,0,4.9
2010-11,1,Baylor,0,0,0,0,0,5.3
2010-11,1,Arizona St,0,0,0,0,0,0
2010-11,1,Florida Atlantic,0,0,0,0,0,5.8
2010-11,1,Hawai'i,0,0,0,0,0,3.5
2010-11,1,Kansas,0,0,0,0,0,6.7
2010-11,1,Colorado St,0,0,0,0,0,3.6
2010-11,1,Tulsa,0,0,0,0,0,11.2
2010-11,1,Iowa St,0,0,0,0,0,6.3
2010-11,1,Air Force,0,0,0,0,0,11.5
2010-11,1,Rutgers,0,0,0,0,0,3
2010-11,1,UCF,0,0,0,0,0,0
2010-11,1,Michigan,0,0,0,0,0,11.5
2010-11,1,Troy,0,0,0,0,0,2.5
2010-11,1,Virginia Tech,0,0,0,0,0,9.3
2010-11,1,Miami OH,0,0,0,0,0,0
2010-11,1,Ohio St,0,0,0,0,0,0
2010-11,1,Tulane,0,0,0,0,0,5.3
2010-11,1,Wake Forest,0,0,0,0,0,7.2
2010-11,1,E Michigan,0,0,0,0,0,9.1
2010-11,1,Auburn,0,0,0,0,0,12.7
2010-11,1,Army,0,0,0,0,0,14.8
2010-11,1,UCLA,0,0,0,0,0,5.4
2010-11,1,Florida,0,0,0,0,0,3.4
2010-11,1,E Carolina,0,0,0,0,0,4.4
2010-11,1,Washington St,0,0,0,0,0,7.5
2010-11,1,Navy,0,0,0,0,0,8.8
2010-11,1,Texas A&M,0,0,0,0,0,3.6
2010-11,1,San Diego St,0,0,0,0,0,0
2010-11,1,Louisiana Tech,0,0,0,0,0,4.9
2010-11,1,Missouri,0,0,0,0,0,5.9
2010-11,1,UNLV,0,0,0,0,0,5.5
2010-11,1,UConn,0,0,0,0,0,11.8
2010-11,1,Nevada,0,0,0,0,0,8.1
2010-11,1,Penn St,0,0,0,0,0,8.4
2010-11,1,N Texas,0,0,0,0,0,9.8
2010-11,1,Temple,0,0,0,0,0,5.8
2010-11,1,Akron,0,0,0,0,0,2.7
2010-11,1,Northwestern,0,0,0,0,0,8.8
2010-11,1,Louisiana,0,0,0,0,0,5.3
2010-11,1,NC State,0,0,0,0,0,3.1
2010-11,1,Toledo,0,0,0,0,0,1.8
2010-11,1,Arkansas,0,0,0,0,0,0
2010-11,1,S Florida,0,0,0,0,0,7.6
2010-11,1,Miami,0,0,0,0,0,5.8
2010-11,1,Tennessee,0,0,0,0,0,9.2
2010-11,1,Memphis,0,0,0,0,0,7.3
2010-11,1,USC,0,0,0,0,0,3.5
2010-11,1,Vanderbilt,0,0,0,0,0,6.2
2010-11,1,Oklahoma,0,0,0,0,0,6.3
2010-11,1,Washington,0,0,0,0,0,2.8
2010-11,1,Florida Intl,0,0,0,0,0,2.2
2010-11,1,SMU,0,0,0,0,0,4.7
2010-11,1,Nebraska,0,0,0,0,0,6.9
2010-11,1,BYU,0,0,0,0,0,6
2010-11,1,San Jose St,0,0,0,0,0,7.4
2010-11,1,Iowa,0,0,0,0,0,6.4
2010-11,1,Arkansas St,0,0,0,0,0,3.3
2010-11,1,Boston College,0,0,0,0,0,0
2010-11,1,Marshall,0,0,0,0,0,2.3
2010-11,1,Minnesota,0,0,0,0,0,9.9
2010-11,1,Idaho,0,0,0,0,0,7.6
2010-11,1,Maryland,0,0,0,0,0,7.5
2010-11,1,C Michigan,0,0,0,0,0,3.8
2010-11,1,Wisconsin,0,0,0,0,0,6.4
2010-11,1,Southern Miss,0,0,0,0,0,0
2010-11,1,Virginia,0,0,0,0,0,3
2010-11,1,N Illinois,0,0,0,0,0,10.2
2010-11,1,Alabama,0,0,0,0,0,10.5
2010-11,1,Cincinnati,0,0,0,0,0,2.8
2010-11,1,Oregon,0,0,0,0,0,12.4
2010-11,1,South Carolina,0,0,0,0,0,11.8
2010-11,1,Oklahoma St,0,0,0,0,0,10.3
2010-11,1,California,0,0,0,0,0,9.4
2010-11,1,W Kentucky,0,0,0,0,0,6.1
2010-11,1,Fresno St,0,0,0,0,0,6.5
2010-11,1,Texas,0,0,0,0,0,9
2010-11,1,Wyoming,0,0,0,0,0,2.8
2010-11,1,Rice,0,0,0,0,0,5.5
2010-11,1,Kansas St,0,0,0,0,0,8.3
2010-11,1,New Mexico,0,0,0,0,0,6.5
2010-11,1,West Virginia,0,0,0,0,0,6.3
2010-11,1,Kent St,0,0,0,0,0,2.9
2010-11,1,Purdue,0,0,0,0,0,8.8
2010-11,1,Middle Tenn,0,0,0,0,0,8.9
2010-11,1,Georgia Tech,0,0,0,0,0,12.1
2010-11,1,Ohio,0,0,0,0,0,5.8
2010-11,1,Indiana,0,0,0,0,0,0
2010-11,1,UL Monroe,0,0,0,0,0,3.2
2010-11,1,Duke,0,0,0,0,0,6.5
2010-11,1,Ball St,0,0,0,0,0,4.7
2010-11,1,Mississippi,0,0,0,0,0,7.2
2010-11,1,Houston,0,0,0,0,0,2.8
2010-11,1,Clemson,0,0,0,0,0,6.4
2010-11,1,Kentucky,0,0,0,0,0,2.8
2010-11,1,TCU,0,0,0,0,0,4.2
2010-11,1,Arizona,0,0,0,0,0,5.9
2010-11,1,Notre Dame,0,0,0,0,0,9
2010-11,1,Texas Tech,0,0,0,0,0,1.5
2010-11,1,Stanford,0,0,0,0,0,8.3
2010-11,1,UTEP,0,0,0,0,0,6.9
2010-11,1,Colorado,0,0,0,0,0,0
2010-11,1,Utah,0,0,0,0,0,9.5
2010-11,1,Syracuse,0,0,0,0,0,8.6
2011-12,1,Army,61.8,54.7,50,71.3,58.3,0
2011-12,2,Navy,57.7,59.7,66,64,54.1,0
2011-12,3,Georgia Tech,55.8,55.7,56,56.2,55.3,0
2011-12,4,Air Force,54.2,54,55,53,55.2,0
2011-12,5,Temple,49.1,47,51,45.2,53,0
2011-12,6,E Michigan,48.5,48.3,48,55.8,43.7,0
2011-12,7,Nevada,48.2,43,45,50.7,46.1,0
2011-12,8,Utah St,47.8,55.3,50,47.4,48.1,0
2011-12,9,Nebraska,47.3,46,46,49.2,45.5,0
2011-12,10,W Kentucky,46.2,52.7,64,44.8,47.3,0
2011-12,11,Kansas St,45.8,41.3,40,47.8,43.8,0
2011-12,12,Baylor,45.3,56.3,52,45,45.7,0
2011-12,13,Texas,45.3,39,35,51.3,40.1,0
2011-12,14,Oregon,45.1,50.7,40,48.3,41.3,0
2011-12,15,Missouri,44.4,47,46,48.2,41.7,0
2011-12,16,Kansas,44.4,52.3,38,50,39.7,0
2011-12,17,Wisconsin,43.5,44,46,46,41.4,0
2011-12,18,Ohio St,43.3,37,37,45.4,40.8,0
2011-12,19,Michigan,43.1,47,30,44.9,40.2,0
2011-12,20,South Carolina,43,48.3,40,44.3,41.7,0
2011-12,21,Northwestern,42.5,42,38,37.8,45.9,0
2011-12,22,Ohio,42.3,41.3,42,41.6,42.8,0
2011-12,23,Toledo,42.2,41,32,46.2,39.3,0
2011-12,24,UNLV,41.8,44.7,42,38.8,43.6,0
2011-12,25,LSU,41.7,36,27,43.4,40.6,0
2011-12,25,Virginia Tech,41.7,40.7,48,39.6,43,0
2011-12,25,N Illinois,41.7,36,35,47.8,37.9,0
2011-12,28,Illinois,41.7,36.3,43,41,42.6,0
2011-12,29,TCU,41.6,44.3,51,40.2,43,0
2011-12,29,Iowa St,41.6,38.7,29,42.6,40.9,0
2011-12,31,Georgia,41.1,33.3,39,45.2,38.5,0
2011-12,32,Auburn,40.6,34.7,44,37.8,43.3,0
2011-12,33,Purdue,40.2,49,56,40,40.3,0
2011-12,34,Tulsa,40.1,34,27,46.2,34.9,0
2011-12,35,N Texas,40,41.7,69,41.2,38.8,0
2011-12,36,Stanford,39.8,42.7,50,39,40.8,0
2011-12,37,Indiana,39.5,40,34,39.4,39.5,0
2011-12,38,Mississippi St,39.4,39.7,39,38.4,40.1,0
2011-12,39,UCLA,39.4,36.3,30,42.5,37,0
2011-12,40,Vanderbilt,39.3,42.3,36,44.7,34,0
2011-12,41,S Florida,39.1,33.3,39,36.5,42.2,0
2011-12,42,Pittsburgh,39.1,41,30,37.9,40.8,0
2011-12,43,Texas A&M,39,31,27,37.3,41,0
2011-12,44,Rice,38.9,31,28,42,36.7,0
2011-12,44,Penn St,38.9,36.7,44,38.8,39,0
2011-12,46,Minnesota,38.9,45,53,41,36.4,0
2011-12,47,Louisiana Tech,38.8,28.7,27,49,33.6,0
2011-12,48,UConn,38.5,34.7,34,40,36.8,0
2011-12,49,Southern Miss,38.5,42,40,40.2,37.4,0
2011-12,50,Alabama,38.3,38,35,36.5,40,0
2011-12,51,Arkansas St,38.2,40.3,29,42.6,35,0
2011-12,52,Mississippi,37.9,42.3,42,36,40.2,0
2011-12,52,UCF,37.9,34,36,43.4,33.3,0
2011-12,54,UL Monroe,37.8,46,52,37.8,37.9,0
2011-12,55,Boise St,37.8,37.7,35,36.2,39.1,0
2011-12,56,Cincinnati,37.6,42,44,40,35.9,0
2011-12,57,BYU,37.5,37.3,40,36.7,38.3,0
2011-12,58,Buffalo,37.5,43.7,49,41.8,33.8,0
2011-12,59,Virginia,37.4,28.3,30,38.2,36.7,0
2011-12,60,Colorado St,37.4,46,51,36.6,38,0
2011-12,61,Clemson,37.2,34,27,42,33,0
2011-12,62,Florida Intl,36.6,35,27,40.5,33.3,0
2011-12,63,Florida,36.5,35,38,39.3,33.7,0
2011-12,64,San Diego St,36.4,38.7,31,36.3,36.5,0
2011-12,65,Utah,36.2,38.3,32,34.2,37.6,0
2011-12,66,Wyoming,36.1,34.7,33,36,36.1,0
2011-12,67,Oklahoma,36.1,38.3,37,40,32.7,0
2011-12,68,Middle Tenn,35.8,36.7,38,34.8,36.7,0
2011-12,68,California,35.8,36.7,36,39,33.4,0
2011-12,70,Louisville,35.5,39.7,35,33.2,37.1,0
2011-12,71,Boston College,35.3,37,50,32.8,37.3,0
2011-12,72,UTEP,35.2,39.7,33,38,32.8,0
2011-12,73,Wake Forest,35.1,39.3,38,36.7,33.5,0
2011-12,74,Rutgers,35,37.7,42,38.8,31.2,0
2011-12,74,Iowa,35,34.3,37,33.7,36.3,0
2011-12,76,Michigan St,34.9,33,29,38.5,31.9,0
2011-12,77,Maryland,34.9,36,39,33,37.2,0
2011-12,78,Kent St,34.7,39.3,27,35.4,34.2,0
2011-12,79,Louisiana,34.6,27.7,30,34,34.9,0
2011-12,80,Washington,34.5,34.7,37,36,33,0
2011-12,81,New Mexico,34.5,34.3,28,37.6,31.8,0
2011-12,82,Marshall,34.3,32.7,30,33.8,34.6,0
2011-12,83,New Mexico St,34.2,35,24,30.7,37.3,0
2011-12,84,NC State,34.2,38,28,42,27.7,0
2011-12,85,Miami,34,30.7,16,32.2,36.2,0
2011-12,86,North Carolina,33.9,31,19,38.5,29.3,0
2011-12,87,Kentucky,33.9,33,56,38.5,28.4,0
2011-12,88,Fresno St,33.7,38,28,33.6,33.7,0
2011-12,89,Syracuse,33.6,36,35,36,30.8,0
2011-12,90,Florida St,33.3,36,29,32.8,33.8,0
2011-12,90,UAB,33.3,41,40,34.2,32.7,0
2011-12,92,Notre Dame,33.3,35,35,32,34.8,0
2011-12,93,Ball St,33.3,23.3,22,31.8,34.3,0
2011-12,94,E Carolina,33.1,36.3,40,30.8,35.3,0
2011-12,95,Akron,32.7,34.7,48,30.6,34.5,0
2011-12,96,Tulane,32.7,37,41,30.8,34,0
2011-12,96,USC,32.7,32.3,19,29.6,37,0
2011-12,98,Texas Tech,32.6,26,17,33.2,32.2,0
2011-12,99,Washington St,32.2,30,29,31.8,32.4,0
2011-12,100,Florida Atlantic,32.2,38.3,31,33,31.6,0
2011-12,101,Bowling Green,32.1,25.7,35,28.4,35.2,0
2011-12,101,Idaho,32.1,37.7,27,31.6,32.5,0
2011-12,103,West Virginia,31.8,33.7,41,31.2,32.5,0
2011-12,104,Arizona St,31.8,25.3,21,31.7,31.8,0
2011-12,105,Arkansas,31.5,32.3,30,35.6,28.6,0
2011-12,106,Tennessee,31.4,32,24,32.3,29.8,0
2011-12,106,Memphis,31.4,27,22,31.8,31,0
2011-12,108,Miami OH,31.3,27.3,28,33.8,28.7,0
2011-12,109,Colorado,30.8,34.3,30,35.8,27.8,0
2011-12,110,San Jose St,30.3,28.7,24,33.2,28.1,0
2011-12,111,Oklahoma St,29.9,21.7,14,29.8,30,0
2011-12,112,Duke,29.8,24.3,20,33.2,25.8,0
2011-12,113,Houston,29.3,26.7,16,29.3,29.3,0
2011-12,114,W Michigan,29.2,26.3,23,38.5,24.5,0
2011-12,115,Arizona,28.3,27.7,32,33.6,23.8,0
2011-12,116,Troy,28,22.3,25,30.4,26.3,0
2011-12,117,SMU,27.4,30.7,31,27,27.7,0
2011-12,118,C Michigan,27.1,23,24,26.5,27.4,0
2011-12,119,Oregon St,25,24.3,21,27,23.3,0
2011-12,120,Hawai'i,23,19.7,16,26.7,19.3,0
2012-13,1,Army,63.5,65.3,67,62.9,64.5,61.8
2012-13,2,Air Force,61.9,61,47,66.4,58.7,54.2
2012-13,3,Georgia Tech,57.7,60.7,63,57.3,58,55.8
2012-13,4,Navy,53.9,54.7,55,51.5,55.1,57.7
2012-13,5,Oregon,53.1,48.7,42,52.8,53.3,45.1
2012-13,6,New Mexico,52.9,50,37,55.4,51.1,34.5
2012-13,7,Nevada,51.8,56.3,73,46.8,55.4,48.2
2012-13,8,Tulsa,49.2,55.7,60,52.8,46,40.1
2012-13,9,Rice,48.1,49.7,54,48.2,48,38.9
2012-13,10,Nebraska,46.9,49.7,52,49.2,45,47.3
2012-13,11,Baylor,46.5,59.7,67,43.4,48.7,45.3
2012-13,12,Kansas,46.4,50,45,43,49.2,44.4
2012-13,13,Ohio St,46.3,49.7,52,45.9,47.3,43.3
2012-13,14,Clemson,46.1,47.7,50,45.2,47,37.2
2012-13,15,Ohio,45.7,42.7,38,45.2,46,42.3
2012-13,16,Arizona St,45.4,55,49,49.6,42.4,31.8
2012-13,17,Wisconsin,44.9,46,45,43.7,46,43.5
2012-13,18,Northwestern,44.9,43.7,37,53,36.8,42.5
2012-13,19,San Diego St,44.5,42.7,39,46.8,42.2,36.4
2012-13,20,N Illinois,43.4,42.3,32,46.6,41.4,41.7
2012-13,21,Louisiana Tech,43.2,41.3,22,46.7,39.7,38.8
2012-13,22,UCLA,42.8,33,28,47.6,38,39.4
2012-13,23,Texas A&M,42.3,39.7,31,37.5,45,39
2012-13,24,Syracuse,42.3,49,62,41.8,42.5,33.6
2012-13,25,Temple,42.1,43,37,40.8,43.4,49.1
2012-13,26,Mississippi,42,48.7,49,43.3,40.7,37.9
2012-13,27,Florida,41.9,37,30,43.3,40.5,36.5
2012-13,28,Buffalo,41.3,39.7,29,41,41.5,37.5
2012-13,29,LSU,41,33.7,25,45,35.4,41.7
2012-13,30,Toledo,40.8,36.3,37,40.8,40.9,42.2
2012-13,31,Alabama,40.8,47.7,45,38.3,42.9,38.3
2012-13,32,Florida Intl,40.8,43.3,45,42.2,39.3,36.6
2012-13,33,Arizona,40.7,46.3,36,42.9,37.6,28.3
2012-13,34,Kansas St,40.5,37.7,37,41.5,39.5,45.8
2012-13,35,Memphis,40.5,43.3,44,43.4,38,31.4
2012-13,36,Arkansas St,40.3,42,38,42.2,39,38.2
2012-13,37,Middle Tenn,40,32.3,29,34.5,43.1,35.8
2012-13,38,Maryland,39.9,38,37,43,37.3,34.9
2012-13,39,Southern Miss,39.8,30.7,32,42.7,37,38.5
2012-13,40,Vanderbilt,39.8,38.3,41,41,38.9,39.3
2012-13,40,Oklahoma St,39.8,39.7,41,43,36.5,29.9
2012-13,42,Penn St,39.4,41,45,36.4,43.6,38.9
2012-13,43,Marshall,39.3,47.3,45,37.2,41,34.3
2012-13,44,Stanford,39.1,42.3,35,38,40.3,39.8
2012-13,45,Virginia Tech,39.1,45.7,32,42,37,41.7
2012-13,46,BYU,39,32.7,30,43.6,35.7,37.5
2012-13,46,TCU,39,36.3,30,36,41.1,41.6
2012-13,48,W Kentucky,38.9,38,32,38,39.6,46.2
2012-13,49,Notre Dame,38.8,30.3,19,38.8,38.7,33.3
2012-13,50,Minnesota,38.8,34,54,37.3,40.2,38.9
2012-13,51,Michigan,38.6,37,45,38,39.1,43.1
2012-13,52,Pittsburgh,38.5,40,36,40.5,37.4,39.1
2012-13,53,N Texas,38.3,36,40,39.3,37.7,40
2012-13,54,Troy,38.1,36,39,36.2,40,28
2012-13,55,Kent St,38.1,38.7,36,36,39,34.7
2012-13,56,Missouri,37.9,42,36,39.3,36.2,44.4
2012-13,57,Michigan St,37.8,41.7,42,37.7,38,34.9
2012-13,58,UTEP,37.8,42,32,37.8,37.8,35.2
2012-13,59,Texas,37.8,31.3,31,39.8,36,45.3
2012-13,59,Ball St,37.8,40.3,24,40.6,36,33.3
2012-13,61,Georgia,37.7,32.7,38,40.5,35.3,41.1
2012-13,62,UCF,37.6,39,42,38.5,36.9,37.9
2012-13,63,Illinois,37.5,33.7,27,38.8,36,41.7
2012-13,63,E Michigan,37.5,42.3,37,37.4,37.7,48.5
2012-13,65,South Carolina,37.5,34.3,17,40.3,34.7,43
2012-13,66,California,37.5,40.7,40,36.2,39,35.8
2012-13,67,North Carolina,37.4,34.7,37,39.5,34.8,33.9
2012-13,68,Cincinnati,37.3,33.3,28,40.4,34.7,37.6
2012-13,69,Florida St,37.1,33,37,37.6,36.7,33.3
2012-13,69,Louisiana,37.1,44.7,42,38,36.4,34.6
2012-13,71,S Alabama,37,34,34,42.2,33.3,30
2012-13,72,West Virginia,36.9,41.3,37,36,38.2,31.8
2012-13,73,Boise St,36.8,39.3,36,39,34.9,37.8
2012-13,74,Wyoming,36.5,32,36,41,32.8,36.1
2012-13,75,Utah,36.3,34,36,36.2,36.3,36.2
2012-13,76,Purdue,36.3,37.7,38,35.5,37,40.2
2012-13,77,S Florida,35.9,29,20,32,39.2,39.1
2012-13,78,Fresno St,35.8,36.3,22,37.2,34.9,33.7
2012-13,79,Auburn,35.6,34.7,32,35,36.4,40.6
2012-13,80,Hawai'i,35.5,42.3,47,38,33.3,23
2012-13,81,Louisville,35.4,35,36,36.5,34.3,35.5
2012-13,82,Iowa St,35.3,38.7,28,37.5,33.2,41.6
2012-13,83,Colorado,35.2,40.7,35,29.8,39.7,30.8
2012-13,84,E Carolina,35.1,35,30,38.6,32.6,33.1
2012-13,85,Utah St,35,35.7,31,36.6,33.9,47.8
2012-13,86,UConn,34.9,36.7,29,38.2,31.7,38.5
2012-13,86,NC State,34.9,32.7,25,36.6,33.7,34.2
2012-13,88,Washington,34.8,36.3,38,34,35.3,34.5
2012-13,89,UL Monroe,34.6,32,38,33.6,35.3,37.8
2012-13,90,Bowling Green,34.5,34.3,30,35.8,33.9,32.1
2012-13,90,UMass,34.5,31.3,26,31.2,36.9,30
2012-13,92,UAB,34.4,32.3,27,34.8,34,33.3
2012-13,92,Texas St,34.4,34.7,40,37,32.2,42
2012-13,94,Duke,34.2,31,39,38,30.3,29.8
2012-13,95,Colorado St,34.1,37,36,34.4,33.8,37.4
2012-13,95,Virginia,34.1,31.7,20,35.5,32.4,37.4
2012-13,97,UNLV,33.8,31,24,34.3,33.2,41.8
2012-13,98,San Jose St,33.7,32,23,38.6,30.1,30.3
2012-13,99,Tennessee,33.6,33.7,32,33,34.4,31.4
2012-13,100,Oregon St,33.5,34,42,32.8,34.2,25
2012-13,101,Florida Atlantic,33.5,28.7,28,31,34.9,32.2
2012-13,102,UTSA,33.1,36.7,40,35.3,31.8,
2012-13,103,Wake Forest,33.1,30.7,44,35.2,30.6,35.1
2012-13,104,Oklahoma,32.8,32,34,27.8,36.3,36.1
2012-13,104,Houston,32.8,34.3,39,36.3,27.8,29.3
2012-13,106,Iowa,32.7,34.7,39,29,37.2,35
2012-13,107,W Michigan,32.5,27.3,20,32.8,32.2,29.2
2012-13,108,Mississippi St,32.1,31.3,33,34.7,29.5,39.4
2012-13,109,Indiana,32,28,35,25.6,37.3,39.5
2012-13,110,New Mexico St,31.8,35.7,42,29.8,33.5,34.2
2012-13,111,Rutgers,31.5,26.7,39,24.4,36.6,35
2012-13,112,Kentucky,31.2,34,37,32.7,29.4,33.9
2012-13,113,Miami,31.1,34.3,40,31.2,31,34
2012-13,114,SMU,30.9,33.3,37,28.7,33.2,27.4
2012-13,115,C Michigan,30.8,37.3,34,29.5,32.2,27.1
2012-13,116,USC,30.2,26.3,22,30.3,30.1,32.7
2012-13,117,Arkansas,30.2,28,24,28,32,31.5
2012-13,118,Akron,29.7,29.7,30,28.6,30.7,32.7
2012-13,119,Texas Tech,29.4,30,24,31.2,28.1,32.6
2012-13,120,Idaho,29,32.3,47,32.3,27.1,32.1
2012-13,121,Miami OH,27.7,25.7,25,29,27,31.3
2012-13,122,Boston College,27.4,32.3,29,30.8,24.5,35.3
2012-13,123,Tulane,23.3,24,21,22.1,25,32.7
2012-13,124,Washington St,20.2,24.3,24,23.5,18.3,32.2
2013-14,1,Navy,59.3,62,67,52.5,62.8,53.9
2013-14,2,Army,59.2,49,45,54,62.1,63.5
2013-14,3,Georgia Tech,55.5,50.7,49,58.2,53.3,57.7
2013-14,4,Auburn,52.8,59.7,53,49.7,56.3,35.6
2013-14,5,Air Force,52.1,49,44,53.5,50.4,61.9
2013-14,6,BYU,51.5,46.3,47,53.2,50.3,39
2013-14,7,Arizona,51,54.3,49,52.4,50,40.7
2013-14,8,New Mexico,50.3,46.3,53,51.8,48.8,52.9
2013-14,9,Rice,49.8,45,32,52,48.1,48.1
2013-14,10,Baylor,48.4,48,38,52.8,44,46.5
2013-14,11,Washington,46.4,51.3,43,50.8,42,34.8
2013-14,12,N Illinois,46.2,44.7,38,44.3,47.1,43.4
2013-14,13,Ohio St,45.2,44.7,48,44.8,45.6,46.3
2013-14,14,Minnesota,44.7,39.7,38,44,45.3,38.8
2013-14,15,Nevada,44.5,42.7,47,43.6,45.3,51.8
2013-14,16,UTEP,44.5,40.7,36,44.2,44.7,37.8
2013-14,17,Nebraska,44.4,40.3,43,45.7,42.6,46.9
2013-14,18,Texas,44.2,46.7,44,45.7,42.9,37.8
2013-14,19,UCLA,43.5,40,36,42.2,44.7,42.8
2013-14,20,Arkansas St,43.5,45.7,39,43,43.9,40.3
2013-14,20,Oregon,43.5,42,42,44.3,42.7,53.1
2013-14,22,NC State,43.5,39.7,54,47.1,37,34.9
2013-14,23,Arizona St,43.4,48,49,45.7,40.7,45.4
2013-14,24,Oklahoma,43,40.7,30,47.2,39.4,32.8
2013-14,25,Boise St,42.8,37.3,38,46.4,40.3,36.8
2013-14,26,Louisiana,42.6,38,46,40.3,43.8,37.1
2013-14,27,N Texas,42.2,41,45,44.2,40.6,38.3
2013-14,28,Syracuse,42.2,45.3,46,45.6,39.7,42.3
2013-14,29,Wisconsin,42,39.3,43,44.7,39.3,44.9
2013-14,30,Buffalo,41.8,38.3,38,44.5,40.5,41.3
2013-14,31,Missouri,41.8,41.7,47,41.8,41.7,37.9
2013-14,32,Penn St,41.8,43.3,28,45.9,36,39.4
2013-14,33,Iowa,41.7,42,37,39,44.3,32.7
2013-14,34,Northwestern,41.6,42,51,40.5,43,44.9
2013-14,35,Utah St,41.6,43.3,45,42.2,41.3,35
2013-14,36,Stanford,41.5,43.7,36,47.1,35.9,39.1
2013-14,37,Florida Atlantic,41.4,48,42,45,38.9,33.5
2013-14,38,Clemson,41.4,34,36,41.6,41.2,46.1
2013-14,39,Bowling Green,41.3,40.7,34,43.4,40,34.5
2013-14,40,Idaho,41.2,36.7,37,44,39.6,29
2013-14,41,S Alabama,41,49,52,45,37.7,37
2013-14,41,South Carolina,41,39.7,34,40.8,41.2,37.5
2013-14,43,Marshall,40.9,41.7,35,43.6,39.3,39.3
2013-14,44,Kansas St,40.7,34.3,36,40.9,40.4,40.5
2013-14,45,LSU,40.6,48,51,41.2,40,41
2013-14,46,Kansas,40.5,44.3,38,41.7,39,46.4
2013-14,46,Florida,40.5,33,24,40.6,40.3,41.9
2013-14,48,Colorado St,40.4,43,46,40.6,40.3,34.1
2013-14,49,Iowa St,40.4,43.3,53,41.4,39.5,35.3
2013-14,50,Tulsa,40.3,45,35,40,40.5,49.2
2013-14,50,Boston College,40.3,39.3,45,45.4,36.6,27.4
2013-14,52,Michigan St,40,32.7,35,39.7,40.3,37.8
2013-14,53,Middle Tenn,39.7,40,27,43.4,37,40
2013-14,54,Mississippi,39.6,37.3,48,41.2,38,42
2013-14,55,Mississippi St,39.4,42,46,39.2,39.7,32.1
2013-14,55,San Diego St,39.4,39,43,42.6,37.1,44.5
2013-14,57,Utah,39.4,40.3,44,40.5,38,36.3
2013-14,58,Cincinnati,39.3,38.3,36,41.8,37.4,37.3
2013-14,59,Toledo,39.2,47,45,46.8,32.8,40.8
2013-14,60,Vanderbilt,39.1,42.7,52,37.7,40.5,39.8
2013-14,61,Texas St,38.9,33.3,38,42,36.3,34.4
2013-14,62,UMass,38.7,44,51,40.8,37,34.5
2013-14,62,Virginia,38.7,37.7,27,36.9,42,34.1
2013-14,64,W Kentucky,38.5,38,28,37.5,39.1,38.9
2013-14,65,Oklahoma St,38.5,40,39,34.4,41.4,39.8
2013-14,66,Michigan,38.3,26.3,15,39.7,36.7,38.6
2013-14,67,UAB,38.3,35.7,36,38.5,38.1,34.4
2013-14,67,Arkansas,38.3,37,34,41.6,35.5,30.2
2013-14,69,UNLV,38.2,39.3,27,39.2,37.2,33.8
2013-14,70,USC,38.1,40.7,45,37.4,38.9,30.2
2013-14,71,Virginia Tech,38.1,39.3,38,41.8,35.4,39.1
2013-14,72,Duke,38.1,38,37,38.2,38,34.2
2013-14,73,Georgia,38,40,43,40.6,36.1,37.7
2013-14,74,Miami OH,37.6,41.7,51,34.4,39.9,27.7
2013-14,75,North Carolina,37.5,40,46,38.8,36.2,37.4
2013-14,76,Florida Intl,37.5,36.7,34,38.2,36.8,40.8
2013-14,77,Tennessee,37.1,43.7,43,42,31.2,33.6
2013-14,78,Wyoming,37,36.7,29,40.2,34.3,36.5
2013-14,79,E Carolina,36.8,36.7,41,36.6,36.9,35.1
2013-14,80,Indiana,36.7,41,54,39.3,32.3,32
2013-14,81,E Michigan,36.6,36.3,38,38.5,35.6,37.5
2013-14,81,San Jose St,36.6,38,45,37.6,35.8,33.7
2013-14,83,New Mexico St,36.3,38.3,43,32.5,40.8,31.8
2013-14,83,Memphis,36.3,31,29,35,37.8,40.5
2013-14,85,Troy,36.1,32,35,35.8,36.3,38.1
2013-14,86,Florida St,36.1,35.3,31,36.8,35.4,37.1
2013-14,86,UCF,36.1,35.3,44,36.8,35.4,37.6
2013-14,88,Maryland,35.8,40.3,49,33.4,37.6,39.9
2013-14,89,Alabama,35.8,34.3,35,34.5,37,40.8
2013-14,90,Hawai'i,35.7,47,52,37.8,33.5,35.5
2013-14,91,Akron,35.6,39.3,35,38.4,33.3,29.7
2013-14,92,Colorado,35.6,31.3,25,36.8,34.8,35.2
2013-14,93,Louisville,35.6,37.3,31,35,36.2,35.4
2013-14,94,UTSA,35.5,36.3,49,38.3,32.7,33.1
2013-14,95,Texas A&M,35.4,27.7,30,36.3,34.2,42.3
2013-14,96,Kentucky,35.2,34.3,33,34.8,35.6,31.2
2013-14,97,Kent St,35,40.3,42,32,36.7,38.1
2013-14,98,Tulane,34.8,30.7,28,35.6,34.3,23.3
2013-14,98,Ball St,34.8,34.7,39,33.6,35.7,37.8
2013-14,100,C Michigan,34.7,37.3,39,36.5,33.7,30.8
2013-14,100,West Virginia,34.7,38.3,36,40.6,29.8,36.9
2013-14,102,Ohio,34.7,33.3,37,35.8,33.5,45.7
2013-14,103,Illinois,34.6,35.7,32,33.7,35.8,37.5
2013-14,104,California,34.5,36,31,33,36.4,37.5
2013-14,105,Pittsburgh,33.9,33,39,35,32.8,38.5
2013-14,106,Temple,33.9,34.7,47,33.6,34.2,42.1
2013-14,107,Louisiana Tech,33.8,28.3,20,34.5,33.4,43.2
2013-14,108,Notre Dame,33.7,38,43,36.2,31.6,38.8
2013-14,109,Rutgers,33.3,34,26,35.3,31.2,31.5
2013-14,110,TCU,33.2,34,33,32.6,33.7,39
2013-14,111,UConn,32.7,32,26,30.7,35.2,34.9
2013-14,112,Miami,32.5,29,28,31,34,31.1
2013-14,113,Houston,32.1,29.3,27,28.3,33.3,32.8
2013-14,114,Texas Tech,32,32,34,32.4,31.7,29.4
2013-14,115,UL Monroe,31.9,33,32,29.3,33.4,34.6
2013-14,116,W Michigan,31.4,36,35,29.8,32.3,32.5
2013-14,117,Georgia St,31.1,34.7,25,29.3,32.6,32
2013-14,118,Fresno St,31.1,18.7,6,32.5,29.7,35.8
2013-14,119,S Florida,30.6,25,20,30.2,31.2,35.9
2013-14,120,Wake Forest,30.4,34.7,24,30.2,30.5,33.1
2013-14,121,Southern Miss,27.9,29.3,31,25.2,29.9,39.8
2013-14,122,Oregon St,27.6,31.3,33,25.8,28.9,33.5
2013-14,123,SMU,27.3,29,23,27,27.5,30.9
2013-14,124,Purdue,24.8,21.7,16,26.7,22.6,36.3
2013-14,125,Washington St,18.8,20,19,15.8,21,20.2
2014-15,1,Air Force,60.3,56,64,62,59,52.1
2014-15,2,Georgia Tech,57.5,63.3,61,55.4,58.8,55.5
2014-15,3,Navy,56.5,55.7,58,54.6,57.9,59.3
2014-15,4,Army,54.7,53.7,45,53.8,55.3,59.2
2014-15,5,Georgia So,53.5,48.7,59,60,49.9,54
2014-15,6,UAB,50.8,49.3,54,48.4,52.8,38.3
2014-15,7,New Mexico,48.7,40.3,32,47.2,50.2,50.3
2014-15,8,Boston College,47.6,48.7,46,44.2,51,40.3
2014-15,9,Baylor,47.4,37.7,22,50.2,45.4,48.4
2014-15,10,N Illinois,47,45,50,43.3,48.7,46.2
2014-15,11,LSU,46.9,42.3,38,50.5,43.3,40.6
2014-15,12,Wisconsin,46.8,45.7,54,52,42.4,42
2014-15,13,Auburn,46.7,41.7,43,50.2,43.2,52.8
2014-15,14,Minnesota,46.6,43.3,33,50.3,42.8,44.7
2014-15,15,Nebraska,46.2,37.3,43,51.8,40.5,44.4
2014-15,15,Pittsburgh,46.2,46.7,41,45.5,46.8,33.9
2014-15,17,Ohio St,46,47,61,45.7,46.3,45.2
2014-15,18,Mississippi St,45.5,43.7,33,46.8,44.2,39.4
2014-15,19,Michigan St,45.3,43.7,46,46.7,44,40
2014-15,20,App State,45.2,51,43,45.8,44.8,32
2014-15,21,Memphis,44.7,44.7,51,43.2,45.7,36.3
2014-15,22,Toledo,44.3,51,53,43.8,44.6,39.2
2014-15,23,Texas St,44.2,46.7,43,42.6,45.5,38.9
2014-15,24,Middle Tenn,44,45,44,44.8,43.3,39.7
2014-15,25,UTEP,43.9,39.7,46,49.5,39.1,44.5
2014-15,26,Arkansas St,43.9,41,32,45.6,42.7,43.5
2014-15,27,Rice,43.8,38,40,48,41.1,49.8
2014-15,28,Florida,43.5,41.7,43,43.6,43.5,40.5
2014-15,29,Boise St,43.5,40.3,34,48.1,38.9,42.8
2014-15,30,Utah,43.3,42,48,42.8,43.6,39.4
2014-15,31,Oregon,43.2,44,33,42.5,43.8,43.5
2014-15,32,Georgia,43.1,47.7,52,43.2,43,38
2014-15,32,Arkansas,43.1,43.3,50,43.6,42.7,38.3
2014-15,34,Oklahoma,42.8,49.7,31,44.5,41.4,43
2014-15,34,UCLA,42.8,36,39,45.5,40.6,43.5
2014-15,36,Indiana,42.7,45,46,42,43.3,36.7
2014-15,37,West Virginia,42.6,35.7,32,44.6,41.1,34.7
2014-15,38,Washington,42.3,32.3,25,44.3,40.6,46.4
2014-15,39,Louisiana,42.3,42.3,43,39.2,44.4,42.6
2014-15,40,Florida Intl,42.2,41.7,30,42.2,42.3,37.5
2014-15,41,Nevada,42,39.7,28,41.4,42.4,44.5
2014-15,42,BYU,41.8,40.7,42,42.6,41.3,51.5
2014-15,43,S Alabama,41.2,43,38,41.7,40.9,41
2014-15,44,Arizona,41.1,42.7,56,38.7,43.4,51
2014-15,45,Clemson,40.7,41.7,42,43,38.3,41.4
2014-15,46,Northwestern,40.5,47.3,38,37.7,43.8,41.6
2014-15,47,UCF,40.4,37.7,28,46,36.4,36.1
2014-15,48,USC,40.3,40,34,47.2,34.4,38.1
2014-15,49,Tennessee,40.2,41.7,51,39.3,41,37.1
2014-15,50,Alabama,40.2,39,34,40.7,39.7,35.8
2014-15,51,Idaho,40,40.3,42,38.4,41.3,41.2
2014-15,52,Bowling Green,39.9,41,49,41.4,39,41.3
2014-15,53,Iowa,39.8,37.7,35,40.2,39.5,41.7
2014-15,54,Tulsa,39.8,35.7,45,43.2,36.3,40.3
2014-15,54,San Diego St,39.8,44.7,33,46,35.3,39.4
2014-15,54,NC State,39.8,51,49,35.5,44,43.5
2014-15,57,Marshall,39.5,36.3,38,41.3,37.9,40.9
2014-15,58,Hawai'i,39.4,46.7,46,41.8,37,35.7
2014-15,59,Fresno St,39.4,40,42,38.4,40,31.1
2014-15,60,N Texas,39.4,37,37,42.6,36.7,42.2
2014-15,61,Oklahoma St,39.3,39.3,49,39,39.4,38.5
2014-15,62,Troy,39.2,44.7,32,41,37.7,36.1
2014-15,63,Ohio,39,44.7,40,45.2,33.8,34.7
2014-15,64,Buffalo,38.9,42.7,49,41,37.2,41.8
2014-15,65,Virginia Tech,38.8,41,44,35.5,42,38.1
2014-15,66,TCU,38.6,37,42,38.8,38.3,33.2
2014-15,66,Arizona St,38.6,38,35,41.2,36.7,43.4
2014-15,68,Louisville,38.5,38.7,27,39.4,37.9,35.6
2014-15,69,Missouri,38.5,36.3,45,37.3,39.4,41.8
2014-15,70,New Mexico St,38.4,39.3,34,43.4,34.2,36.3
2014-15,71,C Michigan,38.2,30.7,29,35,40.4,34.7
2014-15,72,Kansas,37.9,31.3,22,42.2,34.3,40.5
2014-15,73,Houston,37.8,41,40,38.5,37.2,32.1
2014-15,74,Kentucky,37.8,40.7,41,41,34,35.2
2014-15,75,San Jose St,37.6,41,31,41.5,35.4,36.6
2014-15,76,Rutgers,37.6,35.3,42,34,40.1,33.3
2014-15,77,W Michigan,37.4,35.3,26,39.8,36.3,31.4
2014-15,78,Virginia,37.4,36.7,35,42.2,31.6,38.7
2014-15,79,Duke,37.3,42,44,38.5,36.2,38.1
2014-15,80,Colorado,37.3,32.7,32,35.8,38.7,35.6
2014-15,81,North Carolina,37.1,41.7,40,34.6,38.9,37.5
2014-15,82,Notre Dame,37.1,35,51,35.8,38.1,33.7
2014-15,83,Stanford,36.9,45.7,45,35,38.3,41.5
2014-15,83,Florida Atlantic,36.9,36.3,36,38.8,35.6,41.4
2014-15,85,Mississippi,36.7,33.7,37,36.2,37.2,39.6
2014-15,85,UTSA,36.7,36.3,33,35.7,37.7,35.5
2014-15,87,E Michigan,36.6,35.7,34,40,34.7,36.6
2014-15,88,Texas,36.5,32.3,18,38.2,35,44.2
2014-15,89,Wyoming,36.5,41,50,34,38.5,37
2014-15,90,South Carolina,36.3,33.3,30,36.7,36,41
2014-15,91,Ball St,35.8,35.7,39,37,35,34.8
2014-15,92,Utah St,35.7,36.3,40,37,34.9,41.6
2014-15,93,California,35.6,36,41,34.2,36.8,34.5
2014-15,94,Syracuse,35.5,31.3,28,36.4,34.7,42.2
2014-15,95,Kansas St,35.4,37,32,38.7,32.2,40.7
2014-15,95,Michigan,35.4,39.3,38,36.6,33.8,38.3
2014-15,97,Louisiana Tech,35.1,37.3,31,36.8,34.3,33.8
2014-15,98,Cincinnati,34.9,36.3,33,35.2,34.7,39.3
2014-15,99,UNLV,34.8,35.7,36,36.2,33.9,38.2
2014-15,100,Penn St,34.7,32.7,29,34.6,34.8,41.8
2014-15,101,Tulane,34.5,32.3,31,32.2,36.3,34.8
2014-15,102,Miami,34.4,30.3,40,38,30.8,32.5
2014-15,103,Iowa St,34.2,39.3,32,37,30.8,40.4
2014-15,104,E Carolina,33.8,32.3,33,34.8,33,36.8
2014-15,105,Colorado St,33.5,32,19,37.6,30.6,40.4
2014-15,106,W Kentucky,33,31.7,32,33.8,32.3,38.5
2014-15,107,Purdue,32.5,30.7,34,31,34.4,24.8
2014-15,107,UConn,32.5,34.7,41,36.5,27.8,32.7
2014-15,109,Georgia St,32.5,31.3,27,29.8,34.7,31.1
2014-15,110,Illinois,32.4,35.7,33,29.7,35.2,34.6
2014-15,111,UMass,32.3,35,35,33.5,31,38.7
2014-15,112,Texas A&M,32.1,32,48,30,33.6,35.4
2014-15,113,Florida St,32,37.7,39,32.5,31.6,36.1
2014-15,114,Vanderbilt,31.9,29,36,34.3,27.8,39.1
2014-15,115,Wake Forest,31.5,33.7,24,35,28.7,30.4
2014-15,116,Maryland,31.4,32.3,27,29.8,32.6,35.8
2014-15,117,S Florida,31.1,32,22,32.5,29.4,30.6
2014-15,118,Oregon St,30.8,30.7,32,33,28.2,27.6
2014-15,119,Akron,30.5,32.3,30,31,30,35.6
2014-15,120,Southern Miss,30.4,35.7,28,31.2,29.7,27.9
2014-15,121,UL Monroe,30.3,21.3,16,35.4,26.6,31.9
2014-15,122,SMU,30.2,32.7,47,32.5,27.8,27.3
2014-15,123,Old Dominion,29.9,33,32,33,27.3,29.8
2014-15,123,Temple,29.9,27.3,30,34,26.5,33.9
2014-15,125,Miami OH,29.1,27,25,30,28.3,37.6
2014-15,126,Texas Tech,28.9,30,26,30.6,27.5,32
2014-15,127,Kent St,25.2,18.7,23,23.8,26.8,35
2014-15,128,Washington St,20,21.3,18,20,20,18.8
2015-16,1,Navy,58.4,50,71,62.8,55.3,56.5
2015-16,2,Air Force,57.9,45.7,53,63.4,54.5,60.3
2015-16,3,Georgia So,56.3,56,68,55.6,56.7,53.5
2015-16,4,Baylor,54.7,73,82,52.4,56.3,47.4
2015-16,5,Army,51.1,50.3,44,52,50.5,54.7
2015-16,6,San Diego St,48.9,50.3,52,51.8,46.4,39.8
2015-16,7,New Mexico,48.8,58.3,69,52.5,45.2,48.7
2015-16,8,Georgia Tech,48.1,48.3,41,48.5,47.6,57.5
2015-16,9,West Virginia,48.1,40,33,52.2,44,42.6
2015-16,10,Houston,47.7,45.7,53,47.1,48.3,37.8
2015-16,11,Tennessee,47.3,52,53,44.3,50.2,40.2
2015-16,12,Charlotte,46.8,44.7,32,45,48.3,
2015-16,13,Oregon,46.8,45.7,48,49.2,44.3,43.2
2015-16,14,Arkansas St,46.7,43.7,39,49.2,44.9,43.9
2015-16,15,N Illinois,46.2,35.3,30,48.2,44.9,47
2015-16,16,App State,45.8,43.7,49,43.2,47.7,45.2
2015-16,16,Indiana,45.8,49.3,47,49,42.7,42.7
2015-16,18,Auburn,45.8,48,56,44,47.5,46.7
2015-16,19,Tulsa,45.5,34.7,39,46.8,44.3,39.8
2015-16,20,S Florida,45.2,49.3,45,45.8,44.7,31.1
2015-16,21,Clemson,45.1,50.7,38,41,48.3,40.7
2015-16,22,Northwestern,44.3,47,37,47.2,41.3,40.5
2015-16,23,Oklahoma,44.2,44.7,33,44.7,43.7,42.8
2015-16,24,Texas,44.1,48,42,43.8,44.3,36.5
2015-16,25,Utah,43.7,48.7,47,43.4,44,43.3
2015-16,26,Stanford,43.5,42.7,34,44.6,42.4,36.9
2015-16,27,Rice,43.5,47.3,61,39.6,46.7,43.8
2015-16,28,Alabama,43.4,46.3,46,43.2,43.5,40.2
2015-16,29,Ohio St,43.3,45.7,54,41.4,45.5,46
2015-16,30,TCU,43,43,47,45.2,41.4,38.6
2015-16,31,Ohio,42.9,47.3,36,46.2,40.6,39
2015-16,32,Nevada,42.8,38.7,40,46.8,39.9,42
2015-16,33,Iowa St,42.4,41,41,38.8,45.3,34.2
2015-16,34,UTSA,42.3,44.3,43,37.3,47.3,36.7
2015-16,35,LSU,42.1,41.3,39,43.2,41,46.9
2015-16,36,Virginia Tech,42,40,43,42.6,41.6,38.8
2015-16,37,Memphis,41.8,35.7,31,37.8,44.7,44.7
2015-16,38,Colorado St,41.8,42.3,42,38.8,43.9,33.5
2015-16,39,Wyoming,41.7,37.3,46,43.8,40,36.5
2015-16,39,Vanderbilt,41.7,40.7,36,43,40.7,31.9
2015-16,41,SMU,41.6,40.7,47,41.7,41.6,30.2
2015-16,42,Florida Atlantic,41.4,44.3,54,36,46.8,36.9
2015-16,43,Boston College,41.3,36.3,40,45.8,36.8,47.6
2015-16,44,Boise St,41.2,41,56,46,37.7,43.5
2015-16,45,Arizona St,41,44,32,41.8,40.2,38.6
2015-16,45,NC State,41,50,51,42.8,39.7,39.8
2015-16,47,S Alabama,40.9,42,56,42.2,39.8,41.2
2015-16,48,Toledo,40.8,40.7,33,40.5,41.2,44.3
2015-16,49,Kansas St,40.8,40,22,43.5,38,35.4
2015-16,50,UNLV,40.5,34,34,40.2,40.8,34.8
2015-16,51,W Michigan,40.3,41.7,41,42.4,38.9,37.4
2015-16,52,Akron,40.3,46,42,36,43.3,30.5
2015-16,53,Iowa,40.2,30,38,42.2,38.6,39.8
2015-16,54,Arizona,40.1,33.3,32,44.2,37.1,41.1
2015-16,55,San Jose St,39.8,42.3,54,44.2,36.7,37.6
2015-16,55,Colorado,39.8,33,33,40.8,39.1,37.3
2015-16,57,Arkansas,39.5,40.7,42,41.2,38.3,43.1
2015-16,58,Wisconsin,39.4,44.7,46,38.4,40.5,46.8
2015-16,59,Michigan St,39.4,36.7,26,40.7,38,45.3
2015-16,60,Pittsburgh,38.8,32.3,21,35.8,41,46.2
2015-16,61,Duke,38.8,41.7,46,33.4,42.6,37.3
2015-16,62,Bowling Green,38.7,39.7,29,35.4,40.6,39.9
2015-16,63,Cincinnati,38.4,36.7,32,39.4,37.7,34.9
2015-16,64,Rutgers,38.4,41.3,47,40.2,36.2,37.6
2015-16,65,Texas St,38.2,46,43,40.8,36,44.2
2015-16,66,Nebraska,38.2,46,62,37.4,39,46.2
2015-16,67,UTEP,37.8,40,48,34,40,43.9
2015-16,68,Texas A&M,37.8,36.7,39,41.8,33.7,32.1
2015-16,69,Idaho,37.7,36,43,37,38.3,40
2015-16,70,Michigan,37.7,33.7,46,40.4,34.5,35.4
2015-16,71,Marshall,37.7,35,41,37.2,38,39.5
2015-16,72,USC,37.6,39.7,28,40,35.3,40.3
2015-16,73,Georgia,37.6,34.3,41,39.8,35.3,43.1
2015-16,74,North Carolina,37.3,36.3,36,38.6,36.4,37.1
2015-16,75,Louisiana,37.2,37.3,40,40,34.8,42.3
2015-16,76,Utah St,37.1,38,29,43.2,32.7,35.7
2015-16,77,New Mexico St,36.9,41,52,33.8,39.1,38.4
2015-16,77,Louisville,36.9,36,46,34,39,38.5
2015-16,79,N Texas,36.8,34,31,32.8,39.1,39.4
2015-16,80,Middle Tenn,36.8,36,26,41,33.7,44
2015-16,80,Washington,36.8,52.7,44,37,36.5,42.3
2015-16,82,Temple,36.7,32.7,33,40.5,33.9,29.9
2015-16,83,Notre Dame,36.7,32.7,32,40,33.9,37.1
2015-16,84,UConn,36.5,34,33,40.4,33.7,32.5
2015-16,85,Southern Miss,36.3,32.7,30,39.4,34.4,30.4
2015-16,86,Florida,36.2,29,27,36.6,35.9,43.5
2015-16,87,South Carolina,36.2,33.7,38,32.5,40.6,36.3
2015-16,88,Texas Tech,36.1,39,26,35.8,36.3,28.9
2015-16,89,Maryland,36,41.7,42,32.8,38.7,31.4
2015-16,90,Ball St,35.9,31,38,36.2,35.7,35.8
2015-16,91,Virginia,35.8,36.3,40,38,33.2,37.4
2015-16,92,Kansas,35.7,31.7,35,37.7,33.4,37.9
2015-16,93,Mississippi,35.5,35,37,37.5,33.5,36.7
2015-16,94,Oregon St,35.5,31.7,38,35.8,35.2,30.8
2015-16,95,Oklahoma St,35.4,27.3,30,32,38.8,39.3
2015-16,96,Miami OH,35.2,41.3,46,38.2,32.7,29.1
2015-16,97,Syracuse,35.1,37,45,33.3,37.2,35.5
2015-16,98,UCLA,35,27.7,16,32.5,37.1,42.8
2015-16,99,E Michigan,34.9,32,31,31.7,38.2,36.6
2015-16,100,Fresno St,34.9,42,45,36.6,33.5,39.4
2015-16,101,Kentucky,34.8,39.3,37,35.9,33,37.8
2015-16,102,Buffalo,34.7,31.3,43,34.4,35,38.9
2015-16,103,Kent St,34.5,25.7,20,36.6,32.8,25.2
2015-16,104,Minnesota,34.3,29.7,39,32.9,36,46.6
2015-16,105,Wake Forest,34.1,33,23,32.2,35.7,31.5
2015-16,106,Purdue,33.8,34.7,36,32.7,35.2,32.5
2015-16,107,E Carolina,33.7,28.3,18,34.6,33,33.8
2015-16,108,California,33.3,26.3,34,32.8,33.7,35.6
2015-16,109,Louisiana Tech,33.2,29,36,33.8,32.7,35.1
2015-16,109,Miami,33.2,32.7,30,32.4,33.7,34.4
2015-16,111,Missouri,33.1,36.3,25,35.2,31.3,38.5
2015-16,112,W Kentucky,33.1,37.3,33,36.3,30.6,33
2015-16,113,Penn St,32.6,26.3,32,34.1,30.8,34.7
2015-16,114,Hawai'i,32.6,43,52,33.8,31.3,39.4
2015-16,115,Mississippi St,32.5,34.7,35,33.5,31.5,45.5
2015-16,115,UMass,32.5,44.7,49,29.5,35.5,32.3
2015-16,117,Georgia St,32.4,33.3,20,30.4,33.9,32.5
2015-16,118,Florida St,32.3,30.3,23,37.8,26.8,32
2015-16,119,Tulane,32.3,34,41,33,31.7,34.5
2015-16,120,UL Monroe,32.3,33.3,43,38,29.4,30.3
2015-16,121,Troy,32.1,25.3,33,30.8,32.9,39.2
2015-16,122,C Michigan,32.1,35.7,28,32.2,32,38.2
2015-16,123,Illinois,31.6,30.3,31,29,33.8,32.4
2015-16,124,Old Dominion,31.1,26,24,27.5,35.4,29.9
2015-16,125,BYU,30.9,30,25,37.2,26.4,41.8
2015-16,126,Florida Intl,30.5,32.3,29,31.3,30.1,42.2
2015-16,127,UCF,28.4,32,27,25.8,30.5,40.4
2015-16,128,Washington St,22,19.3,25,20.6,23,20
2016-17,1,Air Force,63.4,68.3,65,73.6,56.1,57.9
2016-17,2,Army,61.2,61.7,73,58.7,62.1,51.1
2016-17,3,New Mexico,53.3,48.7,52,57.2,50.4,48.8
2016-17,4,Navy,53,39.7,49,59,49.3,58.4
2016-17,5,Tulsa,52.3,55.7,46,58.8,47.7,45.5
2016-17,6,Texas,49.6,53,46,50,49.2,44.1
2016-17,7,Baylor,48.8,45.7,43,43.8,52.3,54.7
2016-17,7,Auburn,48.8,34.7,46,53.3,42.4,45.8
2016-17,9,Tulane,48.5,41.7,56,43.6,52.7,32.3
2016-17,10,Georgia So,48.5,38.7,42,41.8,52.3,56.3
2016-17,11,Wisconsin,47,44.7,38,49.8,44.9,39.4
2016-17,12,Georgia Tech,46.5,41.3,51,43.3,49.7,48.1
2016-17,13,N Illinois,46.2,55.3,71,44,47.4,46.2
2016-17,14,San Diego St,45.8,43,37,45.2,46.1,48.9
2016-17,15,Kansas St,45.7,50,41,51.2,41.7,40.8
2016-17,16,Louisiana,45.5,47,47,38,50.9,37.2
2016-17,17,Virginia Tech,45.2,42.3,41,44.6,45.5,42
2016-17,18,Ohio St,44.8,39.3,23,48.4,40.7,43.3
2016-17,19,Wyoming,44.5,40.7,46,47.2,42.3,41.7
2016-17,20,Colorado,44.5,32,29,51,40.4,39.8
2016-17,21,Utah,44.4,43.3,52,43.6,45,43.7
2016-17,22,Michigan,44.2,43,36,45.3,42.4,37.7
2016-17,23,S Florida,44.1,46.3,48,45.3,42.8,45.2
2016-17,24,W Michigan,44.1,41,31,41.4,45.8,40.3
2016-17,25,West Virginia,44,50.7,39,46.3,41.7,48.1
2016-17,25,Oklahoma,44,53,43,42.3,45.4,44.2
2016-17,27,Kentucky,43.8,44.7,36,43.7,43.8,34.8
2016-17,28,App State,43.5,47,47,43.7,43.4,45.8
2016-17,29,UNLV,43.4,47.3,34,46.6,40.7,40.5
2016-17,30,Alabama,43.1,40.7,34,42.3,43.6,43.4
2016-17,31,Minnesota,42.8,39.7,41,42.8,42.8,34.3
2016-17,32,Bowling Green,42.6,59.7,67,51.8,35,38.7
2016-17,33,Boston College,42.5,47.7,52,46.8,39.4,41.3
2016-17,34,UL Monroe,42.4,45.3,38,48.8,38.7,32.3
2016-17,35,Pittsburgh,42.3,37.3,32,41.8,42.8,38.8
2016-17,36,Ball St,42.3,35.3,40,41,43,35.9
2016-17,37,Arizona,42,46.7,48,46.7,36.4,40.1
2016-17,38,BYU,41.9,46,35,44,40.4,30.9
2016-17,39,Missouri,41.9,44.7,30,40.5,43.6,33.1
2016-17,40,Oregon,41.5,39.3,30,44.8,38.7,46.8
2016-17,41,Colorado St,41.4,39.3,30,43.4,40,41.8
2016-17,42,Southern Miss,41.1,40,32,36.2,44.6,36.3
2016-17,43,Indiana,41.1,42.3,37,42.6,39.3,45.8
2016-17,44,Georgia,41,41,42,41,41,37.6
2016-17,44,Tennessee,41,38.7,38,41.5,40.5,47.3
2016-17,46,Houston,40.8,35.3,41,40.4,41.1,47.7
2016-17,46,UTSA,40.8,40,38,40.6,41,42.3
2016-17,48,Charlotte,40.8,33.3,19,43.2,38.8,46.8
2016-17,49,Maryland,40.8,34.7,34,41.8,40,36
2016-17,50,Mississippi St,40.6,38.3,33,41,40.3,32.5
2016-17,51,Rice,40.5,41.7,39,44.6,37.2,43.5
2016-17,52,Louisville,40.4,40.3,35,40.5,40.3,36.9
2016-17,53,Arkansas St,40.3,38.3,38,42,39,46.7
2016-17,54,Florida St,40.2,40,35,37.6,42,32.3
2016-17,55,Nebraska,40.2,34.7,28,43.3,36.5,38.2
2016-17,55,Temple,40.2,35,23,43.5,37.3,36.7
2016-17,57,Stanford,40.1,45.3,43,39.5,40.6,43.5
2016-17,58,Nevada,40,44.3,49,45.8,35.2,42.8
2016-17,59,Toledo,39.9,30,28,39.2,40.4,40.8
2016-17,60,Arkansas,39.8,40,34,40.7,39,39.5
2016-17,61,Iowa,39.8,45.7,41,38.2,41.3,40.2
2016-17,62,Rutgers,39.6,36.3,40,39.7,39.6,38.4
2016-17,63,Wake Forest,39.5,38,43,38.3,40.7,34.1
2016-17,64,Iowa St,39.4,41,34,36.7,42.6,42.4
2016-17,65,UCF,39.3,32.7,30,39.6,39.1,28.4
2016-17,66,Michigan St,39.2,42.3,42,34.8,44.4,39.4
2016-17,66,SMU,39.2,43.7,37,38,40.2,41.6
2016-17,68,Northwestern,39.2,44,50,36.5,41.8,44.3
2016-17,69,Clemson,39.1,43.7,42,37.3,40.4,45.1
2016-17,70,USC,38.9,43.3,34,41,37.1,37.6
2016-17,71,Arizona St,38.9,37.3,38,43.6,35,41
2016-17,72,Florida Atlantic,38.8,41,53,36,41.2,41.4
2016-17,73,Old Dominion,38.5,44.3,39,44.8,34,31.1
2016-17,74,Ohio,38.5,29,30,38.4,38.5,42.9
2016-17,75,San Jose St,38.5,40.7,48,41.8,35.7,39.8
2016-17,76,Penn St,38.3,31.7,33,40.4,36.1,32.6
2016-17,77,LSU,38.3,44,41,37,39.8,42.1
2016-17,78,Kent St,38.1,28.3,29,38.3,38,34.5
2016-17,79,Washington,38,39.3,29,33.3,42,36.8
2016-17,80,Boise St,37.9,36.7,38,41.7,34.7,41.2
2016-17,81,Vanderbilt,37.9,39.7,35,41.6,35.3,41.7
2016-17,82,Idaho,37.8,43.7,51,39.5,36.9,37.7
2016-17,82,New Mexico St,37.8,40,48,37.8,37.7,36.9
2016-17,82,Memphis,37.8,39.7,32,39,36.5,41.8
2016-17,82,Oklahoma St,37.8,41,41,33.8,41.7,35.4
2016-17,86,TCU,37.6,40.7,39,35.5,39.7,43
2016-17,87,Syracuse,37.5,36,45,40.6,34.8,35.1
2016-17,88,Duke,37.4,34.3,26,42.2,33.3,38.8
2016-17,89,NC State,37.3,39.3,36,37,37.5,41
2016-17,90,Texas A&M,37.2,33,28,39.2,35.2,37.8
2016-17,91,Troy,36.8,35,31,36.8,36.9,32.1
2016-17,92,Miami OH,36.6,33,35,34.6,38,35.2
2016-17,93,Notre Dame,36.5,38.7,37,34.7,38.3,36.7
2016-17,94,Oregon St,36.5,44.3,53,41.2,30.8,35.5
2016-17,95,E Michigan,36.3,42,38,35.6,36.9,34.9
2016-17,96,Fresno St,36.1,42.3,41,38.2,34.3,34.9
2016-17,97,S Alabama,35.6,35,21,39.6,32.3,40.9
2016-17,98,Mississippi,35.3,37.3,38,37,33.2,35.5
2016-17,99,Florida Intl,35.3,35.7,36,36.9,33,30.5
2016-17,100,W Kentucky,35.2,39.7,48,36.2,34.3,33.1
2016-17,101,South Carolina,34.9,31,34,38,31.8,36.2
2016-17,102,Florida,34.8,30.3,32,39.6,31.8,36.2
2016-17,103,California,34.5,36,54,36,33,33.3
2016-17,104,Buffalo,34.4,36,32,39,30.5,34.7
2016-17,105,Texas St,34.2,42,46,34.4,34,38.2
2016-17,106,Hawai'i,33.8,32.7,42,35.6,32.8,32.6
2016-17,107,Kansas,33.6,35.3,27,34.2,33.2,35.7
2016-17,108,UConn,33.5,23,24,37.2,29,36.5
2016-17,109,E Carolina,33.3,28,27,32.4,34,33.7
2016-17,110,Miami,33.3,32,34,33.8,32.9,33.2
2016-17,111,Utah St,33.2,35.3,28,34.6,32,37.1
2016-17,112,Virginia,33,35.3,31,30.4,35.2,35.8
2016-17,112,Cincinnati,33,34.7,33,34,31.8,38.4
2016-17,112,UTEP,33,32.7,40,32,34.2,37.8
2016-17,115,Texas Tech,32.8,35.3,32,31.2,34.2,36.1
2016-17,116,Marshall,32.4,35.3,39,37.8,25.8,37.7
2016-17,117,Akron,31.9,35.7,32,32.8,31.2,40.3
2016-17,118,Middle Tenn,31.5,36.7,23,37.5,28.5,36.8
2016-17,119,N Texas,31.3,27.7,27,32.8,30.1,36.8
2016-17,120,North Carolina,31.2,30,37,28,33,37.3
2016-17,121,UMass,31.1,27.3,34,30.8,31.3,32.5
2016-17,122,C Michigan,30.8,26.3,22,33,29.1,32.1
2016-17,123,Louisiana Tech,29.6,23.7,33,29.5,29.7,33.2
2016-17,124,Purdue,29.2,29.3,34,28.3,30.2,33.8
2016-17,125,UCLA,28.8,24,24,28.2,29.3,35
2016-17,126,Illinois,28.5,23.7,26,29.8,26.8,31.6
2016-17,127,Washington St,27.9,23,23,32.8,23,22
2016-17,128,Georgia St,27,25.7,24,29.2,25.2,32.4
2017-18,1,Air Force,63.3,64.7,82,63,63.5,63
2017-18,2,Navy,63.2,60.7,76,64.7,62,52.8
2017-18,3,Army,61.5,67.7,87,56.8,64.9,61.2
2017-18,4,Georgia Tech,58.3,50,46,60.4,56.2,46.6
2017-18,5,Georgia So,53.4,60.7,51,57.8,50.9,48.5
2017-18,6,S Florida,53.2,44,48,56.4,50.5,43.8
2017-18,7,Tulsa,49.3,48,54,47.3,51.3,52.3
2017-18,8,Mississippi St,48.7,55,55,50.8,46.5,40.2
2017-18,9,Oregon,48,42.3,28,48.8,47.2,41.5
2017-18,10,Tulane,47.6,47.3,43,45.8,49.2,48.5
2017-18,11,Boston College,47.5,49.3,43,46.7,48.3,42.5
2017-18,12,Arizona,46.9,46.3,43,46.2,47.4,42
2017-18,13,Florida Atlantic,46.7,55,60,45,48.7,38.6
2017-18,14,W Michigan,46.5,41.7,31,48.4,44.8,44.1
2017-18,15,Virginia Tech,46.3,47.7,50,43.8,48.1,45.2
2017-18,16,Auburn,46.1,41.3,44,47.7,44.7,48.8
2017-18,17,New Mexico,45.5,44,34,47.6,43.8,53.3
2017-18,18,Wisconsin,44.7,38.3,44,45.1,44.3,47
2017-18,19,Alabama,44.3,39.3,42,43.5,45,43
2017-18,20,Georgia,44.2,39.3,34,47.4,42.1,41
2017-18,21,UNLV,43.8,43.3,50,42.4,45,43.4
2017-18,22,Minnesota,43.8,40.7,39,42.1,46,42.8
2017-18,23,San Diego St,43.5,35.3,21,41.2,45.8,45.7
2017-18,24,Arizona St,43.4,42.7,30,41.1,46,38.9
2017-18,25,LSU,43.1,47,42,40.2,45.1,38.3
2017-18,26,Notre Dame,43,36,33,42.6,43.5,36.5
2017-18,27,Clemson,42.4,39.7,33,46.8,38.6,39.1
2017-18,28,N Illinois,42.3,39.3,29,43,41.9,46.2
2017-18,29,Kent St,42.3,43,45,40.8,43.1,38.1
2017-18,30,Ohio St,42.1,42.7,38,42.3,42,44.8
2017-18,31,Michigan St,42,52.3,48,40.9,43.3,39.2
2017-18,32,Ball St,41.9,45.3,56,44.2,40,42.3
2017-18,33,Ohio,41.7,39.3,32,42.8,40.9,38.5
2017-18,34,Duke,41.5,49.3,52,42.7,40.3,37.4
2017-18,35,Colorado,41.4,36,35,45.2,38.2,44.1
2017-18,36,Northwestern,41.3,52.7,56,41.4,41.2,39.2
2017-18,37,Wake Forest,40.8,36.3,46,39,42.1,39.5
2017-18,38,Michigan,40.7,35.3,33,40.3,41,43.9
2017-18,39,Kansas St,40.7,42.7,49,39.5,41.8,45.7
2017-18,40,UConn,40.6,46,52,39.2,41.8,33.5
2017-18,41,UTSA,40.6,40,45,37,43,40.8
2017-18,42,Rice,40.5,47,42,43,38.7,40.5
2017-18,43,App State,40.2,48.7,53,40.2,40.1,43.5
2017-18,44,Colorado St,40,42.7,31,39.4,40.4,41.4
2017-18,45,Utah,39.9,50,53,39.3,40.5,44.4
2017-18,46,Texas St,39.9,33.3,45,33.8,45,34.2
2017-18,47,Syracuse,39.8,35,28,40.8,38.6,37.5
2017-18,48,Toledo,39.6,32.7,21,39.2,39.9,39.9
2017-18,49,UAB,39.3,29.3,25,41.6,37.6,
2017-18,50,Old Dominion,39.1,36,33,41,37.5,38.5
2017-18,51,Oklahoma,39,41,45,38,39.8,44
2017-18,52,Texas,38.9,38.7,41,39.3,38.6,49.6
2017-18,53,USC,38.7,40,36,40.3,37.1,38.6
2017-18,54,UCF,38.7,38.7,36,41.7,35.7,39.3
2017-18,55,Arkansas St,38.6,42.3,39,46,34.4,40.3
2017-18,56,Oklahoma St,38.5,34.7,31,35.5,41.1,37.8
2017-18,57,Texas A&M,38.3,34,31,35.7,40.8,37.2
2017-18,57,NC State,38.3,43.7,44,39.6,37.3,37.3
2017-18,57,UL Monroe,38.3,34,22,38.2,38.3,42.4
2017-18,60,TCU,38.2,28.7,26,41.8,36,37.6
2017-18,61,Louisiana Tech,38.2,41.3,38,40,36.3,29.6
2017-18,62,Arkansas,37.9,33,31,37.3,38.6,39.8
2017-18,63,Boise St,37.9,38.7,47,35,40.7,37.9
2017-18,64,Southern Miss,37.8,38.3,28,36,39.1,41
2017-18,64,Florida Intl,37.8,41,40,40,35.7,35.3
2017-18,66,Louisiana,37.8,33.3,35,37.5,38,45.3
2017-18,67,Louisville,37.4,41.3,39,35,39.1,40.4
2017-18,67,Kentucky,37.4,34,22,38.7,36.2,43.8
2017-18,69,Coastal Car,37.3,39.7,42,35.6,38.7,
2017-18,70,Houston,37.2,31.7,30,36.7,37.7,40.8
2017-18,71,Georgia St,37.1,36,43,32.5,39.7,27
2017-18,72,Pittsburgh,37,40,45,38.2,35.6,42.3
2017-18,72,Iowa,37,41.3,39,38.6,35.2,39.8
2017-18,74,Missouri,36.9,44,33,36.7,37.2,41.9
2017-18,75,Indiana,36.7,40.7,32,34.4,38.7,41.1
2017-18,76,Idaho,36.5,37,40,36.6,36.5,37.8
2017-18,77,SMU,36.5,37,41,38.2,34.8,39.2
2017-18,78,Florida,36.5,35.3,34,40.7,31.4,34.8
2017-18,79,Maryland,36.4,29.3,25,33,39.2,40.8
2017-18,80,Utah St,36.3,37.7,45,35.2,37.1,33.2
2017-18,80,Washington,36.3,34.3,26,40.3,32.3,38
2017-18,82,Fresno St,36.3,34.7,39,35.2,37,36.1
2017-18,83,Temple,36.2,36.7,41,32.6,38.7,40.2
2017-18,84,Florida St,35.9,41.3,45,37.8,34.6,40.2
2017-18,84,San Jose St,35.9,43.7,43,34.4,37,38.3
2017-18,86,Bowling Green,35.8,31.3,31,41.3,32.7,42.6
2017-18,87,Miami OH,35.6,33.7,29,38.2,33.5,36.5
2017-18,88,West Virginia,35.5,33.7,21,36.4,34.9,44
2017-18,89,N Texas,35.2,34.7,25,37.8,33.5,31.3
2017-18,90,E Michigan,35.1,44,53,39.6,31.9,36.3
2017-18,91,Texas Tech,34.9,36.7,35,33.6,35.9,32.8
2017-18,92,North Carolina,34.9,34,24,35,34.8,31.2
2017-18,93,Marshall,34.8,27.3,33,33.7,35.9,32.4
2017-18,94,Wyoming,34.8,37.7,42,31.7,38,44.4
2017-18,95,Memphis,34.8,35,26,34.7,34.8,37.8
2017-18,96,Rutgers,34.7,28,12,32.4,36.7,39.6
2017-18,96,UMass,34.7,29.7,24,39.4,30.8,30.9
2017-18,96,Charlotte,34.7,33.3,30,34.2,35.2,40.8
2017-18,96,California,34.7,38.3,42,39.4,30.8,34.5
2017-18,100,Penn St,34.7,40.3,38,31.4,38.5,38.3
2017-18,101,Baylor,34.5,32,29,36.6,32.8,48.8
2017-18,102,Oregon St,34.5,36.3,36,34.8,34.2,36.3
2017-18,103,Purdue,34.4,37.3,40,36.3,32.7,29.2
2017-18,104,Stanford,34.3,36.7,34,39.8,30.1,40.2
2017-18,105,Tennessee,34.2,30.3,21,33.3,35.2,41
2017-18,106,Hawai'i,33.7,33,15,29.2,37.5,33.8
2017-18,107,Buffalo,33.6,35,26,36.6,31.2,34.4
2017-18,108,C Michigan,33.6,30,27,33.5,33.6,30.8
2017-18,109,Kansas,33.3,30.7,30,34.2,32.2,33.6
2017-18,109,E Carolina,33.3,34,37,31.5,35.4,33.3
2017-18,111,Middle Tenn,32.8,37.3,29,36.7,29.6,31.3
2017-18,112,Iowa St,32.7,37.3,42,29.2,35.1,39.4
2017-18,113,Illinois,32.2,30.3,33,34.6,28.8,28.5
2017-18,114,Akron,31.9,36.3,37,30.2,33,31.9
2017-18,115,Mississippi,31.9,38,32,34.7,28.6,35.3
2017-18,116,Miami,31.8,27.3,29,33.1,29.8,33.3
2017-18,117,Troy,31.2,31.3,38,29,32.7,36.8
2017-18,118,Cincinnati,31.1,30.7,26,31,31.2,32.9
2017-18,119,BYU,30.8,40.7,54,27.6,33,41.9
2017-18,120,Nebraska,30.7,26.7,21,30.7,30.6,40.2
2017-18,121,S Alabama,30.5,24,24,34,27.7,35.6
2017-18,122,UCLA,30.5,31,25,32.2,29.1,28.8
2017-18,123,South Carolina,30.5,32.7,26,32.7,28.3,34.9
2017-18,124,Virginia,29.8,22,18,27.5,32,33
2017-18,125,W Kentucky,29.3,27.3,21,34.2,25.7,35.2
2017-18,126,UTEP,28.8,32.3,30,27,30,33.2
2017-18,127,Vanderbilt,28.5,31,43,25.8,31.6,37.9
2017-18,128,Nevada,27.8,30.3,29,31,25.2,40
2017-18,129,New Mexico St,27.2,29.7,29,27,27.3,37.7
2017-18,130,Washington St,23.2,13,8,28.5,17.8,27.9
2018-19,1,Army,64.3,55.7,58,68.3,62,61.5
2018-19,2,Air Force,57.8,66.3,67,58.2,57.5,63.3
2018-19,3,Georgia Tech,57.6,47.3,44,54.2,60,58.3
2018-19,4,Navy,55.6,47.7,37,63.8,51.5,63.2
2018-19,5,Georgia So,48.8,51,58,46,50.7,53.4
2018-19,6,Wake Forest,47.6,45,50,47.5,47.7,40.8
2018-19,7,Tulsa,47.2,45,50,46.6,47.7,49.3
2018-19,8,Tulane,46.8,47.7,68,45,48.1,47.6
2018-19,9,Boston College,46,38,32,50.8,40.2,47.5
2018-19,10,Florida Atlantic,45.9,51.3,49,42.8,48.5,46.7
2018-19,11,Syracuse,45.8,45,43,45.4,46.1,39.8
2018-19,12,UCF,45.5,50,30,47.1,43.2,38.7
2018-19,13,Cincinnati,45.4,43,36,42.6,47.4,31.1
2018-19,14,Wisconsin,43.9,46.7,58,45.7,41.8,44.7
2018-19,15,Memphis,43.7,52.3,53,47.8,40.1,34.8
2018-19,16,W Michigan,43.7,50.7,39,37.8,47.9,46.5
2018-19,16,LSU,43.7,46,52,42.2,45.2,43.1
2018-19,18,UNLV,43.6,48.7,50,41.4,45.5,43.8
2018-19,19,UAB,43.5,39.7,36,46.6,41.6,39.3
2018-19,20,Charlotte,43.5,49,49,47.4,40.2,34.7
2018-19,21,Ohio,43,49,40,51.6,36.9,41.4
2018-19,22,Coastal Car,42.7,33.7,30,38.4,46.3,37.4
2018-19,23,N Illinois,42.6,40.3,44,43.6,42.1,42.1
2018-19,24,Missouri,42.4,44.3,42,41.5,43.3,36.9
2018-19,25,Wyoming,42.3,49,54,41.2,43.2,34.8
2018-19,26,Michigan,42.2,40,30,44.4,39.7,40.7
2018-19,27,Buffalo,42,45.7,33,42.4,41.8,33.6
2018-19,28,Kansas St,41.8,45.7,47,43.8,39.4,40.7
2018-19,29,Arizona,41.4,42.7,44,41.3,41.4,46.9
2018-19,30,Houston,41.1,43.3,41,44,39,37.2
2018-19,31,Pittsburgh,41.1,42.7,42,43.6,39.5,37
2018-19,31,Notre Dame,41.1,34,35,46.2,36.7,43
2018-19,33,App State,41,41,34,44.4,38.6,40.3
2018-19,34,Georgia,40.9,37,30,41.7,40.3,44.2
2018-19,35,Florida,40.9,51,39,38.2,43.2,36.4
2018-19,36,Kentucky,40.8,42.7,42,43.7,38,37.4
2018-19,37,Washington,40.8,40,36,40.6,40.9,36.3
2018-19,38,Ohio St,40.6,38,32,40.9,40.4,42
2018-19,39,S Alabama,40.6,46.3,51,39.4,41.7,30.5
2018-19,40,Utah,40.5,31.3,32,41.8,39.8,39.9
2018-19,41,Maryland,40.5,47.3,36,38.7,42.3,36.4
2018-19,41,Toledo,40.5,41.3,27,40.2,40.8,39.6
2018-19,41,Texas,40.5,40.7,49,44.3,37.6,38.9
2018-19,44,UConn,40.5,44.3,55,44.2,37.3,40.6
2018-19,45,Liberty,40.3,39.7,47,43,38.5,43
2018-19,46,Illinois,40.3,41,32,40.2,40.3,32.2
2018-19,47,Minnesota,40.2,41.7,43,40.3,40.2,43.8
2018-19,48,Kent St,40.1,40,45,39.8,40.3,42.3
2018-19,49,Penn St,40,41.3,41,41.4,38.3,34.7
2018-19,49,Oregon St,40,32,28,39,40.8,34.5
2018-19,51,Boise St,39.9,47,55,42.7,36.7,37.9
2018-19,52,Oregon,39.9,42.7,27,45,34.8,48
2018-19,53,New Mexico,39.9,38.3,34,37.2,42.2,45.5
2018-19,54,S Florida,39.8,43.3,35,37.8,41.8,53.2
2018-19,55,Mississippi St,39.8,46.7,42,41.7,37.8,48.7
2018-19,56,Texas A&M,39.6,41.3,34,43,36.2,38.3
2018-19,57,San Diego St,39.5,35.7,36,42.3,36.7,43.5
2018-19,58,Virginia Tech,39.3,42.7,45,35,43.5,46.3
2018-19,59,Nebraska,39.2,32.3,33,41.3,36.6,30.7
2018-19,60,Alabama,39.1,36,37,39,39.3,43.8
2018-19,61,Louisiana,39.1,41,30,39.2,39,37.8
2018-19,62,Temple,39,34.7,29,36.4,40.9,36.2
2018-19,63,Arkansas St,38.9,44,47,37.2,40.1,38.6
2018-19,64,Baylor,38.8,45.7,46,39.6,38.3,34.5
2018-19,65,Oklahoma St,38.7,36.7,35,40.5,36.8,38.5
2018-19,66,Georgia St,38.6,36.3,32,39.2,38.2,37.1
2018-19,67,Arizona St,38.4,36.7,38,40.3,36.7,43.4
2018-19,68,Clemson,38.1,34.3,31,43.2,34.3,42.4
2018-19,69,NC State,37.9,41,37,39.5,36.3,38
2018-19,70,E Michigan,37.8,39.3,24,35,39.7,34.9
2018-19,70,Auburn,37.8,52,52,37.7,37.8,46.1
2018-19,72,Virginia,37.6,39.7,48,37.8,37.4,29.8
2018-19,73,Oklahoma,37.5,36.7,32,36.3,38.7,39
2018-19,73,UCLA,37.5,39,37,35.7,40,30.2
2018-19,73,TCU,37.5,48.7,59,35.8,38.7,38.2
2018-19,76,W Kentucky,37.2,45,51,41.3,34.9,29.3
2018-19,77,California,37.1,34.3,30,38.7,35.5,34.7
2018-19,77,Marshall,37.1,37,44,39.2,35.6,34.8
2018-19,79,Florida Intl,37,34,43,37.5,36.5,37.8
2018-19,79,Northwestern,37,36.7,40,37.1,36.9,41.3
2018-19,79,Troy,37,35.3,31,40,34.9,31.2
2018-19,82,C Michigan,36.9,31,32,37.2,36.7,33.3
2018-19,83,Miami,36.8,29,23,41,33.9,31.6
2018-19,84,Miami OH,36.8,42.7,53,35.2,38.3,35.4
2018-19,85,Rice,36.7,39,45,38,35.7,40.5
2018-19,86,Arkansas,36.6,31,39,35.3,38.2,37.9
2018-19,87,Iowa,36.5,34,20,39,34,37
2018-19,87,BYU,36.5,43.7,33,36.6,36.4,30.8
2018-19,89,Colorado,36.5,31,43,35.8,37,41.4
2018-19,90,Utah St,36.3,29,40,39,34.4,36.3
2018-19,91,E Carolina,36.2,37.7,26,39.8,31.8,33.3
2018-19,91,Ball St,36.2,31.7,34,33.8,38.2,41.9
2018-19,93,Middle Tenn,35.8,31.3,35,34,37,32.8
2018-19,94,Texas St,35.8,35.7,40,35.8,35.8,39.9
2018-19,95,Michigan St,35.8,40.7,46,33.1,38.8,41.8
2018-19,96,Indiana,35.7,33.3,30,35.7,35.6,36.7
2018-19,97,Kansas,35.5,34.7,33,38.4,33.2,33.3
2018-19,97,UTEP,35.5,26.7,31,36,35.2,28.8
2018-19,99,Southern Miss,35.4,38.3,48,37.8,33,37.8
2018-19,100,North Carolina,35.2,36,35,37.3,33.8,34.9
2018-19,101,Mississippi,35.2,29.7,29,38.3,31.4,31.9
2018-19,102,Iowa St,35.2,33.7,39,37.3,33,32.7
2018-19,103,Duke,35.1,36,39,33.4,36.3,41.7
2018-19,103,Rutgers,35.1,41,35,35.9,34,34.8
2018-19,105,N Texas,35,37,41,34.8,35.1,35.1
2018-19,106,Texas Tech,34.9,29.7,30,35.6,34.3,34.9
2018-19,107,Fresno St,34.8,34.7,35,36.6,33.8,36.3
2018-19,108,West Virginia,34.5,40,36,36.2,33,35.5
2018-19,109,Bowling Green,34.2,37,19,28.2,39.2,36
2018-19,110,UL Monroe,33.7,33,35,39,30.7,38.3
2018-19,111,Louisiana Tech,33.7,28,38,31.8,34.6,38.2
2018-19,112,Tennessee,33.6,26.7,14,37.3,29.2,34.1
2018-19,112,UMass,33.6,37.3,22,36.2,31.5,34.7
2018-19,114,Old Dominion,33.4,31.7,26,32.2,34.3,39.1
2018-19,115,Nevada,33.3,38,40,31,34.9,27.8
2018-19,115,Vanderbilt,33.3,34.3,24,35,31.5,28.5
2018-19,115,South Carolina,33.3,27.3,19,33.3,33.2,30.5
2018-19,118,Louisville,33.1,35.7,30,33.8,32.2,37.4
2018-19,119,Colorado St,32.7,33.7,24,30.6,34.5,40
2018-19,120,USC,32.5,29.7,24,31.3,33.7,38.5
2018-19,121,Florida St,32.5,33.7,35,36.7,27.4,35.9
2018-19,122,SMU,31.8,31.7,31,32,31.7,36.5
2018-19,123,Akron,31.7,29.3,39,30.3,32.6,31.9
2018-19,124,Purdue,30.8,30.7,27,30.7,30.8,34.4
2018-19,125,New Mexico St,29.5,28.7,27,28.8,30,27.2
2018-19,126,UTSA,29.4,25.7,30,28.3,30.5,40.6
2018-19,127,Stanford,29.3,33,34,27.6,30.4,34.2
2018-19,128,Hawai'i,29.2,29,32,29.7,28.7,33.7
2018-19,129,San Jose St,28.9,22.7,22,34.3,25.9,35.9
2018-19,130,Washington St,21.9,21.3,17,21.2,22.7,23.2
2019-20,1,Navy,58.7,55,54,60,57.7,55.6
2019-20,2,Air Force,57.4,56.7,69,65.4,51.7,57.8
2019-20,3,Army,55.4,62.7,47,62,51.6,64.3
2019-20,4,Georgia So,51.2,48,46,54.8,48.6,48.8
2019-20,5,Buffalo,51,50,46,52,50.3,42
2019-20,6,Boston College,50.8,43.7,28,52.6,49.4,46
2019-20,7,Ohio St,47.1,45,39,50.3,44,40.6
2019-20,8,Tulane,46.7,52,48,49.2,44.9,46.8
2019-20,9,Georgia St,46.4,41,38,45.2,47.3,38.6
2019-20,10,Mississippi,46.2,50.7,47,47.3,44.8,35.2
2019-20,11,Wake Forest,45.3,50.3,41,50.7,40,47.6
2019-20,12,Ball St,45.2,53.3,54,43.8,46.3,36.2
2019-20,13,Nebraska,45,49.7,56,42.6,48.4,39.2
2019-20,14,Louisville,44.2,45.3,44,43.8,44.4,33.1
2019-20,15,Northwestern,44.1,55.3,65,45.9,41.6,37
2019-20,16,Cincinnati,44,48,60,44.3,43.8,45.2
2019-20,17,Kentucky,43.8,50.3,55,46.4,40.2,40.8
2019-20,17,Wyoming,43.8,43,46,47.8,41,42.3
2019-20,19,Virginia Tech,43.8,42,33,47.6,40.7,39.2
2019-20,20,Toledo,43.6,34,29,50.8,37.7,40.5
2019-20,21,Wisconsin,43.3,36.3,37,47.9,38.7,43.9
2019-20,22,Minnesota,43.2,38,45,45.5,40.8,40.2
2019-20,22,Oklahoma St,43.2,32.3,31,41.8,44.1,38.7
2019-20,24,TCU,43.1,37,34,45.4,41.2,37.5
2019-20,25,App State,42.8,42,38,43.5,42.1,41
2019-20,26,Utah,42.7,37.7,37,41.7,43.6,40.3
2019-20,27,Kent St,42.7,51.7,56,44,42,40.1
2019-20,28,New Mexico,42.5,47.3,54,45.6,40,39.9
2019-20,29,Syracuse,42.3,46.3,44,41.8,42.7,45.8
2019-20,30,Tulsa,41.9,40.7,44,44,39.8,47.2
2019-20,31,UCF,41.8,43.3,46,39.4,43.6,45.5
2019-20,32,Coastal Car,41.8,52,53,36.2,46.5,42.7
2019-20,33,Auburn,41.2,32,26,44.3,38,37.8
2019-20,34,SMU,41.1,33,34,45.7,37.1,31.8
2019-20,35,S Alabama,40.9,45.7,48,39.8,41.8,40.6
2019-20,36,Louisiana,40.8,38,34,41.4,40.5,39.1
2019-20,37,UCLA,40.8,37,35,42.5,39.2,37.5
2019-20,37,San Diego St,40.8,35.3,45,38.6,42.4,39.5
2019-20,39,Duke,40.8,41.3,48,44.4,37.8,35.1
2019-20,40,Mississippi St,40.8,39,36,40.5,41,39.8
2019-20,41,Ohio,40.7,45.3,50,37.8,42.7,43
2019-20,42,North Carolina,40.6,38.7,40,39.2,41.6,35.2
2019-20,43,Marshall,40.4,45,44,42.8,38,37.1
2019-20,44,Oklahoma,40.4,40.7,28,41.8,39.5,37.5
2019-20,45,Charlotte,40,44,31,42.8,38,43.5
2019-20,46,Bowling Green,39.7,40.7,35,45.8,34.7,34.2
2019-20,47,Florida Atlantic,39.7,39,44,40,39.4,45.9
2019-20,48,Kansas St,39.7,37.7,27,43.2,36.2,41.8
2019-20,49,Missouri,39.6,37.7,47,41.5,37.4,42.4
2019-20,50,W Michigan,39.2,38,31,46,34.3,43.7
2019-20,51,Memphis,39.2,38.7,33,38.7,39.6,43.7
2019-20,51,UAB,39.2,40.3,33,43.2,36.6,43.5
2019-20,53,Penn St,38.8,45,53,36.5,41.2,40
2019-20,54,Boise St,38.3,32,22,36.2,40.1,39.9
2019-20,55,Houston,38.1,34,30,34.3,40.3,41.1
2019-20,56,N Illinois,37.9,46.3,47,46.8,32.9,42.6
2019-20,57,Rutgers,37.8,37,44,39.4,35.6,35.1
2019-20,58,UL Monroe,37.8,34.7,37,38.8,37,33.7
2019-20,59,Michigan,37.8,32.7,43,39.9,35.3,42.2
2019-20,60,Clemson,37.7,31.3,27,42.7,34,38.1
2019-20,61,Georgia Tech,37.6,37,37,36.3,39.2,57.6
2019-20,62,Illinois,37.6,34.3,38,38.9,36.2,40.3
2019-20,63,Florida St,37.5,37.7,51,39.8,35.2,32.5
2019-20,64,Miami OH,37.5,33.7,37,43.8,34.7,36.8
2019-20,65,Georgia,36.9,35,40,36.8,37,40.9
2019-20,66,S Florida,36.8,39.7,41,35.8,38,39.8
2019-20,67,Texas,36.8,38.7,37,39,34.9,40.5
2019-20,68,Arizona,36.7,32,32,40.4,33.7,41.4
2019-20,69,Temple,36.7,32,34,38.7,34.7,39
2019-20,70,UTSA,36.5,35.3,31,33.2,39.3,29.4
2019-20,71,C Michigan,36.5,35,27,46.4,30.4,36.9
2019-20,72,Notre Dame,36.4,39.3,37,38.6,33.8,41.1
2019-20,73,Colorado,36.3,37.7,31,37,35.7,36.5
2019-20,74,Louisiana Tech,36.2,36.3,40,42.4,31.7,33.7
2019-20,75,UNLV,36.1,32.7,34,34,37.8,43.6
2019-20,76,Oregon,36,36,30,39.7,32.9,39.9
2019-20,76,Florida Intl,36,31.3,35,42.2,29.8,37
2019-20,78,Baylor,35.9,34.7,28,37.8,34.3,38.8
2019-20,79,Rice,35.9,39.7,35,37.2,34.7,36.7
2019-20,80,Indiana,35.8,39.3,31,39.4,33.3,35.7
2019-20,81,Arkansas St,35.8,36,37,36,35.6,38.9
2019-20,82,Michigan St,35.6,41.7,41,37.1,33.8,35.8
2019-20,83,Old Dominion,35.5,32.7,45,38,33.3,33.4
2019-20,84,UTEP,35.3,33.7,32,35.6,35,35.5
2019-20,85,California,35.3,36.7,37,38.4,33,36.9
2019-20,86,Tennessee,35.2,36,35,38.7,30.2,33.6
2019-20,87,Arizona St,35,44.3,37,37.2,32.8,38.4
2019-20,88,Iowa,34.8,32.7,35,36.7,32.7,36.5
2019-20,89,UMass,34.8,31.3,37,38.2,32,33.6
2019-20,90,BYU,34.8,35.7,40,31.6,37,36.5
2019-20,91,E Carolina,34.7,33.3,29,34,35.2,36.2
2019-20,92,Washington,34.6,32,35,32.3,36.8,40.7
2019-20,93,Utah St,34.4,38.3,40,41.2,29.6,36.3
2019-20,94,Maryland,34.3,30.7,29,38.6,30.7,40.5
2019-20,95,Oregon St,34.1,35,34,30.4,37.2,40
2019-20,96,LSU,33.9,32.7,30,34.8,33.3,43.7
2019-20,97,Middle Tenn,33.9,36.7,48,37.2,31.2,35.8
2019-20,98,Nevada,33.8,30,19,36.6,31.7,33.3
2019-20,99,Southern Miss,33.3,30.7,23,35.3,32.4,35.4
2019-20,100,UConn,33.3,33.7,31,33,33.5,40.5
2019-20,101,Pittsburgh,33.3,26.7,29,34.2,32.3,41.1
2019-20,102,Texas Tech,33.1,24.3,24,29.6,36,34.9
2019-20,102,Liberty,33.1,36.3,37,34.5,32.3,40.3
2019-20,104,NC State,33,36.7,26,32.7,33.4,37.7
2019-20,104,W Kentucky,33,29.7,28,33.6,32.6,37.2
2019-20,106,Troy,32.9,30,23,31,34.5,37
2019-20,107,N Texas,32.8,27.7,35,35.2,30.8,35
2019-20,108,Alabama,32.8,33,30,32.7,32.8,39.1
2019-20,109,Colorado St,32.6,27,20,29.6,35.2,32.7
2019-20,110,South Carolina,32.5,23.3,26,36.7,27.6,33.1
2019-20,111,Texas A&M,32.4,28.3,39,35,29.8,39.6
2019-20,112,E Michigan,32.3,33,36,30.3,33.4,37.8
2019-20,113,Fresno St,32.2,31,41,30.6,33.5,34.8
2019-20,114,Kansas,31.7,30.3,35,31.8,31.6,35.5
2019-20,115,Virginia,31.3,24.3,21,34.7,28.4,37.6
2019-20,116,New Mexico St,30.8,28.7,37,26.3,33.4,29.5
2019-20,117,Miami,30.8,33.3,28,29,32,36.8
2019-20,118,Iowa St,30.5,28.7,27,30.5,30.5,35.2
2019-20,119,Arkansas,30.3,34,31,29.8,30.8,36.6
2019-20,120,USC,30.1,25.7,18,29.8,30.3,32.5
2019-20,121,Vanderbilt,29.8,31.3,30,29.2,30.6,33.3
2019-20,122,Florida,29.5,28.3,34,31,28.7,40.9
2019-20,123,Stanford,28.8,20.7,28,32.3,23.8,29.3
2019-20,124,Purdue,28.4,24.7,33,32.1,23.2,30.5
2019-20,125,Hawai'i,28.1,24,27,27.3,29,29.2
2019-20,126,West Virginia,28.1,25.3,27,23.8,31.7,34.5
2019-20,127,Akron,27.3,25.7,25,24.7,29.8,31.7
2019-20,128,Texas St,26.6,23,17,32.2,22,35.8
2019-20,129,San Jose St,24.6,27,34,27.6,22.2,28.9
2019-20,130,Washington St,16.3,13.7,8,19,14.3,21.9
2020-21,1,Army,60.3,61,59,64.8,54.8,55.4
2020-21,2,Air Force,52,48,26,60.7,43.3,57.4
2020-21,3,Kent St,50,51.3,45,48.5,51.5,42.7
2020-21,4,Georgia So,48.9,52.3,57,52,45.8,51.2
2020-21,5,Navy,48.2,46.7,35,50.6,45.8,58.7
2020-21,6,Mississippi,46.2,42.7,35,49.2,43.2,46.2
2020-21,7,Oklahoma St,46.2,43.3,43,50,43,43.2
2020-21,8,Colorado,46,39.7,46,46.3,45.7,36.3
2020-21,9,Wyoming,45.8,44.3,38,48.5,44.5,43.8
2020-21,10,Ball St,45.8,43.7,51,43,47.4,45.2
2020-21,11,UCLA,45.6,44.3,51,51,38.3,40.8
2020-21,12,Liberty,44.8,41.3,42,41.8,47.2,33.1
2020-21,13,Penn St,44.7,50,53,38.2,52.8,38.8
2020-21,14,UCF,44.4,41,43,41.8,46.2,41.8
2020-21,15,San Diego St,44.4,41.7,46,47.5,41.3,40.8
2020-21,16,Georgia St,44.3,45,55,41.8,46.8,46.4
2020-21,17,App State,43.9,43.7,38,45.4,42.7,42.8
2020-21,18,Coastal Car,43.8,43.3,33,42.6,44.8,41.8
2020-21,19,Northwestern,43.8,47.7,51,43,44.4,44.1
2020-21,20,N Texas,43.4,47.7,58,40.2,47.5,32.8
2020-21,21,C Michigan,43.3,45,42,39.7,47,36.5
2020-21,22,Rice,43.2,40.3,39,42,44,35.9
2020-21,23,Buffalo,43.1,40.7,43,49.7,38.3,51
2020-21,24,Ohio St,43.1,39,29,45,42,47.1
2020-21,25,Virginia Tech,43,42.3,45,40.7,45.8,43.8
2020-21,26,Tulane,42.8,44.7,38,43.2,42.4,46.7
2020-21,27,Minnesota,42.6,40,36,40.7,44,43.2
2020-21,28,Notre Dame,42.1,36,38,43,41.2,36.4
2020-21,29,Wake Forest,41.9,37.3,35,41.7,42,45.3
2020-21,30,Wisconsin,41.9,37.7,44,41.7,42,43.3
2020-21,31,Nebraska,41.8,44.7,58,39.7,43,45
2020-21,32,New Mexico,41.3,47.3,48,50,39.8,42.5
2020-21,33,North Carolina,41.3,39.7,34,40.2,42.2,40.6
2020-21,34,Arizona St,41.3,42.3,42,35,43.3,35
2020-21,35,TCU,41,42.7,35,40.2,42.3,43.1
2020-21,36,Georgia Tech,40.8,42.7,29,38.7,44,37.6
2020-21,37,Illinois,40.8,37,38,39,41.8,37.6
2020-21,38,UTSA,40.7,45,44,41,40.5,36.5
2020-21,39,Temple,40.6,46.3,46,44,38,36.7
2020-21,40,Toledo,40.5,36,43,41,40,43.6
2020-21,41,Florida Atlantic,40.3,34,39,43,38.2,39.7
2020-21,42,E Carolina,40.2,44.3,43,42.8,38.2,34.7
2020-21,43,Duke,39.8,41.3,51,35,43.8,40.8
2020-21,44,Kentucky,39.7,45.3,48,41.4,38.3,43.8
2020-21,45,UAB,39.6,45.7,52,37.3,41,39.2
2020-21,46,Charlotte,39.5,39.7,33,34,42.3,40
2020-21,47,Tulsa,39.4,40,40,41,38.7,41.9
2020-21,48,Arkansas,39.4,40,43,38.2,40.6,30.3
2020-21,49,W Michigan,39.3,38,51,30.3,48.3,39.2
2020-21,49,Kansas,39.3,43,44,38.8,39.8,31.7
2020-21,51,Colorado St,39,38.7,38,37,39.7,32.6
2020-21,51,Ohio,39,39,48,40.5,36,40.7
2020-21,51,Washington,39,35,34,39,,34.6
2020-21,54,Louisiana,38.8,43.3,43,32.8,42.3,40.8
2020-21,55,Oklahoma,38.4,34,40,35.3,40.5,40.4
2020-21,56,Miami,38.4,33,30,41.2,36,30.8
2020-21,57,Utah,38.2,40.3,37,36.3,41,42.7
2020-21,58,Louisville,38.2,42.3,47,40.8,35,44.2
2020-21,59,UTEP,38.2,40.7,56,56,34.6,35.3
2020-21,60,Rutgers,38.1,37.3,30,33.6,43.8,37.8
2020-21,61,S Alabama,38,37.7,30,37.7,38.4,40.8
2020-21,61,Florida Intl,38,40.3,44,38.5,37.5,36
2020-21,63,Iowa St,37.9,43.7,56,39.8,36,30.5
2020-21,64,Bowling Green,37.8,38,38,43.5,34,39.7
2020-21,65,Cincinnati,37.8,37.7,27,38.3,36.7,44
2020-21,66,Georgia,37.7,38.3,24,39.3,37,36.9
2020-21,67,SMU,37.7,33,27,34,39.5,41.1
2020-21,68,Texas A&M,37.6,43,35,34.5,39.7,32.4
2020-21,69,Tennessee,37.5,31.3,17,37.2,37.8,35.2
2020-21,70,UNLV,37.3,37,40,37.7,37,36.1
2020-21,71,S Florida,37.3,40,46,38,36.8,36.8
2020-21,72,Iowa,37,38.3,32,35.3,38.8,34.8
2020-21,72,Marshall,37,30.7,37,34.8,41.3,40.4
2020-21,72,Texas,37,36,40,35,39,36.8
2020-21,72,Virginia,37,35,21,40.2,33,31.3
2020-21,72,California,37,40,47,41,33,35.3
2020-21,72,Florida St,37,36.3,40,36.5,37.5,37.5
2020-21,78,South Carolina,36.9,41,44,36.4,37.4,32.5
2020-21,79,Oregon St,36.9,39.7,49,38.6,32.5,34.1
2020-21,80,N Illinois,36.8,36.3,38,36,37.7,37.9
2020-21,81,Arizona,36.8,39.3,36,39.7,32.5,36.7
2020-21,82,Houston,36.6,36.7,38,40.3,33,38.1
2020-21,83,Alabama,36.6,34,38,35.6,37.3,32.8
2020-21,84,Vanderbilt,36.6,33.3,31,35,38.5,29.8
2020-21,85,LSU,36.5,40,43,40.5,33.8,33.9
2020-21,85,E Michigan,36.5,38.3,38,33.3,39.7,32.3
2020-21,87,Southern Miss,36.3,37,48,33.8,41.3,33.3
2020-21,88,NC State,36.2,34,26,38.5,33.8,33
2020-21,89,Middle Tenn,36.1,37.7,51,36.3,36,33.9
2020-21,90,Fresno St,36,33.3,23,40,34,32.2
2020-21,90,Hawai'i,36,35.3,34,34.2,38.3,28.1
2020-21,92,Auburn,35.6,30.7,26,36.6,34.8,41.2
2020-21,93,Kansas St,35.4,36.3,46,40.8,30,39.6
2020-21,93,Pittsburgh,35.4,36.7,54,34.6,36.2,33.3
2020-21,95,Akron,35.3,32.3,30,33,37.7,27.3
2020-21,96,Missouri,35.1,30,30,37.8,31,39.6
2020-21,97,BYU,35.1,27.7,38,35.3,34.8,34.9
2020-21,98,Arkansas St,35,39,32,35.3,34.8,35.8
2020-21,99,Memphis,34.8,31,35,38.4,31.2,39.2
2020-21,100,Clemson,34.4,26.3,22,36.2,32.8,37.7
2020-21,101,Louisiana Tech,34.2,38,27,31.7,35.5,36.2
2020-21,102,Michigan St,34.1,35.3,31,34.5,33.7,35.6
2020-21,103,West Virginia,34.1,29.7,27,39.5,29.8,28.1
2020-21,104,Indiana,34,39.7,40,37.3,32,35.8
2020-21,105,Oregon,33.9,31,18,37,32.6,36
2020-21,106,Miami OH,33.3,33.3,27,42,29,37.5
2020-21,107,Baylor,33.1,31,31,35.8,31,35.9
2020-21,108,Stanford,33,37,36,21,35.4,28.8
2020-21,109,Boston College,32.8,27.3,20,32.2,33.6,50.2
2020-21,110,Texas Tech,32.7,40,43,34.8,30,33.1
2020-21,111,Boise St,32.6,33.3,23,33,32.3,38.3
2020-21,112,W Kentucky,32.1,32.3,26,31.8,32.3,33
2020-21,113,Utah St,32,33,26,31,34,34.4
2020-21,114,Texas St,31,20.3,24,31.2,30.8,26.6
2020-21,115,USC,30.7,27,28,29.3,32,30.1
2020-21,116,Florida,30.6,30.3,39,31,30.3,29.5
2020-21,117,Maryland,30,33,39,35,26.7,34.3
2020-21,118,Troy,29.4,31.3,26,25.8,31.8,32.9
2020-21,119,UMass,29.3,28.3,31,,29.3,34.8
2020-21,120,Syracuse,29.1,28.3,35,26.5,32.2,42.3
2020-21,121,Michigan,28.7,29.7,27,26.7,30.7,37.8
2020-21,122,San Jose St,28.6,24.7,22,27.7,29.2,24.6
2020-21,123,Nevada,28.4,30.7,44,25,31.2,33.6
2020-21,124,Washington St,27.5,26.7,26,27,27.7,16.3
2020-21,125,Purdue,25,25,17,23.5,28,28.4
2020-21,126,UL Monroe,24.8,31.7,36,22.2,27.4,37.8
2020-21,127,Mississippi St,18.5,24.7,30,19.8,17.5,40.8
2020-21,128,UConn,,,,,,33.3
2020-21,128,Old Dominion,,,,,,35.5
2020-21,128,New Mexico St,,,,,,30.8
2021-22,1,Air Force,63.7,68,52,63.4,63.9,52
2021-22,2,Army,58.1,50,55,65.2,53,60.3
2021-22,3,Navy,57.7,50.7,48,58.2,57.2,48.2
2021-22,4,N Texas,48.9,49.7,32,51.8,46.9,43.4
2021-22,5,N Illinois,46.4,47.7,55,43.8,48,36.8
2021-22,6,Minnesota,45.9,44.7,51,44.3,47.8,42.6
2021-22,7,Mississippi,45.6,42.3,54,45.5,45.7,46.2
2021-22,8,Oklahoma St,45.5,40,44,48.3,43.1,46
2021-22,9,Arkansas,45.5,44.3,58,45.2,45.8,39.4
2021-22,10,Kent St,45,45.7,50,49.3,43.1,49
2021-22,11,W Michigan,44.9,46,52,46.4,43.9,39.2
2021-22,12,Georgia St,44.8,46.3,41,43.5,46,44.3
2021-22,13,Tennessee,44.2,49.3,63,45.3,42.6,37.5
2021-22,14,Duke,43.9,37.7,34,46.3,41,39.8
2021-22,15,Buffalo,43.7,43,40,45.8,42,43.1
2021-22,16,Wisconsin,43.3,31.7,43,44.3,42.2,41.9
2021-22,17,Colorado St,43.1,41.7,51,41.8,44.2,39
2021-22,18,Tulsa,42.9,47.3,65,38.8,45.9,39.6
2021-22,19,Georgia So,42.7,42,46,45.2,40.7,48.9
2021-22,20,UCLA,42.3,43,44,42.3,42.2,45.4
2021-22,21,UL Monroe,41.6,39,40,40.6,42.5,24.8
2021-22,22,Virginia Tech,41.6,46,48,38.7,44.5,43
2021-22,23,Wyoming,41.5,45.7,53,40.4,42.3,45.8
2021-22,24,Wake Forest,41.1,43.3,37,45.8,38.1,41.9
2021-22,25,Michigan,41.1,34,27,45.4,36.7,28.7
2021-22,26,Louisiana,41,43,51,40.8,41.1,38.7
2021-22,27,Syracuse,40.7,34,30,41.3,40,29.1
2021-22,28,App State,40.6,36,43,41,40.4,43.9
2021-22,29,UTSA,40.4,37.7,24,39.5,41.1,40.7
2021-22,30,Baylor,40.3,41.3,41,41.2,39.6,33.1
2021-22,31,Utah St,40.2,34.7,44,41.8,39.3,32
2021-22,32,E Carolina,40.2,43,38,42.6,38.2,40.2
2021-22,33,Oregon St,40.2,34.3,36,46,36,36.9
2021-22,34,S Florida,40.1,40.7,44,42,38.5,37.3
2021-22,35,San Diego St,40.1,38.7,40,39.7,40.5,44
2021-22,36,Boston College,39.8,39.3,29,42.6,37.5,32.8
2021-22,37,Coastal Car,39.7,39.3,25,42.8,36.5,43.8
2021-22,38,North Carolina,39.4,35.7,29,43.5,35.3,41.3
2021-22,39,Utah,39.3,42.7,44,41,38.3,38.2
2021-22,40,UAB,39.3,40.3,41,33.8,43.1,39.6
2021-22,41,TCU,39.2,39.7,39,39.2,39.2,41.1
2021-22,42,Liberty,39,31.7,36,34.4,42.3,44.8
2021-22,42,C Michigan,39,47,43,41.6,37.1,43.3
2021-22,44,Illinois,38.8,37,38,36.7,41.8,40.8
2021-22,44,Louisville,38.8,35,37,38,39.7,38.2
2021-22,46,New Mexico,38.8,42.7,48,39.6,38.2,41.3
2021-22,47,Kentucky,38.8,43.3,45,40.7,36.8,39.4
2021-22,48,Rutgers,38.5,31.7,29,36.4,40,37.6
2021-22,49,Nebraska,38.5,37.3,43,38.7,38.2,41.8
2021-22,50,Rice,38.4,36.7,41,38.2,38.5,43.2
2021-22,51,Oregon,38.2,34.3,33,39.8,36.7,33.9
2021-22,52,Florida,38.1,37,30,41.2,35.9,30.6
2021-22,53,Boise St,38,38.7,34,35.2,40.8,32.6
2021-22,54,Texas,37.8,34.7,44,40.7,35,37
2021-22,55,Southern Miss,37.5,45.3,43,35,39.7,36.3
2021-22,56,Clemson,37.4,45.7,40,44,32.7,34.4
2021-22,57,Ohio,37.3,38.7,28,38.2,36.5,39
2021-22,57,Georgia Tech,37.3,36.7,35,37.6,37,40.8
2021-22,59,Arizona St,37.3,33.3,33,38,36.5,41.3
2021-22,60,Florida St,37.2,37.3,33,40.2,33.6,37
2021-22,61,BYU,36.8,39,35,36.6,37,35.1
2021-22,62,Northwestern,36.8,42,48,39.6,34.5,43.7
2021-22,63,Old Dominion,36.8,26.3,19,39.2,35,
2021-22,64,Alabama,36.6,33.7,28,39.2,34.8,36.6
2021-22,65,Michigan St,36.6,34.7,36,40,34.1,34
2021-22,66,Pittsburgh,36.5,34.7,32,33.3,39.3,35.4
2021-22,67,Georgia,36.4,31.7,30,37,36,37.7
2021-22,68,Texas St,36.3,32.3,29,36.2,36.3,31
2021-22,69,Tulane,36.2,37,44,35.6,36.7,42.8
2021-22,69,Florida Atlantic,36.2,29.7,29,40.6,32.5,40.3
2021-22,71,Iowa,36.1,33.3,30,36.7,35.6,37
2021-22,72,Toledo,36.1,35,32,33.4,38,40.5
2021-22,73,Houston,36.1,35,26,35.3,36.4,36.6
2021-22,74,UCF,36,37.3,50,35.2,36.8,44.4
2021-22,75,Arizona,35.9,31,34,36.2,35.7,36.8
2021-22,76,Missouri,35.8,41,37,36.2,35.5,35.1
2021-22,77,S Alabama,35.8,31,23,33.4,37.8,38
2021-22,78,Kansas,35.7,33.7,27,32.8,38.2,39.3
2021-22,79,Akron,35.6,33.3,37,37.6,34,35.3
2021-22,80,UTEP,35.6,30.3,29,37.4,34.3,38.2
2021-22,81,Vanderbilt,35.5,40.7,43,31.5,40.4,36.6
2021-22,82,Colorado,35.4,35.3,32,34,36.5,46
2021-22,83,Middle Tenn,35.3,36,44,41,32.4,36.1
2021-22,84,SMU,34.9,34.3,36,36.2,33.8,37.7
2021-22,85,South Carolina,34.7,36.3,51,30.8,38.5,36.9
2021-22,86,Notre Dame,34.6,29.3,21,35.3,33.8,42.1
2021-22,87,Charlotte,34.5,33,39,33,35.8,39.5
2021-22,88,Miami OH,34.4,38.3,47,37.5,32.9,33.3
2021-22,89,UMass,34.4,40,35,36.5,33,29.3
2021-22,90,Indiana,34.4,32.3,32,35,33.8,34
2021-22,91,LSU,34.1,37,37,35,33.2,36.5
2021-22,92,Texas Tech,33.9,32.7,44,34.2,33.7,32.6
2021-22,92,Marshall,33.9,38,30,35,33.1,37
2021-22,94,Louisiana Tech,33.9,39,40,36,32.2,34.3
2021-22,95,Oklahoma,33.8,40,43,30.5,37,38.4
2021-22,96,Texas A&M,33.7,30.3,28,36.8,30,37.5
2021-22,97,Auburn,33.6,34,29,34.8,32.3,35.6
2021-22,97,Penn St,33.6,32,28,39.3,27.8,44.7
2021-22,99,Ball St,33.5,34,35,31.6,34.9,45.8
2021-22,100,California,33.4,32.3,31,35.4,31.7,37
2021-22,101,Miami,33.3,28.3,36,35.5,30.6,38.1
2021-22,102,USC,33.3,41,40,34.3,31.8,30.7
2021-22,103,Fresno St,33.2,36.3,35,31,34.7,36
2021-22,104,Cincinnati,33.2,30,26,34.8,31.7,37.8
2021-22,105,E Michigan,33.1,36.3,39,34.4,32.1,36.5
2021-22,106,West Virginia,33,40,27,33,33,34.1
2021-22,107,Memphis,32.8,29,34,31,35,34.8
2021-22,108,Maryland,32.5,39,28,34.3,30.7,30.2
2021-22,109,Ohio St,32.4,31,20,35.1,29.2,43.1
2021-22,110,Kansas St,32.2,30,34,33.7,30.7,35.3
2021-22,111,Hawai'i,31.9,34,36,37,28.3,36
2021-22,112,UNLV,31.9,33.3,25,35.4,29,37.3
2021-22,113,Iowa St,31.1,25,21,29.6,32.1,37.9
2021-22,114,Washington,31,24,14,27.8,34.8,39
2021-22,114,Florida Intl,31,31,35,31,31,38
2021-22,116,NC State,30.9,25.7,29,34,27.2,35.9
2021-22,117,Washington St,30.7,33.3,23,27.7,33.7,27.5
2021-22,118,New Mexico St,30.5,30,37,36.8,27,
2021-22,119,Temple,30.1,29,28,30.4,29.8,40.6
2021-22,120,UConn,30,30.7,32,30.5,29.7,
2021-22,121,Bowling Green,29.7,39.3,43,32.6,27.3,37.8
2021-22,122,Purdue,29.6,27.7,33,28.8,30.3,24.5
2021-22,123,Troy,29.5,27.3,38,24.6,33.5,29.2
2021-22,124,San Jose St,29.3,24.7,25,31.2,27.7,28.6
2021-22,125,Arkansas St,28.1,32.7,39,30,26.5,35
2021-22,126,Virginia,27.8,25.3,22,29.2,26.2,37
2021-22,127,Stanford,27.1,25,22,27.3,26.8,32.8
2021-22,128,Nevada,26.4,31,31,27.2,25.9,28.4
2021-22,129,W Kentucky,24.9,26,28,23.8,25.6,32
2021-22,130,Mississippi St,21.3,20,20,22.5,20,18.5
2022-23,1,Air Force,60.8,68,67,62.2,59.5,63.8
2022-23,2,Navy,58.6,55.3,57,61.8,56.9,57.3
2022-23,3,Army,53.6,54,48,61,48.7,58.1
2022-23,4,Mississippi,48,45,43,48.3,47.7,45.3
2022-23,5,Georgia St,47.9,44.3,42,52,43.8,44.8
2022-23,6,Arkansas,47.4,44.3,52,48.5,46.3,45
2022-23,7,Oklahoma,44.7,46.3,60,40.7,48.1,33.9
2022-23,8,Marshall,44.6,46.7,45,39.8,47.4,33.8
2022-23,9,Minnesota,43.9,39.3,31,49.3,38.5,45.8
2022-23,10,J Madison,43.5,43.3,34,43.8,43.2,
2022-23,11,UCF,43.5,43.7,36,41.8,44.9,35.9
2022-23,12,UMass,43.4,41,31,36.8,47.1,34.4
2022-23,13,Michigan,42.9,37.7,40,44,41.3,41.1
2022-23,14,Utah St,42.8,42.7,35,44,42,40.2
2022-23,15,Kent St,42.6,39.7,45,45.3,41.1,45
2022-23,16,Buffalo,42.2,40.7,41,38.3,44.1,43.7
2022-23,17,Illinois,42.1,32.7,28,43.8,40.3,38.8
2022-23,18,Texas Tech,41.3,43.7,48,45,37.7,33.9
2022-23,19,Toledo,41.2,45,56,44.8,39,36.1
2022-23,20,Baylor,41,37,26,38.6,42.7,39.9
2022-23,21,Notre Dame,40.9,36.7,46,40.7,41.1,34.5
2022-23,22,UAB,40.9,34.3,38,44.6,38.3,39.2
2022-23,23,Auburn,40.6,46.7,43,40.7,40.5,33.4
2022-23,24,App State,40.5,43.3,48,43.4,37.6,40.4
2022-23,25,N Illinois,40.4,38.3,38,35,44.8,46.2
2022-23,26,Kansas St,40.2,41.3,38,39.7,40.7,32.3
2022-23,27,W Michigan,40,44.3,47,36.4,43,44.9
2022-23,28,Clemson,39.9,34.3,45,44.5,36,37.3
2022-23,29,Oregon St,39.9,41,38,40.8,39,40.2
2022-23,30,Utah,39.8,40.3,43,38.4,40.8,39.4
2022-23,31,Tennessee,39.8,32.3,38,42.3,37.2,44.1
2022-23,31,Pittsburgh,39.8,38,46,38.5,41,36.4
2022-23,33,UCLA,39.7,43,28,39.7,39.6,42.2
2022-23,34,Louisville,39.6,41.7,49,40.2,39.1,38.8
2022-23,35,UTSA,39.5,37.3,32,41.3,37.9,40.2
2022-23,35,Tulane,39.5,37.7,34,37,42.3,36
2022-23,37,Florida Atlantic,39.5,43,37,40.6,38.5,36.2
2022-23,38,Coastal Car,39.4,36,38,39.7,39.2,39.4
2022-23,39,UConn,39.3,37.7,38,40.8,38.1,30
2022-23,40,E Michigan,38.8,41.7,39,37.6,39.7,32.8
2022-23,41,Wisconsin,38.7,44,47,37,40.3,43.3
2022-23,42,Liberty,38.6,28,20,37.8,39.1,38.8
2022-23,43,Northwestern,38.5,38.7,49,39.8,37.5,36.8
2022-23,44,Boise St,38.5,37.7,47,39.7,37.6,37.9
2022-23,45,SMU,38.5,43.7,50,34.4,41.4,34.9
2022-23,45,UTEP,38.5,46.3,42,41.7,35.3,35.4
2022-23,47,S Alabama,38.4,36.3,25,36.8,39.6,35.8
2022-23,48,Wake Forest,38.3,39,33,39,37.7,41
2022-23,48,Oregon,38.3,33,32,40.6,36.7,38.1
2022-23,50,TCU,37.8,35.3,28,45.8,33.3,39.2
2022-23,51,Florida St,37.8,41,34,38.2,37.3,37.2
2022-23,52,S Florida,37.5,42,43,35,39.7,40
2022-23,53,N Texas,37.5,35,40,43.4,33.9,48.8
2022-23,53,Penn St,37.5,37.3,30,39.9,34.8,33.6
2022-23,55,Memphis,37.5,39.7,47,41.5,33.5,32.5
2022-23,55,Georgia,37.5,38,44,39.2,36.6,36.4
2022-23,57,Oklahoma St,37.4,34.3,26,39.3,35.5,45.3
2022-23,57,Missouri,37.4,36.3,33,36.8,38,35.8
2022-23,59,Vanderbilt,37.3,45.7,47,41.6,33.7,35.6
2022-23,60,Duke,37.3,31.7,38,39.2,35.9,43.9
2022-23,61,LSU,37,28,32,38.2,36,34.1
2022-23,62,Florida,36.8,33.3,33,36,37.7,38.3
2022-23,63,Miami OH,36.7,40.3,37,33.8,38.1,33.8
2022-23,64,West Virginia,36.4,42.7,41,40.4,33,33
2022-23,65,C Michigan,36.2,36,36,35.2,37,38.4
2022-23,66,Texas,36.2,41,18,34.7,37.8,37.8
2022-23,67,Wyoming,36,31.3,33,37,35.3,41.5
2022-23,67,North Carolina,36,36.7,34,32.6,38.1,39.5
2022-23,69,Troy,35.9,42.7,41,33.3,38.1,29.2
2022-23,70,Maryland,35.8,38.3,41,35.1,36.7,31.9
2022-23,70,Ohio St,35.8,34.7,32,35.5,36.4,32.3
2022-23,72,Southern Miss,35.8,38.7,37,39.6,33.1,37.6
2022-23,73,Tulsa,35.7,33.7,32,39.8,32.3,42.8
2022-23,74,Georgia Tech,35.6,34.7,28,33.8,36.7,37
2022-23,75,Kentucky,35.6,33,32,34.7,36.8,38.8
2022-23,76,San Diego St,35.5,28.3,32,35.2,35.8,40.2
2022-23,77,Ohio,35.4,40.3,38,38.4,33.5,37
2022-23,78,New Mexico St,34.9,41,40,33,36,30.6
2022-23,79,New Mexico,34.7,28.7,35,34.6,34.8,38.7
2022-23,80,Rice,34.7,35.7,31,34.8,34.6,38.3
2022-23,81,Virginia Tech,34.6,41.3,59,33,35.7,41.6
2022-23,82,Kansas,34.5,31,33,36.8,32.9,35.7
2022-23,83,UL Monroe,34.5,31.3,33,35,34.1,41.6
2022-23,84,Alabama,34.4,34.3,33,36.2,32.7,36.6
2022-23,85,Nebraska,34.4,31,35,38.7,29.2,38.6
2022-23,86,Louisiana,34.3,34,33,39,31,40.8
2022-23,87,Nevada,34.1,36.3,41,33.8,34.3,26.4
2022-23,88,Rutgers,34,35.3,27,33.2,34.7,38.4
2022-23,89,Middle Tenn,33.9,35.3,30,28.3,36.8,35.3
2022-23,90,Miami,33.9,31.7,27,33.8,34,33.3
2022-23,91,Syracuse,33.8,34,34,33.2,34.3,40.6
2022-23,92,Ball St,33.7,31.3,36,31.8,35.3,33.6
2022-23,93,USC,33.7,32.7,32,34.9,32.6,33.3
2022-23,94,UNLV,33.6,34.3,28,34.4,33,31.9
2022-23,95,NC State,33.3,24.7,18,39.2,27.5,30.9
2022-23,96,Fresno St,32.9,33.7,32,32.2,33.4,33.1
2022-23,97,Indiana,32.7,42.7,44,32.7,32.8,34
2022-23,98,Cincinnati,32.7,41.3,38,31.2,33.7,32.9
2022-23,99,BYU,32.6,41,41,32.6,32.6,36.8
2022-23,100,Purdue,32.5,31.7,36,35.8,30.5,29.7
2022-23,101,Iowa St,32.5,36.7,31,31.8,33.2,31.4
2022-23,101,Louisiana Tech,32.5,33.3,33,35,31,33.9
2022-23,103,Colorado St,32.4,29.7,34,35,30.2,43.1
2022-23,104,Iowa,32.3,28.3,24,32.8,31.7,36.1
2022-23,105,Colorado,32.1,31,25,32.3,31.8,35.4
2022-23,106,E Carolina,31.9,28.3,31,33,30.8,40.2
2022-23,107,Hawai'i,31.8,32,26,34.3,29.2,31.8
2022-23,108,South Carolina,31.7,30.3,22,33,30.3,34.8
2022-23,108,Virginia,31.7,32,24,33.2,29.8,27.9
2022-23,110,Stanford,31.6,25.7,19,28.8,34,27.1
2022-23,111,Texas St,31.3,33.3,37,33.4,29.5,36.2
2022-23,112,Akron,30.9,32.3,25,32.5,30,35.6
2022-23,113,Houston,30.8,28,37,32.2,29.6,35.8
2022-23,114,Bowling Green,30.7,23,21,34,28.3,29.7
2022-23,115,Arizona St,30.5,32.3,38,26.2,34.2,37.1
2022-23,116,Charlotte,30.4,36.3,32,32.4,28.7,34.6
2022-23,117,Texas A&M,30.3,37.3,50,31.8,28.4,33.5
2022-23,118,Washington,30,31.7,28,33,27,31
2022-23,118,Michigan St,30,36,25,33.1,25.6,36.6
2022-23,118,Florida Intl,30,25.7,19,28,31.7,30.8
2022-23,121,Boston College,29.9,31.7,36,31.6,28.5,39.7
2022-23,122,Arkansas St,29.7,24,25,27.8,31.3,28.1
2022-23,123,W Kentucky,29.1,29.3,26,29.6,28.8,24.8
2022-23,124,Arizona,28.7,28.7,28,26.2,31.8,35.9
2022-23,125,San Jose St,28.5,31,25,29.6,27.5,29.6
2022-23,126,Georgia So,28.3,23.3,20,24.4,31,42.4
2022-23,127,Washington St,28.2,33.7,28,27.8,28.5,30.7
2022-23,128,California,25.9,18.7,18,27.8,23.6,33.4
2022-23,129,Old Dominion,25.5,27.3,25,26.2,24.8,36.6
2022-23,130,Temple,25.3,20,15,25.7,24.8,30
2022-23,131,Mississippi St,23.3,24.7,22,23.2,23.5,21.3
2023-24,1,Air Force,55.3,56.7,63,57.8,54,60.8
2023-24,2,Jacksonville St,49.3,54,74,50.6,48.3,49
2023-24,3,Army,49,53.3,47,47,50.3,53.6
2023-24,4,Liberty,47.9,45,28,48.9,46.5,38.6
2023-24,5,Navy,45.6,43.3,35,47.6,44,58.6
2023-24,6,S Florida,44.7,40,44,42.8,46,37.5
2023-24,7,Tulsa,43.5,36.3,33,46.8,40.7,35.7
2023-24,8,West Virginia,43,37.7,30,46.2,40.7,36.4
2023-24,9,Cincinnati,42.9,40,42,42.5,43.4,32.7
2023-24,10,Utah,42.5,47,51,44.8,40.2,39.8
2023-24,11,Mississippi,41.8,44.3,47,40.2,43.5,48
2023-24,11,Boston College,41.8,37,41,37.5,46.2,29.9
2023-24,13,Kansas St,41.1,43.7,40,44.5,37.7,40.2
2023-24,14,Southern Miss,40.7,45.3,42,42.6,39.2,35.8
2023-24,15,Texas St,40.7,40.3,42,42.2,39.6,31.3
2023-24,16,Alabama,40.6,42.7,43,41.7,39.7,34.4
2023-24,17,UCLA,40.4,39,36,40,40.7,39.7
2023-24,18,Boise St,40.3,42,37,42.2,39.1,38.5
2023-24,19,Clemson,40.2,46.7,39,43,37.3,39.9
2023-24,20,Oklahoma,39.9,36.3,34,44,36.4,44.7
2023-24,21,Syracuse,39.8,47,41,39.2,40.3,33.8
2023-24,21,Nebraska,39.8,36.7,30,38.6,41.6,34.4
2023-24,23,SMU,39.8,36.7,31,42,38.4,38.5
2023-24,24,UTSA,39.7,41,41,38.5,40.7,39.5
2023-24,25,Arkansas,39.6,42.3,41,41.3,37.6,47.4
2023-24,26,Georgia St,39.6,40,49,38.8,40.1,47.9
2023-24,26,UCF,39.6,39,34,41.6,38.1,43.5
2023-24,28,Wake Forest,39.4,27.7,29,41.6,37.5,38.3
2023-24,29,Ball St,39.2,49.7,53,43.6,35.5,33.7
2023-24,30,Auburn,39.2,34.3,35,38.3,40,40.6
2023-24,31,Minnesota,38.8,34.7,44,41,36.3,43.9
2023-24,32,North Carolina,38.8,31.3,41,41,36.5,36
2023-24,32,Rutgers,38.8,44,45,42.5,35,34
2023-24,34,Purdue,38.5,48.3,47,37.7,39.6,32.5
2023-24,35,Tulane,38.4,33.3,33,39.1,37.5,39.5
2023-24,36,Kansas,38.3,38,39,43.2,33.5,34.5
2023-24,37,Virginia Tech,38.3,34.3,50,38,38.6,34.6
2023-24,37,UNLV,38.3,28,24,39.8,37,33.6
2023-24,39,Georgia Tech,38.3,44.7,53,37,39.1,35.6
2023-24,40,Missouri,38.1,42.7,53,36.5,39.7,37.4
2023-24,40,Tennessee,38.1,37,54,35.5,40.7,39.8
2023-24,42,Nevada,38,36.7,25,37.6,38.3,34.1
2023-24,43,Penn St,37.9,35.3,28,41,34.8,37.5
2023-24,43,Utah St,37.9,41.3,32,42.8,34.4,42.8
2023-24,45,California,37.8,37,32,39.8,36.4,25.9
2023-24,46,App State,37.8,38.3,41,35.2,39.4,40.5
2023-24,47,Texas,37.6,37,28,39.3,36.4,36.2
2023-24,48,Louisville,37.6,40.7,45,40.2,35.4,39.6
2023-24,49,Charlotte,37.5,36.7,40,37.4,37.7,30.4
2023-24,50,W Michigan,37.5,34.7,41,41,35.4,40
2023-24,51,Michigan,37.3,34,36,35.6,38.9,42.9
2023-24,52,N Texas,37.1,42.7,48,35,38.8,37.5
2023-24,52,Virginia,37.1,35.3,29,34.8,39,31.7
2023-24,54,Toledo,37,30.3,19,38,36.4,41.2
2023-24,54,San Diego St,37,42,53,37.8,36,35.5
2023-24,56,Old Dominion,36.9,34,31,36.8,37,25.5
2023-24,57,Buffalo,36.8,38.3,30,34.6,38.7,42.2
2023-24,58,New Mexico,36.7,43,47,39.6,34.3,34.7
2023-24,59,Ohio,36.7,44.7,46,35.6,37.4,35.4
2023-24,60,C Michigan,36.6,35.3,37,40.3,34.6,36.2
2023-24,61,Georgia,36.2,39,47,34.5,37.7,37.5
2023-24,62,Louisiana,36.2,34.3,35,38.4,34.6,34.3
2023-24,62,S Alabama,36.2,39,37,38,34.3,38.4
2023-24,62,Texas Tech,36.2,31.3,37,34,37.7,41.3
2023-24,65,UTEP,36.1,33,28,35.8,36.3,38.5
2023-24,66,N Illinois,36.1,44,42,37,35.4,40.4
2023-24,66,NC State,36.1,41,33,31.8,40.3,33.3
2023-24,68,UAB,36,35.7,31,41.2,31.7,40.9
2023-24,69,Coastal Car,35.8,26.7,40,35.8,35.9,39.4
2023-24,70,Wyoming,35.7,39,41,35.7,35.7,36
2023-24,71,Indiana,35.5,41,34,36.6,34.7,32.7
2023-24,72,Marshall,35.5,35.7,34,42.2,30.7,44.6
2023-24,73,Miami OH,35.4,36.3,42,37.8,34.3,36.7
2023-24,74,Notre Dame,35.3,42,48,33.6,36.6,40.9
2023-24,75,Kent St,35.1,30.7,34,34,35.7,42.6
2023-24,76,Wisconsin,34.9,39.3,34,34.4,35.5,38.7
2023-24,77,Iowa,34.7,33.3,36,35.9,33.6,32.3
2023-24,78,New Mexico St,34.4,37,35,37.2,32.9,34.9
2023-24,79,Texas A&M,34.4,37,25,35.8,33,30.3
2023-24,79,Arkansas St,34.4,32,27,38,31.9,29.7
2023-24,81,Northwestern,34.3,34,31,34.8,34,38.5
2023-24,82,UL Monroe,34.1,39.7,42,34,34.2,34.5
2023-24,83,Troy,34.1,31,26,37.5,31.1,35.9
2023-24,84,Oregon St,34,26.7,16,35.2,33.1,39.9
2023-24,85,Ohio St,33.7,32,33,34.8,32.9,35.8
2023-24,85,J Madison,33.7,28.3,18,31.2,35.4,43.5
2023-24,85,Miami,33.7,32.7,32,32.8,34.5,33.9
2023-24,88,Stanford,33.6,28.7,31,31,36.8,31.6
2023-24,89,Duke,33.6,32,38,35.2,32,37.3
2023-24,90,TCU,33.5,29,29,34,33,37.8
2023-24,91,Baylor,33.2,37.3,37,31.3,36.5,41
2023-24,92,E Michigan,33.2,37,31,31.6,34.3,38.8
2023-24,93,Florida,33.1,42,44,35.6,31,36.8
2023-24,94,Illinois,33,30,32,33.7,32,42.1
2023-24,95,Bowling Green,32.9,28,21,33.3,32.8,30.7
2023-24,96,Mississippi St,32.9,36.3,28,33.1,32.5,23.3
2023-24,97,Florida St,32.8,33.7,26,34,32,37.8
2023-24,98,UConn,32.7,33,46,36.2,29.8,39.3
2023-24,99,Middle Tenn,32.5,33,28,38,28,33.9
2023-24,100,Florida Intl,32.4,26.7,21,32.6,32.2,30
2023-24,101,Memphis,32.2,29,32,28,36.3,37.5
2023-24,101,San Jose St,32.2,31.3,25,32.4,32,28.5
2023-24,103,Oklahoma St,32.2,29.3,29,37.2,27.9,37.4
2023-24,104,UMass,32.1,28,26,31.6,32.5,43.4
2023-24,105,LSU,31.8,25.3,25,31.2,32.5,37
2023-24,106,E Carolina,31,32.3,37,31,31,31.9
2023-24,106,Louisiana Tech,31,27,25,36.8,26.2,32.5
2023-24,106,Oregon,31,25.7,29,32.5,29.7,38.3
2023-24,109,Arizona,30.9,25,26,30.4,31.3,28.7
2023-24,110,Arizona St,30.9,30,42,31.6,29.8,30.5
2023-24,111,Florida Atlantic,30.6,28.3,24,29.4,31.7,39.5
2023-24,112,BYU,30.5,37.7,37,33.4,28.2,32.6
2023-24,113,Michigan St,30,29,27,29.3,30.8,30
2023-24,114,Houston,29.9,27.3,31,28.3,32.2,30.8
2023-24,115,South Carolina,29.9,27,24,33.2,26,31.7
2023-24,116,Colorado,29.8,29.3,17,31.2,28.5,32.1
2023-24,117,Iowa St,29.6,21.3,20,30.4,29,32.5
2023-24,118,Sam Houston,29.4,30.3,28,35.3,26,27
2023-24,119,Akron,29.2,28,20,29.3,29.1,30.9
2023-24,120,Maryland,28.7,30.7,31,27.7,29.7,35.8
2023-24,121,Georgia So,28.6,26.3,21,32.4,25.9,28.3
2023-24,122,Vanderbilt,28.5,33.3,30,23.6,32.5,37.3
2023-24,123,Pittsburgh,28.3,28.7,32,29.4,27.3,39.8
2023-24,124,Rice,28,38.3,31,26.5,29.5,34.7
2023-24,125,USC,27.8,22,19,26.7,29.2,33.7
2023-24,126,Fresno St,27.7,21,25,25.2,29.4,32.9
2023-24,127,W Kentucky,27.6,32.7,35,27,28,29.1
2023-24,128,Colorado St,27.5,35.7,29,27.6,27.5,32.4
2023-24,129,Washington St,27.5,32,27,27.8,27.2,28.2
2023-24,130,Washington,27.3,29,19,24.3,30,30
2023-24,131,Temple,26.4,23.3,23,24.7,28.4,25.3
2023-24,132,Kentucky,26.3,25,23,26.2,26.5,35.6
2023-24,133,Hawai'i,23.9,29,24,22.2,25.7,31.8
2024-25,1,Air Force,56.2,61.7,52,58.8,54,54.8
2024-25,2,Army,54.3,53,64,54.7,54,49
2024-25,3,Jacksonville St,45.9,43.7,32,49,42.9,49.3
2024-25,4,Tennessee,44.8,41.7,39,46.8,42.8,38.1
2024-25,5,Liberty,44.7,44.7,35,51.4,39.2,47.9
2024-25,6,Navy,44.4,45,39,41.5,45.9,45.6
2024-25,7,N Illinois,43.4,43.3,48,45,42.3,36.1
2024-25,8,Sam Houston,42.8,38.3,32,43.2,42.5,29.4
2024-25,8,UNLV,42.8,39.3,41,37.8,45.9,38.3
2024-25,10,Arizona St,42.2,42.7,49,44,40.9,30.9
2024-25,11,South Carolina,42.1,37,33,45.3,38.8,29.9
2024-25,12,UCF,42,38.3,44,43,40.8,39.5
2024-25,13,West Virginia,41.4,41.7,36,41.3,41.5,43
2024-25,14,UMass,41,43,42,40.3,41.5,32.1
2024-25,15,Texas A&M,40.7,38.7,30,39,42.3,34.4
2024-25,16,New Mexico St,40.6,43.3,56,45.6,36.5,34.5
2024-25,17,Tulane,40.6,24.7,27,39.4,41.4,38.4
2024-25,18,Buffalo,40.6,49.7,56,43.4,38.6,36.8
2024-25,19,Ohio,40.5,43.3,43,40.2,40.8,36.7
2024-25,20,Texas St,40.3,45.7,43,37.2,43.5,40.6
2024-25,21,Boston College,40.3,38.3,26,43.2,37.3,41.8
2024-25,22,J Madison,40.1,45.3,46,41.4,39.1,33.7
2024-25,22,Old Dominion,40.1,45,52,40.2,40,36.9
2024-25,24,Missouri,40,44.7,31,41.5,38.5,37.8
2024-25,25,Boise St,39.8,41.7,40,42.7,37.3,40.3
2024-25,26,UConn,39.7,34.7,46,44.2,35.2,32.7
2024-25,27,E Michigan,39.4,33.7,36,41.4,37.7,33.2
2024-25,28,Rutgers,39.3,43,36,37.3,41.2,38.8
2024-25,29,Marshall,39.2,41.3,44,38,40,35.5
2024-25,30,Oklahoma,39,42.3,40,39,39,39.9
2024-25,31,New Mexico,38.9,44.3,49,36.3,40.4,36.7
2024-25,32,Oregon St,38.7,29,20,43.5,33,34
2024-25,33,Mississippi,38.5,39.7,33,37.3,39.7,41.8
2024-25,34,C Michigan,38.5,39,31,40.2,37,36.6
2024-25,35,Penn St,38.4,41,42,40.3,36.6,37.9
2024-25,36,Kennesaw St,38.4,34.3,30,39.4,37.5,34
2024-25,37,Arkansas,38.3,39.7,44,35.2,41.3,39.6
2024-25,37,Iowa,38.3,40,36,39.8,36.7,34.7
2024-25,39,Georgia Tech,38.1,39.7,36,41.8,36.3,38.3
2024-25,40,Iowa St,38,35.3,31,42.8,33.9,29.6
2024-25,41,North Carolina,37.9,27,28,37.7,38.2,38.8
2024-25,42,Virginia Tech,37.8,41,30,35.3,40,38.3
2024-25,43,Kansas,37.8,40.3,31,41,35.2,38.3
2024-25,44,UL Monroe,37.6,36.7,36,38.8,36.7,34.1
2024-25,45,Wyoming,37.5,34.7,40,38,37.2,35.7
2024-25,46,SMU,37.5,33.7,36,37.5,37.6,39.6
2024-25,47,Michigan,37.4,42.7,51,35.5,40.4,37.4
2024-25,48,Florida Atlantic,37.4,41.3,43,39.8,35.3,30.6
2024-25,49,Baylor,37.3,44,33,39.6,35.7,33.2
2024-25,50,Tulsa,37.3,37,28,34.8,39.3,43.5
2024-25,51,Wake Forest,37.2,38.3,43,36.5,38,39.4
2024-25,52,S Florida,37.1,38.7,34,33.8,39.4,44.7
2024-25,52,Alabama,37.1,37.7,29,41.5,32.7,40.5
2024-25,54,Indiana,37,37.3,27,40,32.8,35.5
2024-25,55,Louisiana Tech,36.9,32.3,22,41.2,33.9,31
2024-25,55,Washington St,36.9,30.7,31,42,33.3,27.5
2024-25,57,Texas Tech,36.8,36.3,37,37.7,36,36.2
2024-25,57,W Michigan,36.8,36.3,34,40.5,35,37.5
2024-25,59,Stanford,36.8,36.3,32,35.4,38,33.6
2024-25,60,Arkansas St,36.7,36,30,38,35.7,34.4
2024-25,61,UTSA,36.6,32,31,40,34.1,39.7
2024-25,62,Troy,36.5,39.7,44,42.4,31.7,34.1
2024-25,62,UTEP,36.5,37.7,30,41.8,33.6,36.1
2024-25,64,Texas,36.4,35.3,29,39,33.9,37.6
2024-25,65,Coastal Car,36.4,39.3,41,32.7,40.2,35.8
2024-25,66,E Carolina,36.3,43,38,34,37.9,31
2024-25,67,Kentucky,36.1,33.3,33,35.3,37.5,26.3
2024-25,68,Vanderbilt,36,29.7,34,38.2,33.8,28.5
2024-25,69,Notre Dame,35.9,37,41,34.1,37.5,35.3
2024-25,70,Cincinnati,35.9,36,40,39.2,33.2,43
2024-25,70,Virginia,35.9,34.3,32,34.2,37.3,37.1
2024-25,72,Houston,35.8,32.3,37,35.8,35.8,29.9
2024-25,73,Florida,35.7,42.3,44,31.8,39.5,33.1
2024-25,73,Kansas St,35.7,37,40,35.6,35.7,41
2024-25,75,Utah St,35.5,47,49,38.4,33.2,37.9
2024-25,76,App State,35.5,39,39,34.5,36.2,37.8
2024-25,77,Oregon,35.5,36,28,35,35.9,31
2024-25,78,Colorado St,35.3,29.3,30,37,33.7,27.5
2024-25,79,Southern Miss,35.2,40.7,30,35.4,35,40.7
2024-25,80,Memphis,35.2,39.3,30,37,33.3,32.2
2024-25,81,Auburn,35.1,34,23,35.3,34.8,39.2
2024-25,82,Nebraska,35.1,35.7,28,38.5,31.7,39.8
2024-25,83,San Diego St,34.9,36,35,34,35.7,37
2024-25,83,Mississippi St,34.9,30,30,35.5,34.2,32.9
2024-25,85,Louisiana,34.8,35,33,31.7,37.6,36.2
2024-25,86,Nevada,34.8,27.7,28,38.2,31.3,38
2024-25,87,S Alabama,34.7,30.7,38,37,33,36.2
2024-25,88,Wisconsin,34.6,27.7,24,35.5,33.6,34.8
2024-25,89,Georgia So,34.3,40,42,33.6,34.9,28.6
2024-25,90,Clemson,34.2,29.3,24,35.3,33.1,40.2
2024-25,91,Florida Intl,34.1,37.3,39,36,32.5,32.4
2024-25,92,BYU,34.1,34.7,42,32.6,35.1,30.5
2024-25,93,Illinois,34,35.3,34,33.2,34.8,33
2024-25,94,California,33.8,36.7,43,30.7,37,37.8
2024-25,95,Charlotte,33.1,31.3,35,35,31.5,37.5
2024-25,95,Kent St,33.1,34.3,36,31.5,34,35.1
2024-25,97,Toledo,33.1,30.7,25,29.8,35.4,37
2024-25,98,Utah,33,30,32,30,35.5,42.5
2024-25,99,Pittsburgh,32.9,39.7,66,29.3,36.5,28.3
2024-25,99,Miami,32.9,34,39,33.2,32.7,33.7
2024-25,101,Louisville,32.8,42.7,32,32,33.4,37.6
2024-25,102,Ohio St,32.8,29.3,24,32.9,32.7,33.7
2024-25,103,Bowling Green,32.7,29.7,24,34,31.7,32.9
2024-25,104,Michigan St,32.4,29,24,32.3,32.4,30
2024-25,105,NC State,32.3,36.7,35,30.3,34.3,36.1
2024-25,106,Washington,32.3,34.3,36,32,32.4,27.4
2024-25,107,Temple,31.9,35,29,32.3,31.5,26.4
2024-25,108,W Kentucky,31.6,27,20,32.2,31.3,27.7
2024-25,109,Florida St,31.3,38.3,44,29.3,33.6,32.8
2024-25,110,Georgia,31.1,30.7,29,32,30.5,36.2
2024-25,111,Maryland,30.9,27.3,31,30.8,31,28.8
2024-25,112,UAB,30.7,29.7,35,31,30.5,36
2024-25,113,Minnesota,30.4,36.7,36,31.7,29.2,38.8
2024-25,114,TCU,30.3,34.3,33,26.4,33,33.5
2024-25,115,Ball St,30.2,29,26,29.5,30.6,39.2
2024-25,116,Syracuse,30,31,26,29.3,30.7,39.5
2024-25,116,Georgia St,30,33,33,26.6,32.8,39.6
2024-25,118,Miami OH,29.5,28,34,32.3,27.4,35.4
2024-25,118,Duke,29.5,23.7,23,33.2,26.9,33.6
2024-25,120,LSU,29.3,29.3,27,27.3,31.3,31.8
2024-25,121,N Texas,29.3,32.7,24,27.4,30.6,37.1
2024-25,122,Northwestern,29.1,28,29,30.4,28,34.3
2024-25,123,Hawai'i,29,29.3,26,30.2,27.8,23.9
2024-25,124,Oklahoma St,28.8,31.7,31,22.8,33.8,32.2
2024-25,125,Purdue,28.7,23.7,24,29.4,28.2,38.5
2024-25,126,Akron,28.6,34.7,34,29.3,28.3,29.2
2024-25,127,Fresno St,28.2,23.7,27,32.4,25.1,27.7
2024-25,128,UCLA,28.1,30.3,32,28.8,27.3,40.5
2024-25,129,USC,28,29.3,31,29.8,26.4,27.8
2024-25,130,Arizona,27.8,28.3,27,29.7,25.6,30.9
2024-25,131,Middle Tenn,27.5,27.7,29,30.6,24.8,32.5
2024-25,132,Colorado,26.5,20.3,19,30,24,29.8
2024-25,133,Rice,24.5,29.3,40,27,22.3,28
2024-25,134,San Jose St,24.2,27,35,24,24.3,32.1
2025-26,1,Army,56.7,46.7,56,62.5,53.8,54.2
2025-26,2,Air Force,54.8,57.7,67,48.6,60,55.9
2025-26,3,Navy,49.1,54.3,51,47.4,50.3,44.5
2025-26,4,Rice,48.9,45.7,44,52.2,45.7,24.5
2025-26,5,Jacksonville St,46.5,43.7,43,46,46.9,45.9
2025-26,6,S Alabama,44.5,47.7,38,41.8,46.8,34.7
2025-26,7,Utah,44.1,42,45,45.4,43.1,33
2025-26,8,W Michigan,43.7,49.3,43,44.4,43.3,36.8
2025-26,9,E Carolina,43.5,43.3,42,44,43.1,36.3
2025-26,10,Missouri,43.3,41.7,32,44.3,42,40
2025-26,11,J Madison,43.3,41.7,35,45.8,41.1,40.1
2025-26,12,Old Dominion,43.3,55.3,55,46.8,40.7,40.1
2025-26,13,Mississippi St,42.8,45.7,42,44.2,41.3,34.9
2025-26,13,Texas St,42.8,42.7,41,43.8,42,40.3
2025-26,15,West Virginia,42.7,38,22,42.6,42.8,41.4
2025-26,16,Liberty,42.1,47.3,57,42.6,41.7,44.7
2025-26,17,Ohio,42.1,51.3,43,44.4,40.4,40.5
2025-26,18,Houston,41.9,44.7,46,39.8,43.4,35.8
2025-26,19,Louisiana Tech,41.8,49.7,47,46.6,38.3,36.8
2025-26,20,Florida St,41.3,39,37,44.5,37.4,31.3
2025-26,21,N Illinois,41.2,52,58,44.4,38.5,43.4
2025-26,22,Georgia,41.2,41.3,37,40.3,41.9,31.1
2025-26,23,San Diego St,41.1,44,46,42,40.4,34.8
2025-26,24,Indiana,41.1,41.3,40,42.5,40,37
2025-26,25,C Michigan,40.8,37.7,34,42.8,39.8,38.5
2025-26,26,Marshall,40.4,30,16,39.4,41.2,39.2
2025-26,27,Tulsa,40.3,43,42,41.2,39.5,37.3
2025-26,28,Texas Tech,40.1,41.7,30,39.7,40.4,36.8
2025-26,29,S Florida,39.8,39.3,35,44.4,36.6,37
2025-26,30,Arizona St,39.6,36,36,34.8,44.3,42.2
2025-26,31,Iowa St,39.5,46.3,48,38.6,40.3,38
2025-26,32,Boise St,39.5,37,28,41.5,37.9,39.8
2025-26,33,Kennesaw St,39.2,38,34,37.8,40,38.4
2025-26,34,Louisiana,39.1,40.7,39,42.8,36.4,34.8
2025-26,35,Bowling Green,38.6,42.7,48,38.6,38.7,32.7
2025-26,36,Auburn,38.5,37.3,36,37.7,39.6,35.1
2025-26,37,Mississippi,38.3,27.3,21,41.8,33.7,38.4
2025-26,38,Michigan,38.2,37.3,38,36.8,39.4,37.4
2025-26,39,Rutgers,38.1,42,42,40.2,35.6,39.1
2025-26,40,Virginia,38.1,38.7,41,40.2,36.3,35.9
2025-26,41,Ball St,37.9,40.3,36,39.5,37,30.2
2025-26,42,Texas A&M,37.6,32.7,35,38.9,35.8,40.7
2025-26,43,Iowa,37.5,40.7,37,36.8,38.2,38.3
2025-26,44,Tennessee,37.3,39.7,37,37,37.5,44.8
2025-26,45,Virginia Tech,37.2,36.3,31,39.2,34.8,37.6
2025-26,46,Florida Intl,37.1,36.3,28,38.2,36.3,34
2025-26,47,BYU,37.1,31.3,24,40.6,34.9,34.1
2025-26,48,Miami,36.7,38,51,37,36.4,32.8
2025-26,49,Tulane,36.6,40.3,34,36.6,36.7,40.6
2025-26,50,Memphis,36.6,32.7,36,36.2,36.9,35.2
2025-26,50,Fresno St,36.6,42,46,34.8,37.9,28.2
2025-26,52,Oregon,36.6,33,26,36.4,36.7,35.4
2025-26,53,N Texas,36.4,41,49,37.3,35.6,29.3
2025-26,54,Syracuse,36.4,44.7,41,31.6,40.3,30
2025-26,55,Georgia Tech,36.3,28,28,36.8,35.9,37.9
2025-26,56,Penn St,36.1,37,39,34.2,38,38.4
2025-26,56,Southern Miss,36.1,29.7,35,34.8,37.3,35.2
2025-26,58,Akron,35.9,39.7,37,33.8,37.7,28.6
2025-26,59,Colorado,35.8,38.3,47,35.6,36.2,26.5
2025-26,60,Kentucky,35.7,29.7,26,42.2,28,36.1
2025-26,61,New Mexico,35.7,37.7,38,39.2,33.1,38.9
2025-26,62,Toledo,35.4,35.7,40,35.6,35.3,32.9
2025-26,63,Arizona,35.3,38.3,36,34.8,35.8,27.8
2025-26,63,Notre Dame,35.3,32.7,38,36.1,34.2,35.5
2025-26,65,Wake Forest,35.3,33.7,35,36.2,34.3,37.1
2025-26,65,Wisconsin,35.3,34,28,39.1,29.8,34.6
2025-26,67,UL Monroe,35.2,34,43,33,36.4,37.6
2025-26,68,Coastal Car,35.2,25.3,25,38.2,33,36.4
2025-26,69,Illinois,35.1,34.7,39,36.8,33.3,34.2
2025-26,70,Kansas,34.9,37.3,51,39.3,29.6,37.8
2025-26,71,UNLV,34.8,32,29,32.2,36.5,42.8
2025-26,72,Georgia So,34.8,34,38,35,34.6,34.3
2025-26,72,Washington St,34.8,37.3,41,36,33.9,36.9
2025-26,74,Washington,34.7,35.3,34,36,33.3,32.3
2025-26,75,Nebraska,34.4,35,37,35,33.8,35.2
2025-26,76,Miami OH,34.4,33,26,36.6,33,29.5
2025-26,76,Troy,34.4,32.7,32,34.6,34.3,36.5
2025-26,78,Arkansas St,34.3,31.3,25,38,31.6,36.8
2025-26,78,Northwestern,34.3,31.3,26,38.7,29.8,29.1
2025-26,80,South Carolina,34.1,30.3,19,34.3,33.8,42.1
2025-26,80,Kansas St,34.1,38.3,43,36,32.5,35.8
2025-26,82,TCU,34,39.7,31,38.4,30.9,30.3
2025-26,83,UTSA,33.9,34,39,33.2,34.4,36.6
2025-26,84,Pittsburgh,33.8,33.7,40,28.5,39,33
2025-26,85,Oklahoma,33.6,31,33,32.6,35,39
2025-26,86,Ohio St,33.5,32.3,24,32.8,34.1,33.3
2025-26,87,Nevada,33.5,38.3,33,32.8,34,34.8
2025-26,88,Baylor,33.4,34.7,26,28.3,39.4,37.3
2025-26,89,Utah St,33.3,35.7,26,35.4,31.9,35.5
2025-26,89,NC State,33.3,39,33,36.8,29.8,32.3
2025-26,91,Oregon St,33.3,34.7,29,38.2,27.4,38.7
2025-26,92,E Michigan,33.2,32.7,23,31.4,34.7,39.4
2025-26,92,Arkansas,33.2,30.3,25,30.8,36,38.3
2025-26,94,Oklahoma St,32.9,27.3,23,32.7,33.2,28.7
2025-26,94,Kent St,32.9,31.3,36,37.5,30.3,33
2025-26,96,Texas,32.8,32,33,36.3,29.7,36.6
2025-26,97,UAB,32.7,44.3,55,33.6,32,30.7
2025-26,98,Stanford,32.7,34,30,33.2,32.2,36.8
2025-26,99,Duke,32.6,39,34,30.6,33.9,29.5
2025-26,99,USC,32.6,28.3,33,31.7,33.7,27.7
2025-26,101,Louisville,32.6,38.3,36,32.4,32.8,32.9
2025-26,102,Michigan St,32.5,26.7,31,32.8,32.2,32.4
2025-26,103,Missouri St,32.3,31,37,32.8,32,23
2025-26,104,UCF,32.2,27.7,19,35,28.8,42
2025-26,105,Wyoming,32.1,27.7,28,28.4,35.2,37.5
2025-26,106,Buffalo,31.8,33,32,34.3,28.8,40.5
2025-26,106,UTEP,31.8,32,33,30.6,32.8,36.5
2025-26,108,W Kentucky,31.8,31,33,33.4,30.6,31.6
2025-26,109,App State,31.7,37.3,33,34.6,29.6,35.3
2025-26,110,Delaware,31.6,30.7,30,34.6,29.4,
2025-26,110,Clemson,31.6,31.7,25,29.2,34,34.2
2025-26,112,Temple,31.5,26,37,29.2,33.5,31.9
2025-26,113,Florida,31.5,33.3,45,35.4,28.2,35.7
2025-26,114,Cincinnati,31.3,26.7,38,32,30.7,35.9
2025-26,115,UCLA,31.2,24.3,26,32.7,29.7,28.2
2025-26,116,Vanderbilt,30.9,28,22,32.7,29.2,36
2025-26,117,UConn,30.8,31,30,31.6,30.3,39.7
2025-26,117,Sam Houston,30.8,30.3,38,35,27.9,42.6
2025-26,119,Boston College,30.7,31.7,29,33.5,27.4,40
2025-26,120,SMU,30.7,33,32,31.4,30.1,37.3
2025-26,121,Georgia St,30.4,33,30,28.8,31.7,30
2025-26,122,Alabama,29.7,19.3,17,31.2,28.6,37.1
2025-26,123,New Mexico St,29.5,32,27,29,30,40.6
2025-26,124,Purdue,29.4,26.3,27,26.7,32.6,28.7
2025-26,125,California,29.3,30.3,29,29,29.6,33.8
2025-26,126,Florida Atlantic,29.3,27.7,22,28.2,30.2,37.4
2025-26,127,Charlotte,29.2,22.7,21,32.8,26.2,33.1
2025-26,128,Colorado St,28.8,17,9,31,26.2,35.3
2025-26,128,UMass,28.8,31,29,29.8,28,41
2025-26,130,North Carolina,28.6,24.3,24,27.4,29.7,37.9
2025-26,131,Hawai'i,28.6,27.3,23,29.1,27.8,29
2025-26,132,LSU,28.3,30,24,31.2,25.3,29.3
2025-26,133,Minnesota,27.4,27,32,28.2,26.7,30.4
2025-26,134,Middle Tenn,26.6,30,33,23.6,29.2,27.5
2025-26,135,San Jose St,26.2,29.3,26,25.8,26.5,24.2
2025-26,136,Maryland,23.8,19.7,16,25,22.4,30.9
